# CPU ms: 8 parameterised Chinook queries (sqlite3)
0.017901
0.242349
0.048115
0.100493
0.743069
0.476510
0.016385
0.188093
0.049242
0.383983
0.231884
0.008399
0.007220
0.144631
0.623105
0.037151
0.180024
0.027276
0.010925
0.174919
0.194718
0.014287
0.177759
0.022678
0.572323
0.639898
0.027348
0.011315
0.561208
0.014236
0.190502
0.184579
0.010100
0.637685
0.027179
0.397522
0.181281
0.419679
0.182724
0.009489
0.198420
0.013906
0.393460
0.197837
0.455012
0.030873
0.011311
0.190147
0.211806
0.025776
0.066148
0.176082
0.007464
0.224767
0.469748
0.227152
0.014269
0.023006
0.178604
0.025935
0.659020
0.190277
0.682157
0.619396
0.439205
0.394401
0.458534
0.619420
0.155898
0.021400
0.182352
0.204505
0.072697
0.656788
0.407327
0.010318
0.631813
0.042388
0.452021
0.640787
0.606878
0.423053
0.187164
0.220002
0.020048
0.177712
0.414364
0.013173
0.190063
0.639853
0.185277
0.185649
0.179494
0.176917
0.188373
0.199943
0.179887
0.177673
0.012196
0.637240
0.012494
0.180563
0.010468
0.208703
0.314490
0.412856
0.618338
0.638547
0.012772
0.183026
0.011328
0.417643
0.028506
0.189595
0.176554
0.182910
0.417319
0.178518
0.219036
0.636389
0.400059
0.025066
0.007993
0.174073
0.210650
0.014245
0.175873
0.168025
0.023041
0.177663
0.162639
0.402505
0.174060
0.024284
0.142247
0.170322
0.007681
0.162761
0.022167
0.643102
0.146121
0.011560
0.607507
0.385821
0.353411
0.590205
0.166734
0.617433
0.026848
0.481865
0.184396
0.496883
0.169750
0.181387
0.169422
0.024691
0.183961
0.158273
0.616674
0.386285
0.181731
0.007678
0.145559
0.189393
0.374138
0.023958
0.019738
0.007318
0.162441
0.301039
0.203104
0.399162
0.186315
0.622099
0.182967
0.024470
0.660475
0.015613
0.023816
0.185771
0.648000
0.511277
0.180866
0.012384
0.676325
0.027459
0.416209
0.016387
0.181722
0.388707
0.399954
0.015265
0.609497
0.428049
0.153365
0.206419
0.012390
0.511493
0.246279
0.044356
0.243180
0.031348
0.662156
0.192375
0.438784
0.013282
0.436823
0.506240
0.009385
0.011307
0.214612
0.183584
0.025005
0.010212
0.022127
0.007345
0.177993
0.021566
0.010119
0.189070
0.020709
0.426152
0.646902
0.429898
0.042761
0.010949
0.491850
0.643985
0.491944
0.030463
0.634615
0.027266
0.010901
0.629514
0.025663
0.177578
0.048465
0.182210
0.269010
0.210365
0.175012
0.493914
0.413861
0.013554
0.230199
0.014846
0.014143
0.175737
0.191357
0.212440
0.013787
0.263271
0.475675
0.011395
0.019263
0.007151
0.231420
0.261562
0.421411
0.642574
0.176270
0.026499
0.021536
0.021491
0.170720
0.011133
0.201822
0.190158
0.011420
0.174645
0.024670
0.010154
0.174701
0.146989
0.194925
0.195790
0.214985
0.201218
0.645904
0.189452
0.014980
0.187375
0.235830
0.297194
0.020717
0.255051
0.874237
0.016250
0.662337
0.032852
0.205250
0.188869
0.179444
0.008387
0.010255
0.010832
0.009151
0.182624
0.211197
0.646446
0.638166
0.555833
0.200484
0.181974
0.030803
0.190831
0.529712
0.183571
0.011894
0.186145
0.176373
0.175398
0.025179
0.013650
0.009042
0.283718
0.025927
0.032741
0.656143
0.021407
0.010911
0.633713
0.188421
0.185278
0.420771
0.189880
0.179444
0.419374
0.179475
0.025544
0.387050
0.018139
0.151641
0.406841
0.026070
0.209804
0.174361
0.023006
0.204099
0.466676
0.018740
0.022975
0.020766
0.629721
0.186362
0.150017
0.174520
0.032538
0.024457
0.640312
0.013828
0.395966
0.216936
0.013153
0.185644
0.175217
0.681064
0.027167
0.459200
0.516000
0.013679
0.176281
0.176462
0.013057
0.721907
0.211581
0.644089
0.189886
0.182587
0.530706
0.636837
0.431966
0.487387
0.030933
0.008987
0.189088
0.185751
0.012358
0.054485
0.217683
0.184784
0.025299
0.182122
0.640126
0.452393
0.029073
0.487558
0.392506
0.154700
0.337663
0.672213
0.234389
0.613040
0.193262
0.436897
0.015614
0.186030
0.213188
0.220469
0.508867
0.193582
0.177300
0.012918
0.024524
0.017803
0.421248
0.013515
0.394349
0.190476
0.411789
0.182293
0.304895
0.025112
0.203108
0.191675
0.293928
0.178309
0.632963
0.018651
0.011286
0.009579
0.022917
0.148975
0.310929
0.665067
0.266492
0.011949
0.642860
0.396743
0.690741
0.394656
0.236842
0.181266
0.026393
0.271459
0.642356
0.190704
0.184021
0.177020
0.192480
0.014767
0.616824
0.188405
0.029495
0.190819
0.012390
0.177799
0.212204
0.436935
0.214069
0.396723
0.490543
0.179480
0.011159
0.011185
0.175492
0.259003
0.191419
0.025808
0.021313
0.194709
0.184470
0.023433
0.631368
0.014875
0.019355
0.178405
0.184438
0.488863
0.414716
0.178782
0.390133
0.648664
0.185909
0.281424
0.013377
0.025258
0.010469
0.009782
0.009153
0.175594
0.615813
0.206318
0.420783
0.651737
0.028882
0.188820
0.010649
0.642769
0.184755
0.008534
0.023241
0.614507
0.413635
0.013260
0.385377
0.011273
0.185192
0.207944
0.022788
0.627466
0.646780
0.182929
0.632750
0.026116
0.027132
0.506988
0.007767
0.649443
0.388915
0.675631
0.013908
0.023522
0.021037
0.009814
0.008309
0.020616
0.628660
0.455413
0.416511
0.014347
0.184773
0.622849
0.197667
0.026306
0.607029
0.177870
0.040325
0.019363
0.632261
0.417395
0.026879
0.020939
0.190956
0.606934
0.195721
0.496630
0.023456
0.172112
0.010293
0.413022
0.177420
0.384099
0.152356
0.636148
0.012368
0.010183
0.607986
0.012571
0.172034
0.169450
0.418176
0.195205
0.172858
0.024010
0.020546
0.643123
0.391154
0.633396
0.633287
0.021426
0.024204
0.021775
0.010304
0.015610
0.518011
0.025033
0.021831
0.367289
0.010061
0.173369
0.206577
0.170711
0.011243
0.371652
0.169237
0.319609
0.025906
0.595876
0.206018
0.034325
0.022906
0.178749
0.207853
0.615678
0.013250
0.174229
0.593887
0.030247
0.021883
0.663726
0.026330
0.010884
0.446298
0.029505
0.219336
0.011788
0.204297
0.011187
0.175980
0.462771
0.186079
0.209357
0.421652
0.014190
0.169130
0.184888
0.184619
0.148834
0.409450
0.182930
0.173943
0.144323
0.012364
0.022416
0.009935
0.183854
0.402687
0.598876
0.191200
0.024662
0.251238
0.663306
0.148044
0.450449
0.255581
0.018445
0.006794
0.194791
0.596336
0.024062
0.615203
0.175399
0.610675
0.170126
0.166980
0.013924
0.007831
0.023318
0.009914
0.604876
0.173300
0.172451
0.010050
0.139433
0.166079
0.192688
0.184205
0.011278
0.162016
0.010025
0.009368
0.183840
0.496887
0.146480
0.183350
0.625778
0.620596
0.473665
0.586557
0.187254
0.191806
0.019597
0.189029
0.418443
0.028269
0.642302
0.015080
0.010453
0.178510
0.176480
0.492575
0.420719
0.013076
0.026421
0.477973
0.010317
0.609292
0.202664
0.013356
0.310326
0.188908
0.632990
0.026651
0.154282
0.391619
0.011210
0.736586
0.024545
0.053558
0.012373
0.150163
0.211801
0.151252
0.012245
0.008987
0.181171
0.011018
0.172804
0.023988
0.010272
0.642754
0.027605
0.172896
0.167200
0.015270
0.154901
0.292515
0.187728
0.172585
0.635711
0.187796
0.206280
0.012492
0.011755
0.181447
0.177049
0.203553
0.012946
0.010459
0.009602
0.178436
0.392496
0.009853
0.032050
0.184540
0.009621
0.022877
0.027257
0.039363
0.008951
0.266917
0.185498
0.183718
0.013362
0.029514
0.009196
0.185331
0.023263
0.425679
0.009901
0.014484
0.644359
0.180090
0.013227
0.634778
0.016820
0.203161
0.012590
0.389413
0.026560
0.020979
0.009470
0.635954
0.620959
0.199242
0.152054
0.496390
0.177515
0.200318
0.013573
0.190729
0.024508
0.007380
0.205750
0.012592
0.476550
0.025929
0.010757
0.009857
0.187500
0.305400
0.023526
0.509457
0.486417
0.023660
0.418606
0.487804
0.632279
0.026276
0.149126
0.217629
0.012981
0.629366
0.025467
0.183382
0.177610
0.022027
0.631780
0.009539
0.459283
0.284154
0.192996
0.607559
0.490711
0.210907
0.013368
0.014194
0.305220
0.200822
0.394149
0.018109
0.016114
0.175785
0.632036
0.025619
0.186498
0.259646
0.515715
0.178326
0.184429
0.181546
0.663707
0.393056
0.329125
0.015616
0.031972
0.009067
0.191568
0.149740
0.010888
0.513671
0.013417
0.007298
0.023936
0.010311
0.007012
0.018200
0.548797
0.445161
0.191553
0.012578
0.466969
0.415995
0.425026
0.334096
0.028610
0.029805
0.180608
0.007183
0.010757
0.447905
0.210845
0.025457
0.188094
0.012057
0.301316
0.148735
0.173942
0.328411
0.182902
0.637917
0.178364
0.008425
0.480528
0.013149
0.196207
0.024183
0.407613
0.634882
0.027111
0.011158
0.610481
0.186641
0.022005
0.473236
0.197081
0.173591
0.018007
0.191707
0.206195
0.022240
0.011748
0.022378
0.182981
0.198532
0.167877
0.169310
0.205046
0.011689
0.180314
0.618105
0.025238
0.024955
0.412672
0.012399
0.010060
0.183762
0.152199
0.417740
0.186007
0.178739
0.011819
0.009712
0.007749
0.177785
0.187500
0.015344
0.209807
0.182183
0.418290
0.415532
0.016421
0.174343
0.629883
0.402639
0.152330
0.625639
0.611851
0.019557
0.212441
0.184992
0.012340
0.203375
0.014131
0.174583
0.181953
0.011281
0.023392
0.631960
0.400524
0.205970
0.181728
0.024601
0.180228
0.174867
0.630036
0.152283
0.517217
0.645680
0.013984
0.640441
0.309328
0.263698
0.050188
0.218514
0.009558
0.184828
0.024708
0.178313
0.258156
0.196153
0.613748
0.183327
0.318660
0.407562
0.398534
0.027731
0.030835
0.181659
0.011164
0.023591
0.183198
0.007553
0.010573
0.021034
0.663084
0.015184
0.010036
0.009716
0.152166
0.021654
0.020940
0.613142
0.194701
0.018784
0.388799
0.185364
0.319864
0.022935
0.184892
0.200194
0.013770
0.373069
0.199121
0.012913
0.177242
0.169908
0.181928
0.023895
0.164039
0.021740
0.007308
0.612520
0.300959
0.179825
0.008717
0.270822
0.447969
0.335481
0.021019
0.177719
0.011955
0.010741
0.009705
0.519470
0.181979
0.469285
0.025300
0.301542
0.011150
0.022877
0.647250
0.295275
0.032664
0.014353
0.020833
0.553265
0.030168
0.201555
0.182360
0.438586
0.317198
0.662747
2.102297
0.066271
0.209994
0.012598
0.803490
0.031520
0.021938
0.010461
0.041543
0.023197
0.501511
0.011661
0.011244
0.496843
3.881893
1.131998
0.281345
0.052437
0.023063
0.012357
0.387657
0.355853
0.042884
0.028455
0.475798
0.014591
0.186770
0.008507
0.025087
0.179867
0.194475
0.183285
0.176580
0.145790
0.747817
0.020096
0.458773
0.196704
0.013524
0.183828
0.181658
0.445693
0.512964
0.017816
0.514990
0.031294
0.189909
0.179191
0.021991
0.155215
0.351603
0.403080
0.645748
0.027804
0.194010
0.075109
0.650569
0.651319
0.014064
0.009804
0.189480
0.371718
0.013188
0.185093
0.637490
0.010753
0.174597
0.614117
0.206947
0.175549
0.011608
0.010184
0.150806
0.024704
0.020559
0.627342
0.188157
0.195959
0.186822
0.184865
0.625315
0.172495
0.431790
0.189774
0.012175
0.401649
0.208491
0.014407
0.265424
0.218595
0.012459
0.013195
0.508242
0.014867
0.025479
0.186617
0.022254
0.010812
0.021686
0.009672
0.006941
0.181273
0.186397
0.503676
0.025850
0.391402
0.184959
0.536401
0.013252
0.010023
0.184571
0.417098
0.181204
0.011833
0.619979
0.018318
0.206266
0.187779
0.180167
0.048560
0.182814
0.171880
0.022379
0.009852
0.201929
0.501739
0.410327
0.029928
0.023971
0.021155
0.171464
0.167566
0.387036
0.153129
0.016350
0.027851
0.632824
0.168320
0.181351
0.051724
0.012472
0.647789
0.029625
0.182552
0.011909
0.019636
0.011108
0.193519
0.009539
0.023369
0.176123
0.010551
0.387424
0.010340
0.010543
0.176145
0.029527
0.022118
0.613312
0.190997
0.194163
0.189326
0.318132
0.187442
0.010685
0.185955
0.673109
0.013654
0.176512
0.527335
0.487582
0.008789
0.634841
0.009505
0.187492
0.416257
0.030516
0.180231
0.184101
0.023441
0.010528
0.021692
0.634467
0.188357
0.206199
0.024447
0.010343
0.006769
0.009689
0.178507
0.014376
0.009876
0.331741
0.179665
0.179631
0.185713
0.174289
0.029493
0.010587
0.416306
0.395954
0.639577
0.213317
0.182187
0.009258
0.435767
0.225923
0.201436
0.016929
0.251681
0.060229
0.206152
0.241100
0.661461
0.270363
0.028555
0.183415
0.022188
0.179276
0.171326
0.027079
0.011722
0.083459
0.427833
0.182557
0.190644
0.008719
0.414906
0.216034
0.184649
0.645200
0.505890
0.512699
0.013777
0.025429
0.010838
0.639200
0.027474
0.022640
0.021465
0.179541
0.171260
0.309395
0.007955
0.234104
0.025694
0.639185
0.009346
0.657614
0.640874
0.009425
0.006232
0.400087
0.186646
0.633484
0.009448
0.462721
0.205981
0.013384
0.179143
0.173546
0.675160
0.027026
0.178190
0.186618
0.099232
0.183776
0.679634
0.660457
0.403571
0.632929
0.026001
0.178156
0.210477
0.191069
0.180790
0.656926
0.013395
0.023282
0.557155
0.493081
0.008861
0.168324
0.494186
0.208579
0.485094
0.014750
0.411485
0.642514
0.245586
0.031459
0.805221
0.252140
0.036333
0.401838
0.901830
0.329518
0.478448
0.045088
0.271513
0.544956
0.237769
0.277193
0.602980
0.523458
0.046552
0.034138
0.281840
1.045608
0.031322
0.026354
0.032497
0.300970
0.020737
0.037051
0.981680
0.039386
0.283774
0.441959
0.308356
0.982935
0.684527
0.669786
0.274105
0.960916
0.021143
0.970272
0.320445
0.020413
0.266466
0.322808
0.038359
0.620863
0.019747
0.948996
0.269080
0.034663
0.035034
0.011758
0.265740
0.031227
0.010837
0.040354
0.953792
0.318336
0.315816
0.521560
0.467989
0.040521
0.017067
0.970557
0.021244
0.644677
0.982505
0.323542
0.038033
0.280915
0.057116
0.019866
0.438491
0.485449
0.982367
0.978098
0.024948
0.478913
0.327560
0.310025
1.002957
0.047177
0.971212
0.276376
0.291089
0.601737
1.025396
0.052041
0.032124
0.274566
0.220846
0.047748
0.014743
0.016031
0.033823
0.027986
0.268748
0.248915
0.610260
0.901525
0.044411
0.300341
0.229310
0.741433
0.192007
0.201687
0.013600
0.215790
0.616267
0.465083
0.190089
0.189657
0.180493
0.026606
0.027283
0.210755
0.644088
0.026390
0.185298
0.203728
0.010185
0.185408
0.013886
0.022894
0.622540
0.206243
0.415029
0.435828
0.617129
0.434638
0.208814
0.655380
0.641559
0.276583
0.026855
0.021552
0.011237
0.636483
0.192059
0.012845
0.010167
0.009289
0.549572
0.194168
0.014261
0.178770
0.176065
0.011101
0.440216
0.226919
0.028099
0.190448
0.024250
0.204216
0.009907
0.023793
0.012934
0.009241
0.612847
0.024869
0.156760
0.011940
0.292313
0.026043
0.009815
0.010309
0.410308
0.635915
0.021715
0.024464
0.026514
0.015543
0.021750
0.635010
0.019344
0.427855
0.196462
0.010397
0.008922
0.010680
0.010313
0.019021
0.006760
0.420471
0.623700
0.248347
0.194158
0.195347
0.645454
0.632183
0.184686
0.215278
0.184119
0.012957
0.199702
0.014264
0.010726
0.181960
0.028266
0.204256
0.012626
0.604125
0.437600
0.635703
0.638684
0.636741
0.197073
0.186660
0.675606
0.185331
0.186459
0.177814
0.535708
0.186259
0.198626
0.012586
0.018531
0.023847
0.010125
0.021674
0.631559
0.184524
0.012433
0.176653
0.010758
0.009722
0.018057
0.185435
0.192002
0.026090
0.151477
0.011050
0.010275
0.010367
0.201874
0.410604
0.198166
0.387155
0.149856
0.196170
0.633992
0.643792
0.189800
0.457656
0.042073
0.217882
0.268072
0.202625
0.401132
0.009678
0.209772
0.026129
0.011193
0.183109
0.176036
0.176251
0.831101
0.077513
0.013760
0.706444
0.022672
0.185205
0.457027
0.206370
0.153270
0.497894
0.017009
0.643397
0.191839
0.640088
0.027819
0.022262
0.151909
0.415698
0.029307
0.022446
0.210800
0.340325
0.654232
0.227396
0.182752
0.195150
0.196926
0.028023
0.024069
0.606799
0.016756
0.022044
0.027055
0.021728
0.171008
0.189834
0.012563
0.392596
0.184334
0.644615
0.638241
0.557264
0.192862
0.199208
0.027468
0.189802
0.607639
0.634705
0.182094
0.016568
0.280954
0.615573
0.175551
0.011790
0.027343
0.201777
0.184767
0.012040
0.489119
0.183003
0.330242
0.264453
0.422877
0.217071
0.011353
0.025219
0.502279
0.031020
0.010904
0.009835
0.199192
0.418232
0.188793
0.011078
0.654370
0.655196
0.208671
0.626314
0.190349
0.009056
0.202365
0.182484
0.173480
0.177456
0.187312
0.012387
0.473131
0.103316
0.402987
0.688263
0.154524
0.026072
0.283486
0.194389
0.025221
0.612722
0.277740
0.013835
0.010700
0.023002
0.185572
0.010672
0.185044
0.175139
0.631501
0.009564
0.505571
0.411251
0.206460
0.180521
0.181305
0.202888
0.012963
0.010349
0.178671
0.618461
0.019284
0.205005
0.181952
0.177572
0.017082
0.010581
0.022213
0.392545
0.407730
0.375947
0.025768
0.497787
0.025952
0.401736
0.406626
0.025425
0.022272
0.010190
0.009252
0.186194
0.384686
0.023030
0.193807
0.028941
0.010571
0.176822
0.021790
0.179755
0.010796
0.630227
0.174675
0.008693
0.021712
0.009990
0.591352
0.461459
0.206406
0.382119
0.026091
0.271607
0.172767
0.023783
0.374288
0.616990
0.025382
0.169284
0.011281
0.503046
0.586800
0.189424
0.649005
0.027652
0.179945
0.179102
0.039235
0.178812
0.592685
0.022397
0.024248
0.194568
0.175944
0.176818
0.599739
0.015037
0.172221
0.177007
0.021184
0.173378
0.009820
0.015353
0.016130
0.169428
0.469031
0.013368
0.176035
0.191412
0.401367
0.022485
0.179560
0.487747
0.181106
0.011737
0.009784
0.164167
0.179756
0.599849
0.190739
0.025781
0.007654
0.594462
0.173000
0.022586
0.195102
0.012460
0.171658
0.629097
0.012613
0.007403
0.613134
0.025022
0.179289
0.009729
0.175493
0.408308
0.026537
0.010159
0.615011
0.013628
0.179351
0.174152
0.170112
0.173903
0.021219
0.175810
0.193811
0.024576
0.010324
0.172162
0.192817
0.384808
0.187627
0.590914
0.182174
0.033806
0.192831
0.598560
0.178625
0.195490
0.024115
0.010169
0.009471
0.174559
0.598814
0.188694
0.016222
0.010462
0.021682
0.166548
0.628775
0.012496
0.024942
0.013297
0.022747
0.449952
0.023422
0.021201
0.383474
0.197565
0.170083
0.435311
0.023054
0.189830
0.011232
0.194233
0.677284
0.015713
0.016613
0.224668
0.616215
0.012863
0.423898
0.185064
0.025763
0.176597
0.388310
0.191736
0.300887
0.623481
0.600021
0.185419
0.017326
0.023430
0.010122
0.391685
0.412717
0.607666
0.381604
0.256755
0.029873
0.190781
0.591434
0.023943
0.198898
0.192838
0.012019
0.174570
0.311581
0.187104
0.639279
0.013431
0.599827
0.013020
0.008702
0.573600
0.597572
0.246682
0.602258
0.011228
0.168414
0.242086
0.165856
0.589748
0.188858
0.013063
0.021658
0.158657
0.020457
0.173380
0.194723
0.245444
0.372824
0.398774
0.009387
0.006641
0.010126
0.170550
0.006750
0.009443
0.018367
0.009118
0.009287
0.163854
0.164128
0.614388
0.037578
0.377470
0.190485
0.028903
0.010794
0.010592
0.185237
0.010078
0.007147
0.177264
0.273934
0.613754
0.026013
0.021044
0.020928
0.010705
0.012532
0.177447
0.022143
0.613614
0.013513
0.007556
0.377271
0.511452
0.181572
0.022665
0.379259
0.181332
0.504140
0.275393
0.690394
0.188944
0.632330
0.259531
0.021432
0.010479
0.009120
0.143050
0.639125
0.186187
0.177553
0.010657
0.640565
0.027535
0.209626
0.012711
0.007770
0.179208
0.655760
0.178829
0.175366
0.194787
0.337432
0.394126
0.026713
0.007826
0.634862
0.172031
0.165992
0.013223
0.186333
0.012123
0.646721
0.184439
0.196581
0.037130
0.182563
0.171708
0.382292
0.026915
0.630435
0.620443
0.225979
0.624808
0.291710
0.430694
0.614775
0.305741
0.615707
0.013509
0.147827
0.181888
0.615341
0.181754
0.171542
0.166302
0.019807
0.173731
0.012024
0.010842
0.666712
0.175233
0.025180
0.338436
0.387764
0.379455
0.190291
0.012125
0.372691
0.010777
0.441049
0.022996
0.204399
0.177005
0.012056
0.010014
0.023341
0.170207
0.516121
0.370545
0.195334
0.500491
0.023384
0.296476
0.185790
0.614837
0.175353
0.444863
0.019572
0.274140
0.013468
0.379247
0.011046
0.022871
0.612446
0.174595
0.206783
0.039772
0.600641
0.009376
0.010411
0.022398
0.368938
0.171737
0.182498
0.583469
0.163692
0.023160
0.190586
0.016529
0.167955
0.383701
0.176877
0.022862
0.143385
0.019213
0.197850
0.173864
0.018243
0.399396
0.178573
0.185182
0.009091
0.602637
0.006848
0.010871
0.013454
0.010032
0.022932
0.009329
0.616680
0.015946
0.179229
0.022251
0.022034
0.018879
0.174479
0.194682
0.170841
0.486761
0.185299
0.188274
0.170346
0.011336
0.021039
0.620322
0.024685
0.186286
0.023066
0.013756
0.380191
0.010351
0.167940
0.010020
0.009060
0.009861
0.020984
0.026966
0.504987
0.024611
0.023048
0.378745
0.183365
0.204544
0.146433
0.007893
0.021501
0.378048
0.188108
0.196799
0.024752
0.172111
0.190095
0.298450
0.186801
0.202621
0.023933
0.172028
0.022063
0.477574
0.454323
0.294527
0.171248
0.618804
0.375163
0.151089
0.023531
0.022580
0.632515
0.627369
0.013055
0.602673
0.011575
0.459353
0.184101
0.023370
0.019884
0.009792
0.642348
0.018059
0.431383
0.191502
0.214905
0.027984
0.176496
0.013338
0.415012
0.412396
0.013693
0.180770
0.373876
0.504129
0.012819
0.008029
0.180640
0.175122
0.175940
0.027618
0.146949
0.191038
0.175354
0.010433
0.010209
0.175780
0.616240
0.013100
0.405856
0.471322
0.381537
0.024697
0.010774
0.613497
0.181360
0.025329
0.620735
0.012269
0.207542
0.604742
0.187386
0.023782
0.008081
0.167319
0.012333
0.260063
0.038002
0.185837
0.424484
0.151919
0.024978
0.178680
0.171030
0.166694
0.021393
0.481257
0.025733
0.022110
0.020875
0.636873
0.179098
0.385260
0.178036
0.281181
0.013300
0.480604
0.013623
0.014140
0.188272
0.010270
0.183801
0.466612
0.151308
0.011771
0.517424
0.394430
0.019072
0.258543
0.635584
0.025123
0.652007
0.026208
0.189815
0.173465
0.192329
0.266265
0.203012
0.025146
0.175599
0.615861
0.197958
0.013429
0.148645
0.010917
0.024159
0.016248
0.182440
0.179738
0.181112
0.191162
0.147979
0.035255
0.168532
0.009969
0.007110
0.022879
0.166916
0.189656
0.668453
0.173937
0.031653
0.010903
0.173201
0.281413
0.077702
0.406942
0.025641
0.021467
0.645629
0.402431
0.645511
0.406606
0.204461
0.010236
0.024546
0.523626
0.025616
0.635682
0.012080
0.387876
0.011391
0.185283
0.414051
0.012213
0.305342
0.017349
0.186209
0.513163
0.009685
0.175586
0.011184
0.191531
0.642189
0.522937
0.638940
0.029551
0.011370
0.010883
0.416416
0.181607
0.187482
0.024672
0.640110
0.470264
0.554266
0.030239
0.190214
0.679286
0.013794
0.180768
0.499096
0.011201
0.024069
0.196954
0.039848
0.013671
0.023949
0.176205
0.185647
0.458720
0.465066
0.010137
0.007164
0.010809
0.186024
0.642847
0.651800
0.202958
0.618420
0.024253
0.181043
0.420101
0.026092
0.628898
0.195089
0.610778
0.011524
0.180133
0.027473
0.179974
0.045784
0.011566
0.189041
0.207512
0.268065
0.190273
0.608795
0.413885
0.026798
0.614736
0.189678
0.334660
0.180683
0.640317
0.012860
0.640185
0.013205
0.015131
0.010499
0.194926
0.024292
0.453649
0.193233
0.024244
0.476567
0.025962
0.187451
0.011144
0.179977
0.010645
0.018048
0.010362
0.416755
0.184855
0.181510
0.010999
0.496828
0.037015
0.183992
0.182873
0.209431
0.012765
0.177358
0.021585
0.409589
0.031560
0.024591
0.020888
0.018395
0.617213
0.178369
0.014593
0.177501
0.024882
0.616635
0.284163
0.013300
0.022951
0.184714
0.177595
0.419170
0.181864
0.336161
0.636984
0.012521
0.177614
0.168765
0.024928
0.632715
0.030180
0.618257
0.024488
0.010171
0.205850
0.011518
0.604192
0.638902
0.667646
0.187396
0.008244
0.618396
0.016259
0.629921
0.402777
0.205582
0.175400
0.377294
0.270673
0.198526
0.026273
0.022682
0.709315
0.199866
0.261999
0.398033
0.217779
0.611901
0.012709
0.010632
0.707190
0.021428
0.014889
0.011819
0.530092
0.678304
0.020794
0.024669
0.010490
0.189658
0.209051
0.013332
0.403283
0.402368
0.009172
0.207616
0.625237
0.525748
0.027850
0.149802
0.640637
0.148789
0.030485
0.212435
0.029139
0.010936
0.184193
0.629242
0.024959
0.181463
0.175068
0.521607
0.180676
0.307100
0.186275
0.042541
0.010155
0.617510
0.007573
0.309243
0.011751
0.411434
0.012147
0.202142
0.267466
0.412026
0.152264
0.392083
0.013270
0.037169
0.630172
0.025902
0.632306
0.417312
0.026757
0.179306
0.425426
0.028737
0.642173
0.438660
0.186707
0.012026
0.177732
0.020669
0.184200
0.231535
0.027909
0.023555
0.175280
0.264184
0.031092
0.175472
0.066292
0.189196
0.150642
0.011259
0.010185
0.186257
0.010114
0.403705
0.025181
0.409334
0.013248
0.022725
0.296460
0.013157
0.020294
0.177631
0.024523
0.007487
0.642812
0.026676
0.010701
0.635537
0.178567
0.011256
0.172704
0.417515
0.620452
0.644735
0.211720
0.011771
0.632844
0.009643
0.173913
0.184386
0.644641
0.185222
0.149060
0.182036
0.430595
0.013769
0.010597
0.009393
0.150216
0.383257
0.025357
0.330791
0.013028
0.024354
0.183079
0.021153
0.036477
0.205954
0.180757
0.012425
0.412810
0.025220
0.179584
0.632231
0.013464
0.180428
0.183387
0.178552
0.010259
0.402442
0.014769
0.183882
0.024448
0.391173
0.419739
0.265678
0.027345
0.525162
0.013649
0.201574
0.015617
0.025692
0.452797
0.010620
0.148250
0.022538
0.009991
0.706604
0.036605
0.674652
0.017798
0.239849
1.134586
0.042514
0.299651
0.621905
0.194468
0.193596
0.036388
0.019729
0.189601
0.402326
0.027645
0.020205
0.010951
0.189631
0.513539
0.186839
0.025033
0.491980
0.644472
0.026470
0.188644
0.041033
0.025193
0.011390
0.452025
0.449888
0.203552
0.176568
0.013213
0.010050
0.383774
0.198021
0.636398
0.187798
0.293279
0.414134
0.029404
0.178591
0.024143
0.014797
0.191491
0.203233
0.153738
0.023600
0.021701
0.019418
0.010713
0.176496
0.125582
0.179329
0.636120
0.646397
0.013611
0.009923
0.023268
0.010156
0.188435
0.007298
0.177223
0.423559
0.183619
0.018648
0.186605
0.198835
0.172946
0.174946
0.192707
0.399325
0.024412
0.632590
0.176557
0.010708
0.168100
0.120309
0.418428
0.176109
0.167708
0.024857
0.185327
0.325365
0.638513
0.270646
0.409616
0.393542
0.008364
0.195104
0.633600
0.314596
0.410043
0.014462
0.177490
0.015937
0.011082
0.170401
0.023693
0.182918
0.010579
0.672494
0.179719
0.643893
0.637229
0.192447
0.024064
0.149062
0.174536
0.010609
0.323771
0.632634
0.383152
0.024825
0.037520
0.615574
0.401878
0.147989
0.374259
0.608532
0.013289
0.023000
0.183818
0.019961
0.018047
0.179045
0.759824
0.420873
0.013386
0.229708
0.318287
0.012468
0.009673
0.676157
0.189190
0.183578
0.010923
0.643461
0.010632
0.010547
0.185884
0.614564
0.011379
0.660763
0.643998
0.026422
0.642665
0.532270
0.013139
0.153152
0.017009
0.625301
0.397548
0.178180
0.643629
0.627384
0.027021
0.183974
0.213305
0.013424
0.023747
0.021608
0.265980
0.009778
0.007318
0.021518
0.010255
0.010057
0.634087
0.262802
0.407471
0.018290
0.388290
0.184451
0.016061
0.016881
0.192189
0.399991
0.268791
0.012660
0.523559
0.030528
0.488068
0.647412
0.009945
0.642785
0.014008
0.023016
0.194811
0.010783
0.073402
0.010968
0.006891
0.396807
0.008361
0.022842
0.206592
0.437394
0.319947
0.688488
0.644747
0.023355
0.387299
0.007801
0.180047
0.211445
0.617248
0.191405
0.198648
0.018061
0.023972
0.392197
0.184194
0.267101
0.024588
0.029929
0.649194
0.645680
0.026101
0.182130
0.011240
0.009777
0.404664
0.025581
0.202685
0.014352
0.028574
0.023269
0.010818
0.013883
0.618734
0.641972
0.025115
0.007839
0.020898
0.020000
0.014706
0.020430
0.018105
0.010339
0.197936
0.197953
0.030330
0.007982
0.176868
0.650822
0.211665
0.179730
0.008220
0.611833
0.211916
0.024624
0.149683
0.174751
0.169102
0.188900
0.165024
0.173489
0.501557
0.336091
0.026213
0.010227
0.176116
0.020731
0.205454
0.013996
0.034019
0.311262
0.010343
0.210734
0.026521
0.183714
0.022660
0.172908
0.010492
0.009761
0.181455
0.414190
0.390832
0.454179
0.039211
0.263496
0.024439
0.174132
0.457371
0.414614
0.013916
0.276166
0.189677
0.639189
0.182818
0.024601
0.416878
0.188893
0.019105
0.010674
0.508057
0.463445
0.214484
0.026624
0.022299
0.010737
0.016271
0.185762
0.009817
0.156590
0.356868
0.012905
0.024663
0.216123
0.180829
0.038791
0.343320
0.265387
0.008927
0.009696
0.011325
0.186605
0.639629
0.619012
0.026647
0.037885
0.015606
0.201314
0.016597
0.199861
0.648466
0.442938
0.030003
0.401162
0.208765
0.012910
0.010376
0.009658
0.615585
0.010709
0.010512
0.024046
0.007689
0.527562
0.025712
0.647283
0.395004
0.193455
0.011186
0.184074
0.406689
0.215869
0.185659
0.023954
0.010661
0.191084
0.011457
0.633283
0.394805
0.171639
0.387290
0.188010
0.010961
0.014529
0.181321
0.402340
0.027096
0.181085
0.030835
0.308804
0.671408
0.153066
0.024231
0.187184
0.166447
0.027291
0.175929
0.499059
0.190615
0.196396
0.024347
0.384840
0.177761
0.176857
0.040242
0.609163
0.171676
0.011554
0.525058
0.026030
0.201452
0.633231
0.009820
0.189343
0.022988
0.007280
0.175955
0.015772
0.010156
0.189464
0.414745
0.179608
0.181543
0.011455
0.022847
0.145596
0.023671
0.202568
0.393925
0.185902
0.178310
0.187943
0.660296
0.185143
0.191946
0.172573
0.611593
0.029891
0.639107
0.394202
0.207659
0.012935
0.179309
0.172677
0.307057
0.024003
0.010468
0.636572
0.328258
0.287687
0.259678
0.024037
0.011281
0.020759
0.020174
0.635732
0.394260
0.023447
0.632401
0.178213
0.398956
0.179803
0.012422
0.033136
0.197409
0.020636
0.173793
0.029935
0.196321
0.027308
0.186645
0.011197
0.179294
0.327619
0.012757
0.010903
0.262920
0.186479
0.477051
0.617792
0.011780
0.021679
0.014713
0.018524
0.203676
0.454786
0.186520
0.026340
0.221340
0.030337
0.022804
0.185351
0.175374
0.037207
0.012986
0.010628
0.263256
0.185715
0.168749
0.013007
0.175886
0.010972
0.183023
0.639445
0.701266
0.554873
0.200706
0.013824
0.191094
0.026622
0.193835
0.647355
0.016343
0.012222
0.016378
0.194487
0.022830
0.010038
0.028153
0.184434
0.177960
0.638026
0.013515
0.188418
0.149108
0.176620
0.170416
0.634806
0.412572
0.415939
0.028478
0.175269
0.010226
0.220682
0.418514
0.614642
0.011680
0.638332
0.621936
0.405936
0.177978
0.011453
0.009669
0.636640
0.025705
0.412304
0.154617
0.185651
0.405747
0.193197
0.174863
0.023835
0.011197
0.177664
0.026256
0.017249
0.011200
0.497978
0.179181
0.011110
0.418044
0.012442
0.172131
0.011001
0.624338
0.546465
0.641747
0.609273
0.037682
0.207985
0.621222
0.011848
0.025146
0.195158
0.196891
0.174743
0.020409
0.148806
0.216431
0.011674
0.022787
0.022345
0.645220
0.678572
0.267006
0.410817
0.330510
0.396980
0.496139
0.632153
0.530333
0.019587
0.415897
0.305790
0.020334
0.017388
0.206847
0.591693
0.023624
0.182160
0.274865
0.013214
0.010884
0.187881
0.028435
0.023273
0.009203
0.397050
0.012016
0.197209
0.387106
0.619012
0.013022
0.023390
0.466974
0.208041
0.018178
0.635555
0.631277
0.192754
0.008573
0.182290
0.178419
0.185480
0.010773
0.199388
0.653494
0.187406
0.442252
0.209520
0.175727
0.025117
0.425943
0.192570
0.012652
0.183531
0.271985
0.024244
0.409483
0.014259
0.010519
0.617024
0.617299
0.182040
0.400772
0.026703
0.020975
0.404134
0.615923
0.012723
0.176267
0.025285
0.619007
0.177454
0.604882
0.193674
0.019240
0.190542
0.181896
0.177090
0.174234
0.643888
0.028605
0.176560
0.014421
0.006640
0.010347
0.528303
0.632570
0.027239
0.631521
0.174572
0.149483
0.024604
0.010820
0.191042
0.013238
0.693679
0.025446
0.204420
0.203031
0.444720
0.273550
0.012564
0.520289
0.391283
0.027250
0.022799
0.207087
0.013810
0.011259
0.009817
0.388790
0.631930
0.044988
0.488041
0.425603
0.158206
0.292592
0.648671
0.013376
0.027236
0.007911
0.009729
0.192141
0.012292
0.178082
0.024208
0.191199
0.166425
0.613927
0.023936
0.191091
0.278065
0.620250
0.024042
0.009605
0.334383
0.012987
0.023805
0.204443
0.259703
0.335426
0.013924
0.188778
0.622008
0.633991
0.621311
0.179642
0.479244
0.012004
0.191412
0.181637
0.624037
0.614229
0.012952
0.642323
0.262941
0.192654
0.205881
0.012032
0.458637
0.179341
0.177357
0.642617
0.028171
0.013204
0.023637
0.216382
0.179308
0.023663
0.189559
0.011182
0.538800
0.640984
0.185883
0.024460
0.633343
0.014416
0.207769
0.031720
0.031376
0.012011
0.023844
0.010735
0.019318
0.014146
0.189014
0.009732
0.566116
0.029405
0.011317
0.193772
0.185339
0.013695
0.023673
0.010037
0.182007
0.028929
0.163669
0.619502
0.179653
0.198320
0.036182
0.175597
0.027370
0.408375
0.011927
0.017043
0.007116
0.179384
0.010923
0.027488
0.633470
0.025924
0.011298
0.014647
0.266684
0.011819
0.021386
0.201727
0.024628
0.176972
0.205911
0.013111
0.173754
0.011367
0.172635
0.186221
0.165588
0.008585
0.010427
0.175696
0.640676
0.187298
0.024278
0.021794
0.166893
0.010981
0.020829
0.148426
0.412502
0.150228
0.618348
0.197634
0.027479
0.172463
0.022266
0.196142
0.183488
0.011253
0.010108
0.009839
0.021688
0.182293
0.020903
0.613630
0.172544
0.174263
0.204316
0.512940
0.414872
0.192814
0.174530
0.174486
0.175774
0.406239
0.014550
0.416774
0.026616
0.010398
0.014483
0.417070
0.181322
0.024836
0.619607
0.008705
0.197262
0.175244
0.184733
0.023728
0.170303
0.009875
0.021205
0.412252
0.178331
0.258675
0.023762
0.262088
0.017508
0.010979
0.011370
0.204885
0.183217
0.198657
0.175572
0.189856
0.197479
0.187701
0.395876
0.405271
0.492856
0.178898
0.038479
0.180401
0.038179
0.029560
0.616858
0.179843
0.218866
0.175584
0.524462
0.195990
0.202155
0.009961
0.024299
0.173041
0.010797
0.182032
0.631817
0.612543
0.200846
0.396768
0.021090
0.178536
0.186930
0.204027
0.024657
0.025056
0.011300
0.007733
0.010108
0.490762
0.394102
0.513570
0.180291
0.024291
0.408767
0.593409
0.402766
0.027853
0.381868
0.171233
0.008938
0.317293
0.030886
0.638719
0.009836
0.197937
0.008083
0.010676
0.009738
0.009797
0.198549
0.605415
0.024560
0.190924
0.026682
0.395887
0.181572
0.023949
0.624645
0.622381
0.008598
0.021685
0.193645
0.009620
0.173824
0.150417
0.428986
0.643479
0.179162
0.181337
0.634565
0.024673
0.174205
0.522792
0.192936
0.176297
0.007972
0.402984
0.029591
0.178970
0.409963
0.196143
0.025851
0.011573
0.010437
0.009908
0.488864
0.307096
0.197916
0.024835
0.010352
0.009371
0.009538
0.634285
0.214360
0.363921
0.044164
0.196607
0.400842
0.693094
0.014456
0.025836
0.533436
0.149355
0.013744
0.180148
0.180422
0.182056
0.153164
0.206611
0.013379
0.454970
0.017060
0.185700
0.008456
0.410603
0.188942
0.457325
0.203501
0.409902
0.026580
0.170724
0.181451
0.391080
0.380087
0.011399
0.009662
0.021189
0.009696
0.020185
0.173954
0.619338
0.031664
0.175858
0.621340
0.613993
0.012906
0.175642
0.008413
0.400306
0.463918
0.025429
0.171457
0.020811
0.177378
0.173910
0.412251
0.451834
0.175501
0.022111
0.010764
0.195406
0.398921
0.169798
0.021749
0.174746
0.024176
0.621203
0.405361
0.012802
0.017410
0.326610
0.026933
0.173067
0.011327
0.597345
0.207233
0.171545
0.024359
0.503969
0.620945
0.013218
0.023260
0.634148
0.482319
0.013175
0.193747
0.199712
0.186710
0.182087
0.176370
0.011448
0.021837
0.007725
0.172027
0.199301
0.185703
0.011580
0.010262
0.183273
0.177617
0.626513
0.180935
0.177127
0.644908
0.154510
0.485609
0.026964
0.413407
0.623280
0.012807
0.512192
0.013058
0.024152
0.512446
0.483322
0.184984
0.416835
0.035040
0.182908
0.425814
0.028123
0.010785
0.198248
0.027660
0.261044
0.192614
0.631201
0.013234
0.611869
0.626307
0.012654
0.021887
0.176674
0.172633
0.411140
0.432409
0.203612
0.211472
0.177807
0.178218
0.172287
0.019092
0.633502
0.395882
0.419806
0.226765
0.012854
0.018129
0.183266
0.390739
0.416285
0.662403
0.043403
0.010251
0.612528
0.188879
0.012322
0.204503
0.186636
0.617335
0.025803
0.021133
0.007574
0.279055
0.013192
0.457956
0.636603
0.205714
0.404645
0.205781
0.191761
0.149436
0.023970
0.009810
0.259249
0.480609
0.190627
0.007779
0.631514
0.190110
0.180235
0.397302
0.025247
0.686449
0.015541
0.265319
0.024478
0.203045
0.182652
0.616583
0.413250
0.020381
0.010555
0.023859
0.392406
0.009917
0.186602
0.196095
0.496419
0.029039
0.634542
0.013374
0.415873
0.419208
0.014234
0.606357
0.481437
0.028065
0.184756
0.391576
0.021420
0.009676
0.006432
0.195940
0.009205
0.190363
0.392406
0.022273
0.184040
0.506663
0.047178
0.190054
0.635296
0.026157
0.611116
0.238496
0.195485
0.175940
0.329746
0.026975
0.425326
0.179186
0.183191
0.194500
0.205423
0.544936
0.024513
0.192172
0.267487
0.391157
0.346220
0.028674
0.388302
0.023529
0.188980
0.021474
0.011125
0.189338
0.012290
0.010120
0.201899
0.180603
0.182856
0.011340
0.639205
0.184567
0.023099
0.207130
0.629553
0.612012
0.634117
0.398437
0.200329
0.612683
0.187742
0.023985
0.010415
0.665538
0.026129
0.150184
0.008650
0.022065
0.202669
0.186534
0.033030
0.016621
0.022508
0.020332
0.020963
0.174628
0.396655
0.194923
0.013006
0.021671
0.020443
0.169150
0.495479
0.188389
0.191235
0.012137
0.393177
0.664079
0.556131
0.158258
0.201225
0.017993
0.022943
0.618887
0.199883
0.018566
0.400033
0.640333
0.178938
0.609595
0.021624
0.327752
0.656056
0.200736
0.017983
0.023375
0.176150
0.023565
0.636728
0.014483
0.605543
0.010530
0.009108
0.625533
0.393135
0.636067
0.024676
0.198280
0.024353
0.010944
0.029397
0.016093
0.021556
0.009380
0.009592
0.195151
0.010586
0.010066
0.008280
0.193110
0.026906
0.020255
0.174902
0.169459
0.165533
0.632072
0.613325
0.206328
0.013497
0.260613
0.011040
0.147240
0.395039
0.010842
0.205808
0.529972
0.009948
0.186375
0.018107
0.639480
0.180232
0.636270
0.026385
0.390673
0.016116
0.010132
0.191212
0.013270
0.010192
0.613626
0.189128
0.678681
0.183775
0.417920
0.611187
0.634660
0.230124
0.015173
0.030304
0.012240
0.274259
0.054929
0.014337
0.010532
0.009815
0.211253
0.016627
0.187971
0.144578
0.007335
0.171395
0.017527
0.203692
0.147019
0.180167
0.448350
0.205185
0.178390
0.026244
0.181747
0.411933
0.025082
0.281830
0.462570
0.013229
0.186006
0.069958
0.191939
0.009877
0.212001
0.200022
0.165432
0.189659
0.025116
0.011015
0.192773
0.013439
0.010416
0.256636
0.658053
0.401702
0.446134
0.201798
0.014920
0.017653
0.300294
0.010331
0.176814
0.631542
0.028752
0.379399
0.007795
0.191624
0.195404
0.024483
0.011077
0.172404
0.023153
0.010069
0.017584
0.405952
0.400033
0.181047
0.376163
0.150294
0.195349
0.479284
0.646822
0.014450
0.024710
0.189605
0.262560
0.189302
0.011662
0.332668
0.522243
0.193262
0.032359
0.190587
0.487707
0.031860
0.010971
0.473164
0.188688
0.186992
0.177010
0.008307
0.179872
0.041265
0.262926
0.011856
0.023036
0.021327
0.185430
0.021313
0.029570
0.020803
0.021098
0.010223
0.190008
0.206705
0.185645
0.178261
0.010307
0.010466
0.495108
0.203110
0.181063
0.011351
0.150393
0.175197
0.014498
0.006941
0.435028
0.177231
0.019615
0.761163
0.701821
0.016172
0.677722
0.161503
0.267335
0.012336
0.025696
0.168147
0.013910
0.262471
0.172158
0.010203
0.023971
0.010550
0.259881
0.011078
0.270885
0.252505
0.184424
0.024710
0.179754
0.379718
0.014917
0.034811
0.028176
0.020605
0.466201
0.022141
0.493423
0.026272
0.224718
0.185447
0.186717
0.012424
0.201792
0.025497
0.181278
0.181390
0.007723
0.634217
0.609811
0.025536
0.009112
0.339215
0.026428
0.180616
0.024420
0.015751
0.015366
0.396189
0.403568
0.027195
0.650633
0.032002
0.195189
0.181364
0.307904
0.008264
0.304712
0.196852
0.451005
0.637616
0.009130
0.492374
0.011348
0.010653
0.640689
0.295308
0.025921
0.415918
0.612257
0.023753
0.205628
0.014963
0.185461
0.398524
0.022591
0.415178
0.025245
0.384768
0.452269
0.024239
0.415231
0.485625
0.627757
0.394412
0.012865
0.009983
0.022876
0.009616
0.009472
0.197007
0.452799
0.012266
0.019235
0.191767
0.008170
0.010232
0.325501
0.012614
0.382265
0.628546
0.650350
0.644570
0.177650
0.631030
0.621763
0.466325
0.025258
0.007480
0.383179
0.200464
0.263668
0.007828
0.637355
0.628621
0.185693
0.012658
0.009508
0.213641
0.155591
0.622558
0.023057
0.286160
0.191076
0.181835
0.174808
0.528812
0.189020
0.410978
0.013493
0.519086
0.178068
0.011446
0.010142
0.172668
0.025227
0.010603
0.190392
0.196625
0.013334
0.172445
0.182310
0.180610
0.038683
0.010271
0.275552
0.014687
0.025482
0.393033
0.022425
0.174685
0.186486
0.010933
0.191488
0.642602
0.526004
0.013542
0.177692
0.011427
0.022594
0.171251
0.415588
0.617258
0.264654
0.025543
0.510672
0.175253
0.650587
0.216515
0.181465
0.178077
0.205086
0.026053
0.173396
0.019471
0.618083
0.416705
0.027280
0.010150
0.010139
0.640337
0.010209
0.186692
0.170525
0.648145
0.027029
0.069637
0.171821
0.010223
0.193535
0.013418
0.636444
0.187907
0.022966
0.010263
0.388760
0.641326
0.638721
0.187532
0.181056
0.024255
0.398176
0.018570
0.007153
0.663628
0.026037
0.477294
0.190844
0.011371
0.186680
0.150546
0.178810
0.010860
0.151227
0.203812
0.616178
0.419421
0.013827
0.019719
0.180430
0.185783
0.146588
0.180185
0.661180
0.013887
0.010462
0.009988
0.009473
0.043103
0.625012
0.012562
0.266308
0.638736
0.013313
0.179639
0.186683
0.182687
0.195638
0.152015
0.012668
0.183052
0.607698
0.008885
0.416033
0.176412
0.187677
0.012116
0.416525
0.028244
0.175645
0.172288
0.126849
0.010637
0.009549
0.017835
0.007136
0.178242
0.406927
0.179933
0.633941
0.191989
0.012810
0.176894
0.182570
0.292828
0.180190
0.651272
0.026822
0.204633
0.026185
0.028824
0.010250
0.022213
0.018386
0.022297
0.649645
0.012977
0.009957
0.642468
0.013124
0.178752
0.011134
0.189477
0.010970
0.411531
0.013644
0.177626
0.177431
0.636186
0.357050
0.338264
0.180149
0.183400
0.177522
0.008339
0.011314
0.649704
0.012970
0.496587
0.647943
0.264404
0.025907
0.185231
0.195223
0.012814
0.168658
0.022965
0.417867
0.014105
0.156366
0.008929
0.408713
0.013409
0.007775
0.010191
0.147696
0.390307
0.215321
0.180022
0.170742
0.011063
0.010144
0.186489
0.525276
0.151753
0.645653
0.185193
0.645283
0.636186
0.177578
0.411167
0.010386
0.188914
0.011039
0.018265
0.009996
0.177276
0.404882
0.011137
0.040107
0.618122
0.415200
0.646997
0.087725
0.023988
0.026566
0.022873
0.204936
0.186025
0.179466
0.503514
0.204605
0.614164
0.187496
0.024366
0.636237
0.652170
0.013609
0.659388
0.026442
0.414991
0.025677
0.183920
0.022247
0.181518
0.194345
0.180666
0.023012
0.010755
0.010467
0.022470
0.009877
0.020463
0.168542
0.165847
0.010388
0.166524
0.026488
0.183132
0.612986
0.184745
0.029240
0.188041
0.182340
0.653367
0.195548
0.188247
0.180110
0.177035
0.148620
0.489334
0.013675
0.391676
0.191273
0.281544
0.181313
0.182297
0.010939
0.632621
0.637221
0.016636
0.413520
0.616910
0.630792
0.013433
0.384777
0.407854
0.014035
0.009679
0.022022
0.618240
0.324977
0.009589
0.027099
0.416333
0.014022
0.413146
0.616424
0.519849
0.191499
0.011156
0.010549
0.386454
0.204108
0.026717
0.022084
0.010763
0.021383
0.385606
0.012300
0.020984
0.006929
0.009737
0.190717
0.022963
0.403455
0.287705
0.260775
0.012432
0.163322
0.187347
0.177004
0.011235
0.170622
0.184125
0.629695
0.185122
0.012060
0.393634
0.193196
0.013372
0.183525
0.010339
0.643523
0.398189
0.416656
0.169551
0.014056
0.010024
0.182336
0.179290
0.184116
0.180650
0.184665
0.011287
0.197785
0.013214
0.178045
0.008081
0.178345
0.176279
0.624080
0.183193
0.010726
0.174787
0.187054
0.201213
0.175057
0.012033
0.655524
0.010408
0.639300
0.420172
0.618293
0.180088
0.514434
0.386836
0.027498
0.327031
0.518322
0.013318
0.150172
0.416440
0.009759
0.148165
0.025738
0.636142
0.182461
0.624147
0.024359
0.011001
0.195058
0.194824
0.184515
0.011117
0.028984
0.630738
0.026685
0.023040
0.183654
0.021061
0.285123
0.412840
0.009449
0.186074
0.010726
0.010057
0.009373
0.183392
0.403197
0.409428
0.392801
0.407182
0.012615
0.614007
0.179764
0.024013
0.535407
0.630647
0.191219
0.183401
0.396524
0.045186
0.404411
0.611140
0.016197
0.189339
0.179419
0.150247
0.019819
0.014110
0.009995
0.026848
0.185120
0.645670
0.190045
0.149059
0.201128
0.031697
0.184057
0.177152
0.386248
0.150570
0.622372
0.027605
0.010496
0.181335
0.424576
0.617798
0.662239
0.192078
0.186697
0.195991
0.458772
0.185640
0.011113
0.185371
0.196339
0.064057
0.009491
0.007049
0.010018
0.182316
0.632426
0.394070
0.635805
0.180010
0.646553
0.009814
0.202712
0.391590
0.024437
0.180544
0.181285
0.021867
0.197107
0.615469
0.173975
0.186819
0.025323
0.315547
0.023387
0.010450
0.150543
0.636622
0.151292
0.047442
0.173022
0.022995
0.413092
0.150474
0.011556
0.174424
0.020767
0.634346
0.190490
0.498748
0.150818
0.012122
0.022073
0.206138
0.017963
0.008631
0.393251
0.010911
0.627804
0.179298
0.525540
0.046897
0.184895
0.024536
0.021675
0.021699
0.172788
0.010946
0.395181
0.023972
0.009846
0.010010
0.405218
0.026411
0.190713
0.383502
0.012615
0.010145
0.200727
0.013331
0.176519
0.613338
0.055717
0.311877
0.012156
0.423438
0.636885
0.012617
0.188524
0.023395
0.627679
0.013487
0.008965
0.184976
0.399034
0.008625
0.631729
0.035536
0.183685
0.284665
0.181658
0.179775
0.274041
0.183461
0.169594
0.614012
0.178317
0.201423
0.321277
0.496103
0.203217
0.013799
0.178228
0.182701
0.178911
0.179175
0.332010
0.416360
0.634026
0.013310
0.393971
0.183604
0.418865
0.013947
0.149053
0.461413
0.012020
0.196293
0.013605
0.180362
0.174271
0.013552
0.169138
0.007315
0.009304
0.023737
0.011244
0.020790
0.172556
0.408717
0.417525
0.028088
0.021563
0.184313
0.411087
0.178408
0.025009
0.010437
0.007611
0.186178
0.021096
0.010268
0.021187
0.315381
0.176115
0.185207
0.170680
0.411098
0.013723
0.616419
0.329787
0.190649
0.023816
0.181145
0.673905
0.183395
0.023837
0.151290
0.637495
0.395201
0.024635
0.181600
0.021642
0.010467
0.011410
0.020565
0.630044
0.025428
0.640927
0.648617
0.284007
0.013633
0.010835
0.389156
0.018545
0.180317
0.566450
0.015555
0.182705
0.023953
0.181000
0.149212
0.186733
0.477460
0.012407
0.638194
0.652077
0.188388
0.016579
0.167879
0.034223
0.009917
0.010739
0.009912
0.181717
0.314929
0.010377
0.023398
0.017566
0.009437
0.192905
0.011077
0.197249
0.025682
0.010493
0.187165
0.179164
0.007595
0.082280
0.313619
0.028316
0.153512
0.609962
0.191295
0.194776
0.149821
0.684988
0.188719
0.145965
0.172796
0.637694
0.618207
0.177380
0.012011
0.190345
0.400619
0.188747
0.178820
0.024052
0.189715
0.639900
0.023259
0.024078
0.198419
0.009899
0.171125
0.176120
0.175696
0.184508
0.283706
0.397831
0.025624
0.171409
0.628297
0.175467
0.189100
0.412971
0.027980
0.011549
0.172252
0.010414
0.217644
0.010255
0.024527
0.177708
0.010806
0.636698
0.172129
0.391823
0.403428
0.174504
0.637447
0.189528
0.024435
0.028730
0.013020
0.819388
0.668653
0.031293
0.012075
0.063735
0.497638
0.476854
0.029586
0.189811
0.382712
0.672717
0.620788
0.567700
0.011837
0.024624
0.632855
0.618720
0.024831
0.210568
0.027291
0.011031
0.150810
0.022454
0.009295
0.175749
0.191413
0.695882
0.016792
0.011823
0.334823
0.045004
0.025012
0.018371
0.534219
0.494042
0.645923
0.013442
0.189880
0.191662
0.428215
0.613695
0.207465
0.612385
0.425680
0.266453
0.213357
0.417779
0.187069
0.011520
0.007334
0.008567
0.619220
0.012102
0.413615
0.621870
0.200253
0.615743
0.155579
0.196434
0.410284
0.632774
0.387453
0.388501
0.200895
0.026697
0.188975
0.501077
0.025181
0.010676
0.195858
0.173411
0.023453
0.616744
0.201664
0.024600
0.010421
0.007554
0.636895
0.187747
0.172300
0.187208
0.023514
0.021336
0.634857
0.027020
0.618024
0.008312
0.192218
0.633471
0.013365
0.007406
0.171330
0.186584
0.205432
0.172045
0.648292
0.189679
0.012486
0.011329
0.007137
0.388110
0.627085
0.163623
0.034195
0.200397
0.685302
0.011572
0.615013
0.673623
0.202414
0.205389
0.014213
0.008967
0.188639
0.268921
0.414057
0.012703
0.173052
0.184791
0.395104
0.183445
0.635931
0.012581
0.189453
0.266110
0.553698
0.396114
0.014377
0.198206
0.613319
0.017224
0.010678
0.209150
0.154646
0.075131
0.186487
0.174421
0.176367
0.480955
0.395997
0.640422
0.653063
0.204020
0.614341
0.011793
0.028691
0.023910
0.407640
0.028687
0.180764
0.177722
0.177974
0.023885
0.411031
0.026934
0.011654
0.172285
0.642629
0.026146
0.011234
0.191645
0.035050
0.426050
0.013930
0.166759
0.195703
0.390090
0.184996
0.191792
0.026947
0.152826
0.025277
0.261152
0.145279
0.406862
0.182626
0.180754
0.011236
0.008024
0.174536
0.170707
0.169558
0.210208
0.645790
0.422847
0.176223
0.263317
0.011487
0.023742
0.010439
0.416144
0.385869
0.176379
0.174983
0.024902
0.183441
0.457452
0.014135
0.168458
0.634223
0.666847
0.152308
0.607825
0.210800
0.032818
0.178031
0.393042
0.513320
0.622648
0.417528
0.193459
0.011487
0.010971
0.008127
0.006573
0.658433
0.185067
0.024825
0.021773
0.007347
0.178320
0.010888
0.175608
0.024018
0.020454
0.191946
0.703717
0.474573
0.033757
0.610043
0.011693
0.426442
0.652720
0.637826
0.013239
0.182113
0.337286
0.034561
0.009884
0.010177
0.178879
0.022849
0.453861
0.007723
0.196162
0.011307
0.510186
0.648782
0.018058
0.182401
0.011268
0.023421
0.212144
0.182258
0.421734
0.269006
0.011658
0.395610
0.642178
0.012872
0.023650
0.009960
0.643209
0.187847
0.024789
0.007414
0.182789
0.487112
0.179434
0.641447
0.198237
0.602744
0.191045
0.636336
0.025426
0.630960
0.012913
0.183924
0.176853
0.010560
0.174752
0.010909
0.642637
0.056659
0.407821
0.200930
0.610861
0.179641
0.012475
0.413749
0.013302
0.260170
0.524752
0.013317
0.181546
0.492999
0.024854
0.192675
0.013471
0.177226
0.651700
0.025609
0.206404
0.177946
0.260916
0.023421
0.263515
0.023594
0.632920
0.188204
0.023175
0.182050
0.022160
0.197960
0.184874
0.257544
0.395167
0.330999
0.026191
0.640082
0.156298
0.610088
0.011426
0.022772
0.334087
0.013596
0.024692
0.010270
0.021246
0.020069
0.614007
0.411469
0.387077
0.023463
0.192159
0.022293
0.206500
0.012745
0.173724
0.010381
0.022228
0.010203
0.195070
0.642241
0.012819
0.259380
0.671635
0.026601
0.173752
0.010757
0.008010
0.021158
0.010098
0.476545
0.012002
0.629755
0.175744
0.418309
0.484047
0.176072
0.174089
0.011487
0.022077
0.279572
0.013110
0.010072
0.009809
0.167731
0.163986
0.022292
0.021867
0.009602
0.196705
0.626621
0.013062
0.008540
0.022912
0.176301
0.631133
0.505183
0.024769
0.663903
0.025587
0.190119
0.007801
0.011121
0.340415
0.026913
0.186146
0.179584
0.269121
0.023343
0.020878
0.628413
0.012725
0.007602
0.182356
0.016647
0.188700
0.025511
0.013125
0.395782
0.187461
0.263801
0.664566
0.522454
0.389446
0.390975
0.026121
0.628827
0.018649
0.013641
0.006928
0.184525
0.022806
0.408929
0.013084
0.023518
0.386906
0.185851
0.021819
0.007508
0.023015
0.469431
0.412515
0.012991
0.009955
0.023242
0.020948
0.025620
0.021064
0.199265
0.490143
0.185986
0.011253
0.184432
0.408981
0.025842
0.007623
0.010339
0.392493
0.191166
0.025620
0.027490
0.460692
0.015544
0.013811
0.237380
0.010420
0.379548
0.190472
0.207018
0.184503
0.019769
0.010793
0.022807
0.480809
0.181975
0.023405
0.152060
0.635122
0.024001
0.177149
0.307647
0.011120
0.017271
0.024564
0.027283
0.635801
0.239725
0.016378
0.249292
0.400095
0.708187
0.025763
0.193014
0.028811
0.182932
0.330641
0.646285
0.274554
0.426167
0.518555
0.031998
0.369700
0.233407
0.238662
0.028532
0.175062
0.557908
0.028145
0.189217
0.177440
0.033024
0.348637
0.180217
0.185137
0.025580
0.172321
0.022919
0.646736
0.315953
0.419696
0.424204
0.024030
0.012331
0.189338
0.522249
0.015100
0.181769
0.182957
0.018079
0.210265
0.013959
0.316767
0.178996
0.395998
0.196929
0.399146
0.647076
0.178712
0.216354
0.175683
0.012437
0.024062
0.011044
0.185316
0.189385
0.013721
0.023880
0.263036
0.397082
0.052663
0.198405
0.045758
0.219678
0.416198
0.312913
0.015246
0.191596
0.016176
0.024626
0.191226
0.181410
0.182369
0.213667
0.185343
0.213953
0.643017
0.182928
0.174083
0.013497
0.546874
0.613788
0.427327
0.032114
0.608132
0.012408
0.010132
0.200696
0.012149
0.009271
0.463302
0.206960
0.027590
0.010706
0.418416
0.158575
0.011159
0.172986
0.010906
0.186286
0.153501
0.637621
0.031136
0.009447
0.175194
0.178760
0.192281
0.403697
0.174476
0.414401
0.034795
0.179760
0.483405
0.474674
0.388352
0.642854
0.194994
0.022286
0.185115
0.072935
0.205669
0.187645
0.009784
0.024111
0.010954
0.173182
0.018063
0.010353
0.641457
0.027072
0.635719
0.010431
0.643944
0.014177
0.182556
0.417591
0.511330
0.632116
0.013048
0.151691
0.394129
0.195183
0.197018
0.417300
0.482155
0.027599
0.010701
0.010568
0.612008
0.337267
0.013910
0.190817
0.010539
0.177342
0.009969
0.183215
0.180632
0.479901
0.631347
0.298455
0.012783
0.654554
0.644088
0.186048
0.187292
0.201623
0.014079
0.616631
0.636135
0.183276
0.179101
0.667768
0.013489
0.181035
0.024836
0.175224
0.007768
0.016472
0.417737
0.013853
0.391402
0.193641
0.024108
0.405978
0.617014
0.042190
0.608213
0.178377
0.207924
0.013963
0.380379
0.055307
0.393540
0.026570
0.011710
0.204938
0.177535
0.180240
0.258234
0.180879
0.194096
0.457230
0.174160
0.170805
0.454383
0.198680
0.012622
0.317846
0.205144
0.640361
0.421693
0.029599
0.021914
0.314541
0.011417
0.260306
0.413058
0.176486
0.176587
0.014765
0.010599
0.256457
0.021588
0.168000
0.013599
0.610688
0.528286
0.027907
0.198924
0.029899
0.022822
0.021007
0.633225
0.024954
0.191603
0.007723
0.032434
0.181929
0.022068
0.020159
0.173111
0.010174
0.419800
0.151206
0.177123
0.187811
0.010189
0.203821
0.199926
0.647123
0.030938
0.229325
0.027898
0.021317
0.642042
0.027449
0.201049
0.153646
0.012256
0.181250
0.178254
0.174796
0.628532
0.639273
0.609289
0.018638
0.513700
0.181254
0.025919
0.675428
0.026372
0.010586
0.259717
0.011508
0.634678
0.394408
0.316801
0.036691
0.191185
0.198418
0.035773
0.170635
0.018325
0.633549
0.182178
0.524560
0.417530
0.020733
0.177876
0.010851
0.022403
0.639658
0.013730
0.192778
0.149684
0.007771
0.023018
0.655368
0.262245
0.617994
0.205955
0.177196
0.175734
0.021601
0.626177
0.027099
0.388391
0.543542
0.182496
0.494110
0.009079
0.011759
0.648728
0.013052
0.176025
0.024454
0.182608
0.210950
0.175954
0.663352
0.192544
0.614518
0.024643
0.181990
0.190338
0.168960
0.186791
0.024086
0.166178
0.640238
0.177844
0.655180
0.013946
0.150336
0.010503
0.193831
0.400369
0.204875
0.323579
0.012073
0.419653
0.012680
0.023922
0.205227
0.024831
0.150015
0.404105
0.183776
0.410484
0.194556
0.184010
0.286413
0.486259
0.010758
0.393787
0.199737
0.613014
0.019736
0.011276
0.190585
0.193842
0.010015
0.184665
0.630329
0.015126
0.008032
0.394486
0.390629
0.668566
0.390068
0.211345
0.013190
0.387683
0.026653
0.179343
0.193726
0.467473
0.013316
0.007010
0.177052
0.259298
0.442957
0.353652
0.186868
0.301160
0.011980
0.638820
0.433778
0.621946
0.175178
0.010184
0.316725
0.380887
0.478633
0.607590
0.216981
0.029771
0.186863
0.016321
0.022339
0.642648
0.013485
0.007356
0.011866
0.513205
0.191250
0.511158
0.013087
0.183033
0.010619
0.034837
0.007446
0.641225
0.029482
0.265689
0.188900
0.179117
0.296638
0.191104
0.421885
0.288086
0.203403
0.012929
0.169712
0.397196
0.179084
0.509770
0.013690
0.190483
0.416233
0.188527
0.024863
0.013135
0.175655
0.172007
0.182832
0.281220
0.013548
0.183750
0.010999
0.023479
0.481938
0.417959
0.390799
0.406789
0.190786
0.181777
0.638256
0.186755
0.178073
0.639932
0.029273
0.010863
0.017039
0.007006
0.408936
0.182672
0.011081
0.177984
0.632304
0.309719
0.012783
0.514982
0.187927
0.413024
0.028609
0.022314
0.391331
0.010749
0.023040
0.261244
0.515732
0.216748
0.463653
0.207926
0.611774
0.201810
0.615863
0.012182
0.009703
0.023803
0.677247
0.032813
0.652986
0.029978
0.184772
0.448300
0.185766
0.204475
0.025725
0.021929
0.020396
0.010818
0.020133
0.614296
0.532170
0.491009
0.208798
0.188657
0.175733
0.169304
0.011884
0.268196
0.528804
0.671783
0.154235
0.011937
0.173817
0.169458
0.627580
0.610263
0.636758
0.191513
0.630500
0.028871
0.010630
0.211249
0.025519
0.007997
0.421757
0.184736
0.012098
0.022974
0.182817
0.636497
0.182347
0.011674
0.182508
0.023003
0.173981
0.181324
0.155480
0.198441
0.174422
0.010883
0.312759
0.173056
0.205816
0.519425
0.025756
0.407710
0.010015
0.025590
0.179346
0.612932
0.011719
0.214505
0.183724
0.393100
0.011364
0.185237
0.206403
0.027465
0.011259
0.009923
0.021923
0.020682
0.392042
0.151150
0.629149
0.012892
0.009918
0.207791
0.013633
0.177413
0.189182
0.039834
0.025723
0.615475
0.179523
0.021960
0.169617
0.183241
0.024231
0.178190
0.524522
0.187055
0.390293
0.012205
0.023441
0.020431
0.187968
0.019266
0.416885
0.013399
0.199447
0.188365
0.180299
0.197620
0.618755
0.182678
0.011618
0.636165
0.633929
0.025935
0.178833
0.399705
0.426531
0.419035
0.013769
0.180180
0.010517
0.009735
0.014389
0.206769
0.180274
0.024109
0.020994
0.261377
0.171658
0.010549
0.061882
0.009934
0.175962
0.632921
0.408841
0.619929
0.026035
0.173983
0.521580
0.418859
0.194861
0.027856
0.179105
0.170562
0.178499
0.024497
0.166689
0.188601
0.201412
0.012996
0.008789
0.025566
0.150537
0.023587
0.173771
0.403809
0.193654
0.025516
0.010694
0.022212
0.260743
0.010472
0.169123
0.009075
0.410373
0.261013
0.191213
0.640002
0.025272
0.186289
0.610501
0.191765
0.605632
0.022288
0.409688
0.009878
0.023632
0.176740
0.374969
0.022840
0.638021
0.622838
0.180597
0.011327
0.173627
0.175209
0.169105
0.467220
0.025994
0.024790
0.172104
0.631910
0.013107
0.307849
0.642728
0.188240
0.007947
0.022220
0.413326
0.013625
0.021349
0.007320
0.194510
0.621025
0.020755
0.023109
0.173869
0.020572
0.412816
0.010244
0.011366
0.009785
0.009529
0.186417
0.179363
0.009962
0.627751
0.605785
0.030641
0.057683
0.186786
0.482893
0.026621
0.331577
0.381883
0.384572
0.025245
0.206493
0.185312
0.181211
0.663010
0.188961
0.016290
0.451949
0.185625
0.011537
0.007540
0.048365
0.178801
0.634075
0.026603
0.026702
0.197261
0.185543
0.011311
0.608388
0.650735
0.029719
0.184043
0.496855
0.184427
0.173138
0.166467
0.474929
0.024577
0.292594
0.314543
0.025898
0.010875
0.190708
0.610777
0.188076
0.011617
0.034093
0.017815
0.177785
0.614092
0.204716
0.014570
0.176908
0.168628
0.177825
0.476766
0.022877
0.170365
0.165299
0.010919
0.193145
0.418015
0.026555
0.308518
0.640980
0.172241
0.165321
0.025174
0.031315
0.150724
0.173911
0.010748
0.021845
0.195490
0.025775
0.495898
0.443991
0.256398
0.158349
0.012450
0.364316
0.434610
0.620308
0.661597
0.023168
0.025509
0.188432
0.664270
0.659765
0.036049
0.025989
0.180035
0.654141
0.014037
0.018875
0.040206
0.403605
0.516018
0.013195
0.024377
0.048808
0.025419
0.011828
0.384543
0.010266
0.195663
0.010225
0.182579
0.640497
0.520828
0.650827
0.190289
0.638982
0.013264
0.397241
0.248338
0.014352
0.184797
0.655194
0.014348
0.211429
0.408322
0.189487
0.011760
0.216521
0.014342
0.187427
0.649938
0.013486
0.632422
0.026484
0.182521
0.416660
0.027720
0.008053
0.030845
0.013244
0.010668
0.010457
0.009263
0.006530
0.009316
0.610383
0.040472
0.008828
0.010971
0.182725
0.502447
0.191014
0.661239
0.523240
0.306044
0.188637
0.008157
0.011428
0.006445
0.153463
0.187798
0.194645
0.012637
0.010313
0.177815
0.023550
0.010923
0.170887
0.173984
0.010308
0.021956
0.478192
0.189468
0.388508
0.410188
0.415564
0.188335
0.197956
0.012759
0.185032
0.621038
0.205093
0.013871
0.179562
0.627280
0.011590
0.010690
0.324795
0.400786
0.648211
0.666986
0.397417
0.180274
0.185607
0.329091
0.152275
0.145158
0.212929
0.017128
0.894079
0.660556
0.032628
0.196610
0.012454
0.190604
0.188024
0.201279
0.013082
0.487247
0.647843
0.013979
0.429270
0.486732
0.033254
0.206725
0.650089
0.049789
0.010434
0.642137
0.205727
0.026305
0.204305
0.417424
0.190916
0.012849
0.210568
0.394630
0.385670
0.407018
0.185735
0.607435
0.311349
0.009180
0.213248
0.183748
0.181280
0.192549
0.170564
0.186724
0.025194
0.165866
0.010571
0.022152
0.018279
0.189122
0.203952
0.013202
0.012455
0.180155
0.007148
0.618768
0.011759
0.009536
0.040241
0.012598
0.021183
0.500614
0.174835
0.174150
0.011685
0.185615
0.009382
0.413099
0.173985
0.023567
0.010510
0.190641
0.203397
0.182977
0.171935
0.011822
0.022808
0.016958
0.015186
0.175625
0.022487
0.523209
0.011893
0.386780
0.020726
0.194949
0.204205
0.018197
0.011799
0.182144
0.022345
0.181037
0.007124
0.305514
0.217242
0.416294
0.185175
0.329539
0.027856
0.390475
0.024930
0.149751
0.010585
0.634897
0.180260
0.632857
0.615645
0.626337
0.212802
0.009212
0.637798
0.012852
0.183789
0.024359
0.019244
0.009970
0.176643
0.010529
0.034196
0.148294
0.645348
0.185751
0.181132
0.338643
0.013742
0.007584
0.010009
0.009224
0.176858
0.642697
0.013403
0.025372
0.007984
0.008941
0.183071
0.007007
0.415169
0.338169
0.182080
0.146022
0.641096
0.611026
0.415000
0.390788
0.178767
0.011856
0.019396
0.022445
0.414812
0.633272
0.188983
0.209608
0.600623
0.187658
0.195390
0.609880
0.011805
0.641229
0.262000
0.147144
0.336653
0.415313
0.395971
0.012478
0.629192
0.036027
0.634988
0.013296
0.009962
0.009628
0.609821
0.206109
0.012732
0.007787
0.182163
0.023910
0.010508
0.386676
0.341035
0.023757
0.633890
0.014263
0.185698
0.404148
0.026146
0.009893
0.178274
0.413785
0.014333
0.308499
0.176407
0.010984
0.022547
0.184733
0.326238
0.182280
0.016757
0.009316
0.010412
0.022310
0.177386
0.007375
0.651355
0.639437
0.013272
0.196252
0.194160
0.172282
0.459544
0.517603
0.174074
0.466022
0.015575
0.611827
0.417872
0.028115
0.649917
0.179929
0.011850
0.190609
0.167746
0.023460
0.617379
0.037962
0.195658
0.174557
0.639829
0.391748
0.025121
0.010950
0.021070
0.391584
0.676392
0.635348
0.025533
0.189202
0.179039
0.181631
0.630189
0.012819
0.177394
0.177284
0.412120
0.025205
0.149695
0.611103
0.193532
0.438320
0.192118
0.417442
0.017660
0.011580
0.015876
0.023908
0.395781
0.187337
0.476035
0.179373
0.023037
0.007486
0.639180
0.508286
0.009039
0.428549
0.154122
0.015832
0.010672
0.414493
0.156347
0.210939
0.309587
0.389545
0.011689
0.171494
0.027505
0.011904
0.010973
0.182396
0.010605
0.009673
0.185052
0.176867
0.144528
0.640198
0.012518
0.009710
0.635996
0.188364
0.024697
0.024670
0.634939
0.201637
0.179478
0.011277
0.022717
0.016379
0.179707
0.623341
0.399179
0.025843
0.011243
0.187752
0.172438
0.614407
0.184927
0.024049
0.663434
0.461999
0.042790
0.009592
0.185200
0.017583
0.010416
0.009889
0.008634
0.177941
0.007102
0.010168
0.172273
0.018988
0.006445
0.479366
0.013562
0.186560
0.382540
0.285324
0.184482
0.187316
0.149814
0.022838
0.010862
0.013688
0.400118
0.186573
0.638918
0.206665
0.026986
0.022896
0.019923
0.391975
0.187550
0.179648
0.421362
0.620191
0.011612
0.011103
0.200567
0.175371
0.020178
0.187806
0.182500
0.282198
0.641298
0.179651
0.198612
0.185737
0.011775
0.609817
0.201068
0.176170
0.024296
0.021226
0.020440
0.019428
0.606824
0.189115
0.178777
0.011381
0.173413
0.508033
0.408905
0.231721
0.011104
0.460692
0.033061
0.010887
0.623277
0.183277
0.218794
0.027213
0.023830
0.394068
0.174729
0.208971
0.013669
0.183595
0.181147
0.022866
0.634680
0.013933
0.020229
0.192983
0.521483
0.027145
0.008152
0.021197
0.015410
0.288848
0.185024
0.184502
0.175398
0.486422
0.182047
0.309447
0.193024
0.025586
0.323937
0.617608
0.013114
0.206282
0.418237
0.010011
0.641197
0.026139
0.387035
0.011519
0.644675
0.608982
0.028968
0.011325
0.406593
0.026827
0.305910
0.182138
0.012216
0.012081
0.203173
0.413737
0.637753
0.192349
0.037515
0.023217
0.636443
0.178282
0.186028
0.181089
0.179639
0.204169
0.184543
0.607985
0.420124
0.179959
0.667526
0.185983
0.011719
0.024908
0.175487
0.309746
0.637137
0.020131
0.175797
0.182615
0.010603
0.202635
0.020441
0.609164
0.176360
0.011562
0.007278
0.677623
0.400704
0.406549
0.013125
0.192473
0.182045
0.180969
0.630055
0.025912
0.021829
0.021777
0.010336
0.269007
0.413576
0.026734
0.010874
0.186859
0.176853
0.280765
0.187639
0.011019
0.419997
0.019380
0.185209
0.010742
0.417650
0.025116
0.619911
0.081450
0.185711
0.012510
0.187392
0.015705
0.632561
0.187593
0.011258
0.311821
0.026120
0.625745
0.184634
0.407269
0.643642
0.184508
0.179524
0.204192
0.182627
0.008269
0.390830
0.015440
0.179255
0.197125
0.014361
0.024196
0.182232
0.177860
0.459764
0.667252
0.012739
0.185488
0.010933
0.014290
0.022050
0.009661
0.416787
0.152152
0.630888
0.606563
0.011782
0.419156
0.611254
0.632168
0.012554
0.009647
0.031242
0.207178
0.027737
0.261818
0.212762
0.012710
0.010620
0.683246
0.030220
0.225332
0.177956
0.012193
0.606063
0.029655
0.440357
0.022198
0.456157
0.227455
0.183268
0.012449
0.007340
0.010693
0.018520
0.487236
0.191585
0.041865
0.186823
0.012102
0.177051
0.024362
0.259520
0.022148
0.029428
0.421205
0.391590
0.388234
0.011594
0.466983
0.181087
0.385881
0.331396
0.011369
0.009136
0.015841
0.017282
0.218302
0.025752
0.261831
0.638162
0.401629
0.209196
0.394224
0.023939
0.183237
0.019636
0.011527
0.010202
0.188538
0.324561
0.013070
0.180851
0.387065
0.667919
0.688869
0.037747
0.615479
0.025968
0.007311
0.209474
0.013103
0.010119
0.603816
0.635539
0.185882
0.152460
0.023951
0.186448
0.036360
0.182883
0.013247
0.186756
0.662834
0.012905
0.076390
0.009526
0.009783
0.022543
0.398951
0.314653
0.199902
0.179850
0.011419
0.615964
0.511925
0.010261
0.153509
0.009555
0.022509
0.412937
0.191329
0.176564
0.045508
0.187748
0.011862
0.521359
0.013335
0.186890
0.631355
0.612745
0.008406
0.017806
0.023567
0.188000
0.022709
0.020437
0.020673
0.007004
0.278437
0.392502
0.011637
0.185032
0.428317
0.649714
0.201801
0.009073
0.031466
0.179051
0.010931
0.388016
0.023205
0.010092
0.152833
0.011097
0.198761
0.186802
0.178260
0.146529
0.182462
0.199055
0.012670
0.024055
0.010807
0.008628
0.618004
0.184534
0.660173
0.025635
0.422048
0.012648
0.151848
0.007362
0.387392
0.395607
0.029504
0.609142
0.020464
0.007410
0.628357
0.309022
0.008699
0.010708
0.010244
0.023510
0.021167
0.179300
0.024604
0.022107
0.009605
0.014932
0.208583
0.012974
0.326531
0.027383
0.020197
0.182630
0.009954
0.641437
0.012667
0.178442
0.146162
0.023214
0.649724
0.204596
0.032350
0.185475
0.209808
0.014074
0.188710
0.029863
0.610105
0.009124
0.501124
0.012581
0.007171
0.220173
0.181321
0.011988
0.639843
0.025507
0.151878
0.422513
0.183799
0.383677
0.181863
0.288384
0.380244
0.179590
0.413374
0.178730
0.673265
0.539077
0.265084
0.637975
0.395926
0.199768
0.013858
0.006982
0.182702
0.010130
0.011795
0.189036
0.010132
0.182247
0.180527
0.213211
0.635083
0.268995
0.198942
0.009261
0.006558
0.603532
0.025373
0.640509
0.325927
0.182328
0.628857
0.310848
0.196860
0.025569
0.010651
0.021627
0.629324
0.641218
0.392662
0.024691
0.515787
0.393733
0.017569
0.199138
0.200578
0.187183
0.629691
0.186276
0.012117
0.181729
0.087798
0.029355
0.186849
0.426698
0.180809
0.388975
0.643457
0.013458
0.023919
0.493656
0.412275
0.192578
0.180352
0.412538
0.640363
0.190707
0.172148
0.183412
0.262486
0.628865
0.412365
0.259878
0.641635
0.181047
0.640393
0.645651
0.205343
0.185290
0.011993
0.607454
0.165351
0.184615
0.178204
0.628360
0.611856
0.011660
0.016692
0.185243
0.008260
0.205887
0.012545
0.346471
0.187031
0.010656
0.636316
0.183483
0.671936
0.647841
0.217612
0.183960
0.174815
0.326868
0.206506
0.187086
0.491976
0.156913
0.207910
0.030183
0.023705
0.011199
0.181852
0.010988
0.457134
0.188431
0.166311
0.263213
0.175700
0.011676
0.017741
0.633629
0.184225
0.008910
0.178392
0.175159
0.195182
0.185646
0.418610
0.186939
0.179385
0.631052
0.525526
0.184937
0.025240
0.614618
0.401585
0.012613
0.178118
0.472231
0.014164
0.180934
0.024064
0.021648
0.336281
0.026964
0.307715
0.195502
0.398930
0.173985
0.417301
0.026579
0.177822
0.617279
0.016356
0.011805
0.192184
0.022991
0.038108
0.021523
0.615362
0.192777
0.630376
0.012637
0.158868
0.019176
0.196719
0.262809
0.177351
0.011186
0.172142
0.151814
0.410637
0.192138
0.179130
0.416821
0.387004
0.188376
0.011287
0.149320
0.213260
0.480243
0.629986
0.012684
0.262486
0.008255
0.184669
0.024487
0.181614
0.415682
0.456658
0.521208
0.013469
0.010200
0.009851
0.188557
0.506820
0.631336
0.515138
0.185349
0.011320
0.023233
0.450792
0.466846
0.180982
0.383285
0.011102
0.026143
0.632946
0.177418
0.519133
0.180455
0.275954
0.638345
0.620840
0.195398
0.611160
0.183680
0.027693
0.620357
0.189375
0.425760
0.423473
0.177560
0.198564
0.016797
0.501957
0.025502
0.176313
0.155400
0.023389
0.624935
0.398377
0.194411
0.182469
0.008648
0.174041
0.180400
0.424719
0.187602
0.021032
0.024330
0.021827
0.679780
0.461850
0.019518
0.402490
0.192826
0.012205
0.021974
0.181236
0.010318
0.630906
0.012834
0.616781
0.011439
0.487342
0.186432
0.011651
0.009996
0.203041
0.418078
0.389552
0.452605
0.416604
0.494632
0.012213
0.009953
0.213027
0.186853
0.182012
0.012369
0.010133
0.010260
0.181189
0.410965
0.263971
0.011632
0.207078
0.181721
0.024730
0.416234
0.391133
0.187732
0.011157
0.022797
0.010382
0.009639
0.016606
0.520653
0.012688
0.007409
0.629323
0.204398
0.186762
0.008283
0.180025
0.010641
0.178665
0.181473
0.019492
0.198914
0.178683
0.640769
0.042263
0.018086
0.010941
0.016337
0.148704
0.181975
0.642533
0.183561
0.604459
0.011668
0.006994
0.009447
0.200347
0.025501
0.185812
0.027231
0.014821
0.393548
0.024796
0.637653
0.210164
0.631747
0.012501
0.179972
0.010513
0.462557
0.325817
0.189610
0.177074
0.011420
0.010236
0.180316
0.007366
0.516543
0.623566
0.203666
0.627022
0.156459
0.632867
0.012580
0.010440
0.024669
0.185933
0.208908
0.183853
0.606166
0.432578
0.639265
0.214672
0.034744
0.445571
0.641663
0.386695
0.008534
0.010861
0.024202
0.021986
0.020140
0.010566
0.189374
0.202843
0.179907
0.384463
0.184388
0.202723
0.025133
0.182050
0.179312
0.010300
0.019640
0.021614
0.148343
0.178795
0.035379
0.008086
0.653693
0.479364
0.185250
0.178037
0.011383
0.447053
0.633700
0.180305
0.412053
0.181043
0.616633
0.667406
0.185086
0.632412
0.013238
0.181089
0.010315
0.262444
0.200164
0.178732
0.185062
0.024561
0.016934
0.146429
0.009836
0.525261
0.176377
0.623150
0.033001
0.025439
0.022357
0.425539
0.189662
0.176693
0.639533
0.013370
0.022866
0.403495
0.409764
0.009882
0.188933
0.631884
0.009712
0.459749
0.011153
0.148065
0.009609
0.284428
0.636030
0.192110
0.476575
0.026211
0.011251
0.021680
0.385781
0.517711
0.031708
0.016779
0.022115
0.016832
0.021871
0.035874
0.010678
0.631247
0.618374
0.018440
0.217440
0.188152
0.011682
0.027918
0.203035
0.184417
0.008655
0.418162
0.009685
0.453856
0.516304
0.018417
0.189351
0.177215
0.010900
0.023102
0.178982
0.185164
0.017212
0.203934
0.012555
0.609010
0.180519
0.024024
0.021810
0.200445
0.026236
0.625514
0.418986
0.188487
0.178512
0.625384
0.180741
0.024468
0.177458
0.021394
0.179495
0.200333
0.183486
0.109660
0.484597
0.720547
0.566683
0.016756
0.184355
0.183222
0.011615
0.172691
0.640452
0.612938
0.435100
0.032686
0.009098
0.395171
0.222598
0.014007
0.642687
0.654589
0.018315
0.011789
0.015057
0.186007
0.022887
0.194186
0.010663
0.649465
0.012984
0.269863
0.671382
0.022047
0.023249
0.010256
0.636317
0.014218
0.648445
0.012193
0.031466
0.638917
0.188253
0.008617
0.198333
0.202405
0.613710
0.186187
0.219674
0.026696
0.022844
0.186057
0.647616
0.027167
0.183244
0.178815
0.041453
0.178408
0.449483
0.158263
0.395718
0.498330
0.019158
0.615749
0.011421
0.211862
0.399888
0.017588
0.025040
0.007177
0.010795
0.182821
0.021659
0.024634
0.186449
0.662058
0.027150
0.185037
0.199607
0.608032
0.025242
0.178316
0.021663
0.417330
0.613400
0.027508
0.196390
0.025386
0.010447
0.006690
0.172790
0.168853
0.636914
0.026292
0.169392
0.212612
0.204415
0.191126
0.202271
0.013613
0.396420
0.537139
0.011230
0.020235
0.009389
0.308820
0.011304
0.179887
0.635032
0.020701
0.024858
0.185061
0.262623
0.023012
0.020938
0.010202
0.020172
0.681362
0.018750
0.187311
0.154873
0.008965
0.203013
0.031183
0.179808
0.028952
0.011764
0.675601
0.186184
0.327060
0.039975
0.264985
0.639290
0.181622
0.183689
0.202371
0.653156
0.014897
0.184487
0.011977
0.194560
0.321334
0.026925
0.680792
0.028466
0.011516
0.007539
0.007012
0.185422
0.026312
0.640268
0.193677
0.019762
0.182312
0.016089
0.656356
0.023299
0.009160
0.023388
0.657478
0.172791
0.013371
0.404441
0.010852
0.178337
0.636177
0.188292
0.175519
0.631361
0.031084
0.028280
0.391871
0.157388
0.730013
0.644416
0.072374
0.010919
0.261198
0.009578
0.023331
0.629387
0.012847
0.181389
0.023051
0.021287
0.325186
0.283334
0.308159
0.026214
0.020597
0.007264
0.020128
0.479910
0.013073
0.306273
0.286943
0.309076
0.044078
0.611661
0.011880
0.630180
0.628742
0.009426
0.631797
0.186456
0.483600
0.018498
0.022916
0.641517
0.322121
0.616997
0.411992
0.622060
0.170191
0.196117
0.012655
0.177706
0.185837
0.009679
0.017064
0.182781
0.204668
0.263667
0.644615
0.213812
0.026810
0.009565
0.181907
0.174598
0.186455
0.012805
0.637950
0.024763
0.021138
0.321680
0.023757
0.010665
0.194673
0.024430
0.151703
0.606545
0.010889
0.217455
0.009851
0.644550
0.022987
0.188674
0.635272
0.174097
0.011693
0.009629
0.175379
0.009523
0.185936
0.262635
0.464030
0.196578
0.027206
0.023852
0.189309
0.181144
0.458008
0.204976
0.647865
0.209428
0.013969
0.175433
0.018444
0.181255
0.023057
0.179250
0.173586
0.027820
0.230959
0.048802
0.011097
0.022314
0.021552
0.021247
0.168242
0.347632
0.026042
0.190573
0.010427
0.649739
0.183128
0.186575
0.672905
0.175763
0.010465
0.417326
0.321906
0.180305
0.154619
0.478841
0.010140
0.175890
0.168683
0.640121
0.012897
0.149306
0.024184
0.395558
0.027943
0.390022
0.219514
0.179592
0.012341
0.009920
0.009964
0.638865
0.394667
0.011630
0.023031
0.191454
0.391843
0.638981
0.013228
0.024613
0.010412
0.174518
0.022897
0.199546
0.175866
0.011494
0.009404
0.009855
0.212525
0.028044
0.011845
0.171595
0.634210
0.193259
0.024450
0.010080
0.612484
0.344531
0.010362
0.497757
0.023955
0.186445
0.286910
0.174933
0.455283
0.189226
0.009328
0.010955
0.665627
0.025839
0.010162
0.022677
0.010046
0.640774
0.394019
0.026470
0.021093
0.407727
0.619763
0.427913
0.186289
0.011468
0.010389
0.021776
0.021227
0.016839
0.637565
0.024390
0.412591
0.267137
0.214419
0.025634
0.186860
0.399760
0.009033
0.182198
0.644146
0.647862
0.015150
0.177608
0.011135
0.610324
0.565142
0.632798
0.152242
0.182217
0.023324
0.176671
0.193633
0.021553
0.021179
0.413228
0.395460
0.199663
0.033887
0.013695
0.610813
0.008081
0.022835
0.010157
0.173815
0.209195
0.012743
0.011696
0.176271
0.652154
0.650195
0.627533
0.185061
0.147236
0.411015
0.013530
0.009542
0.209791
0.011236
0.010724
0.181940
0.642708
0.188663
0.036798
0.007073
0.023456
0.006403
0.425220
0.027051
0.182479
0.204917
0.013695
0.010490
0.010064
0.009139
0.009311
0.148532
0.613821
0.161871
0.187363
0.403009
0.011459
0.639680
0.396363
0.026069
0.214175
0.397700
0.227164
0.013115
0.024600
0.021516
0.009850
0.625182
0.618353
0.027215
0.181337
0.023518
0.020685
0.611042
0.021364
0.010033
0.007519
0.583564
0.655550
0.184958
0.012067
0.010545
0.009347
0.208745
0.010277
0.188830
0.010836
0.006959
0.627355
0.025630
0.175771
0.007973
0.430369
0.027573
0.010026
0.179080
0.455022
0.010826
0.181613
0.408689
0.013036
0.188998
0.470837
0.524567
0.628769
0.178180
0.618330
0.207576
0.175782
0.147320
0.024588
0.187794
0.184931
0.571427
0.183073
0.012367
0.186384
0.690939
0.013964
0.023843
0.634026
0.028215
0.185264
0.010455
0.180667
0.539519
0.181200
0.008659
0.149423
0.028785
0.184156
0.184251
0.208801
0.013076
0.459121
0.668181
0.014214
0.653362
0.046217
0.014114
0.025266
0.032875
0.467863
0.181812
0.018203
0.010486
0.641561
0.401914
0.206113
0.027326
0.190400
0.179939
0.387545
0.682400
0.014052
0.026399
0.180354
0.017964
0.006724
0.010774
0.413282
0.021959
0.010609
0.624036
0.024962
0.216104
0.024316
0.185072
0.010253
0.183618
0.527755
0.312128
0.617665
0.657610
0.013374
0.645255
0.025543
0.010065
0.181608
0.152553
0.184404
0.201428
0.012128
0.009919
0.017497
0.618627
0.411601
0.616156
0.023630
0.636528
0.203072
0.024598
0.015971
0.017911
0.416592
0.184149
0.024610
0.628792
0.216351
0.021044
0.176671
0.011396
0.183043
0.169074
0.151683
0.191291
0.012857
0.179159
0.168828
0.174211
0.185524
0.187883
0.669937
0.177342
0.023787
0.021881
0.025372
0.170757
0.010153
0.610477
0.011025
0.177183
0.026453
0.021006
0.688913
0.951227
0.272942
0.793915
0.021631
0.272027
0.900219
0.036612
0.733604
0.191481
0.012597
0.232032
0.179295
0.016513
0.179043
0.177708
0.191353
0.010230
0.223063
0.013326
0.176045
0.208818
0.647842
0.175716
0.610518
0.632399
0.009369
0.182717
0.453776
0.231523
0.028441
0.011040
0.320281
0.441743
0.647168
0.018907
0.203955
0.188861
0.628098
0.424916
0.617306
0.023935
0.157145
0.178926
0.184064
0.176855
0.010890
0.023681
0.011226
0.629947
0.679631
0.178063
0.024295
0.018608
0.021332
0.009763
0.009404
0.029239
0.610853
0.200267
0.617046
0.180238
0.406192
0.013556
0.009834
0.009789
0.010002
0.009375
0.009744
0.394866
0.009061
0.206975
0.418034
0.023812
0.024374
0.010922
0.394412
0.011759
0.032313
0.179437
0.011849
0.180095
0.010195
0.171415
0.007541
0.022093
0.415883
0.177261
0.622895
0.533048
0.013385
0.007610
0.637316
0.027463
0.191760
0.339385
0.184804
0.011549
0.415399
0.609332
0.159962
0.029342
0.009736
0.010798
0.179277
0.149634
0.196356
0.197115
0.212216
0.650787
0.027658
0.446318
0.639854
0.023633
0.024607
0.210048
0.466654
0.184656
0.414768
0.309194
0.180571
0.012006
0.173710
0.030668
0.022817
0.635601
0.009458
0.628473
0.009686
0.011915
0.631816
0.018040
0.522632
0.009850
0.023953
0.384615
0.686488
0.180559
0.321178
0.224582
0.176162
0.307976
0.011923
0.178217
0.014677
0.414224
0.013510
0.009958
0.217550
0.654471
0.011659
0.604346
0.025756
0.020929
0.647193
0.013584
0.178001
0.631213
0.188157
0.172952
0.023802
0.528361
0.013176
0.186254
0.010205
0.009783
0.041709
0.027871
0.183233
0.022669
0.014852
0.410174
0.185115
0.177951
0.384498
0.011353
0.203782
0.039298
0.022572
0.303861
0.014634
0.262614
0.023101
0.154659
0.009791
0.164314
0.012621
0.007069
0.023448
0.611226
0.180644
0.324403
0.012458
0.202982
0.194633
0.146597
0.640471
0.188453
0.327993
0.397009
0.186480
0.024542
0.010577
0.009793
0.418247
0.193894
0.617542
0.017295
0.184887
0.149336
0.635805
0.634473
0.025176
0.010950
0.149513
0.174656
0.339146
0.190917
0.181714
0.023042
0.174582
0.175666
0.187978
0.168356
0.405253
0.014229
0.193901
0.093100
0.179780
0.175022
0.683060
0.610432
0.024438
0.148750
0.424954
0.190065
0.023564
0.641214
0.654032
0.552828
0.427449
0.218561
0.396841
0.183720
0.024538
0.418478
0.027249
0.184932
0.181704
0.022656
0.010702
0.020434
0.400644
0.204802
0.010840
0.536011
0.183145
0.216078
0.182173
0.023957
0.019935
0.202061
0.659900
0.181736
0.319015
0.021011
0.650613
0.021864
0.188795
0.404712
0.009212
0.042768
0.024494
0.608046
0.627458
0.411771
0.183803
0.029273
0.021265
0.199862
0.183616
0.012472
0.390322
0.196760
0.637882
0.025875
0.630919
0.185868
0.008620
0.009658
0.180545
0.022717
0.180452
0.154662
0.055407
0.390076
0.011620
0.049872
0.384740
0.203710
0.026381
0.020974
0.021728
0.390630
0.010810
0.190238
0.407419
0.188989
0.011602
0.614415
0.049841
0.026923
0.194422
0.015187
0.308709
0.442302
0.258557
0.669470
0.439229
0.336860
0.033790
0.025997
0.220502
0.183035
0.169273
0.400509
0.590983
0.660067
0.650490
0.357440
0.201520
0.183148
0.182923
0.429378
0.188580
0.392677
0.186513
0.012371
0.212091
0.013242
0.009807
0.181038
0.176708
0.011225
0.023960
0.009771
0.641041
0.679739
0.163870
0.038777
0.181163
0.172150
0.182142
0.646133
0.194826
0.026591
0.010580
0.183869
0.267730
0.213390
0.184371
0.332477
0.655640
0.229104
0.655573
0.477777
0.647686
0.014084
0.022220
0.186929
0.181247
0.429937
0.053478
0.011783
0.021379
0.010262
0.324814
0.194229
0.231942
0.027271
0.012617
0.183075
0.021087
0.020250
0.298188
0.013459
0.326270
0.215261
0.183829
0.661843
0.611327
0.643575
0.156546
0.012740
0.175885
0.426069
0.031926
0.011355
0.009258
0.190944
0.211902
0.013110
0.185351
0.530179
0.752892
0.026583
0.348832
0.393233
0.221434
0.193006
0.309918
0.185250
0.190704
0.013228
0.024950
0.027114
0.203706
0.180099
0.023851
0.010674
0.020461
0.008267
0.690931
0.182049
0.149636
0.011517
0.639771
0.187451
0.173838
0.167661
0.163724
0.637570
0.397466
0.024882
0.430955
0.419790
0.013563
0.010929
0.180964
0.208802
0.011763
0.024660
0.609001
0.490244
0.184912
0.173822
0.419804
0.183019
0.388014
0.174685
0.209893
0.028126
0.150010
0.185057
0.446975
0.015549
0.180628
0.023487
0.392364
0.401784
0.506115
0.014407
0.396492
0.197945
0.182076
0.652775
0.186614
0.012175
0.636185
0.201497
0.011129
0.006519
0.010084
0.180493
0.397482
0.007349
0.483415
0.028762
0.185708
0.010785
0.021529
0.174647
0.184597
0.022739
0.021257
0.636359
0.013187
0.021621
0.181177
0.178628
0.412425
0.219670
0.183762
0.010878
0.023211
0.628589
0.189147
0.180598
0.150623
0.200511
0.182992
0.272995
0.183554
0.418683
0.604573
0.634815
0.026104
0.206159
0.026157
0.628798
0.602576
0.023968
0.201486
0.180922
0.023964
0.610173
0.200818
0.604654
0.013083
0.493563
0.202812
0.186888
0.420885
0.180728
0.386655
0.414668
0.013552
0.176648
0.387287
0.188928
0.641933
0.037839
0.176677
0.010932
0.184052
0.193611
0.185710
0.205536
0.175630
0.165871
0.284185
0.170790
0.162907
0.025103
0.164515
0.011248
0.175925
0.414786
0.605681
0.021614
0.423552
0.152042
0.649492
0.176447
0.648484
0.188920
0.191913
0.387804
0.189570
0.009186
0.332432
0.014213
0.610871
0.016913
0.476555
0.637302
0.184454
0.483668
0.250754
0.023295
0.467021
0.682765
0.631433
0.029040
0.227194
0.028601
0.212522
0.036256
0.157357
0.418226
0.227575
0.181046
0.024097
0.249593
0.332011
0.205418
0.028371
0.023886
0.020669
0.011502
0.179910
0.391609
0.196950
0.187318
0.499728
0.180650
0.487769
0.426837
0.029636
0.023031
0.225522
0.010675
0.026506
0.188733
0.434825
0.190685
0.199640
0.188711
0.182198
0.175631
0.526618
0.616767
0.012961
0.009931
0.007564
0.202248
0.014105
0.187803
0.010892
0.182056
0.176695
0.174109
0.193203
0.009994
0.493038
0.013534
0.184719
0.417361
0.009636
0.153905
0.630417
0.202578
0.181615
0.261367
0.025279
0.021290
0.020971
0.177852
0.488053
0.632216
0.055667
0.027374
0.417558
0.029213
0.182094
0.011385
0.525138
0.391091
0.025624
0.178605
0.011724
0.543252
0.024160
0.011206
0.190739
0.479320
0.185683
0.443905
0.186818
0.194277
0.013215
0.634936
0.012881
0.176729
0.011503
0.207886
0.170201
0.183462
0.633676
0.012515
0.010450
0.010140
0.608410
0.420536
0.456614
0.186732
0.665261
0.028155
0.010791
0.014194
0.629462
0.265428
0.023753
0.021617
0.187301
0.186263
0.202678
0.013147
0.388690
0.010673
0.178645
0.343468
0.028473
0.177612
0.010807
0.009960
0.260362
0.628018
0.647734
0.026732
0.280313
0.178399
0.182079
0.015628
0.631860
0.025966
0.614414
0.022731
0.689836
0.027581
0.400260
0.538561
0.015104
0.262911
0.194182
0.197228
0.012724
0.613272
0.547911
0.013683
0.386494
0.157796
0.202177
0.394646
0.388769
0.212763
0.025633
0.176344
0.008522
0.274174
0.637106
0.400744
0.419190
0.178788
0.012844
0.170456
0.257654
0.023599
0.190520
0.687958
0.179510
0.450346
0.653056
0.208455
0.182503
0.012244
0.010412
0.149987
0.026357
0.007406
0.177146
0.009791
0.021819
0.191716
0.631689
0.011960
0.007165
0.655978
0.017003
0.413626
0.272729
0.679676
0.638259
0.469547
0.012637
0.193704
0.206166
0.153288
0.624392
0.278379
0.185518
0.399996
0.667985
0.020375
0.011191
0.638578
0.188036
0.389953
0.022469
0.188000
0.206404
0.399214
0.394693
0.017580
0.518434
0.428439
0.218560
0.541930
0.028301
0.219214
0.012727
0.211750
0.025614
0.393910
0.175617
0.193614
0.040446
0.013518
0.011560
0.015199
0.611377
0.186522
0.200958
0.474569
0.015930
0.177703
0.183758
0.207251
0.169950
0.194254
0.188490
0.181000
0.024906
0.015607
0.189769
0.623372
0.032146
0.177451
0.030077
0.039165
0.396887
0.170768
0.166103
0.630403
0.013468
0.025405
0.184135
0.179391
0.155160
0.033953
0.025687
0.028323
0.325915
0.221943
0.027725
0.636430
0.182594
0.151276
0.185173
0.185772
0.011606
0.194399
0.172449
0.229349
0.169738
0.011801
0.654938
0.028396
0.187470
0.422935
0.182243
0.172042
0.199415
0.640011
0.486451
0.025263
0.007730
0.192354
0.174480
0.186350
0.179974
0.177720
0.011716
0.421540
0.027896
0.010416
0.149634
0.007785
0.394711
0.479973
0.640525
0.420434
0.028220
0.612635
0.216390
0.024893
0.184535
0.022508
0.185605
0.009965
0.010405
0.621744
0.387321
0.475770
0.652766
0.190719
0.205945
0.012941
0.008153
0.394768
0.011162
0.022487
0.624366
0.026049
0.177872
0.406017
0.218640
0.184488
0.180275
0.391687
0.683492
0.648707
0.013351
0.184466
0.261046
0.630629
0.026372
0.504389
0.185379
0.195718
0.012901
0.008600
0.603717
0.410024
0.634137
0.639754
0.638708
0.026274
0.175175
0.022396
0.170852
0.182651
0.420098
0.009868
0.613027
0.024556
0.010383
0.182665
0.206036
0.178958
0.658449
0.263731
0.454454
0.011498
0.023236
0.009992
0.205526
0.191628
0.178730
0.022894
0.179071
0.179213
0.177934
0.412827
0.012669
0.024577
0.021662
0.181896
0.178480
0.630421
0.025125
0.293159
0.019448
0.486250
0.014182
0.014573
0.179249
0.025734
0.182412
0.010788
0.022387
0.631620
0.028617
0.023564
0.010623
0.178215
0.021080
0.009974
0.150214
0.192834
0.010941
0.193153
0.012174
0.021870
0.392297
0.483662
0.189056
0.023442
0.010322
0.416985
0.025338
0.285349
0.013286
0.010899
0.006792
0.390585
0.018317
0.497359
0.195341
0.028346
0.331330
0.329980
0.230119
0.015217
0.026096
0.188127
0.016922
0.314473
0.650927
0.210942
0.028793
0.402849
0.517270
0.013298
0.011156
0.390920
0.011731
0.007677
0.324333
0.616908
0.015489
0.018597
0.415711
0.178536
0.147753
0.011274
0.324995
0.031547
0.384560
0.330816
0.200560
0.324531
0.013702
0.262737
0.184511
0.008400
0.192211
0.026981
0.222155
0.013686
0.613802
0.218464
0.021528
0.010727
0.493392
0.010443
0.180076
0.010918
0.007075
0.208718
0.321577
0.680922
0.196852
0.397700
0.012305
0.178700
0.212819
0.467519
0.027129
0.636730
0.180505
0.019031
0.262257
0.185504
0.417945
0.648124
0.420093
0.021833
0.497738
0.636454
0.183650
0.011401
0.010251
0.024203
0.413731
0.262304
0.024273
0.188815
0.021751
0.182599
0.198517
0.016324
0.403886
0.211422
0.205548
0.013467
0.414608
0.177309
0.169937
0.426584
0.013912
0.152399
0.391306
0.635100
0.186057
0.387207
0.226896
0.014514
0.180488
0.524122
0.637355
0.634952
0.020153
0.007262
0.188012
0.017369
0.024720
0.182361
0.007019
0.016321
0.181958
0.181442
0.198974
0.010239
0.022722
0.601999
0.186342
0.023618
0.403199
0.009942
0.024594
0.665386
0.013924
0.023766
0.011119
0.185206
0.456014
0.010916
0.420185
0.188123
0.149225
0.629985
0.185230
0.183493
0.032456
0.180180
0.011491
0.183782
0.197208
0.346188
0.186699
0.179718
0.008179
0.006611
0.411405
0.013320
0.009870
0.179513
0.148552
0.024245
0.009595
0.021922
0.018590
0.179768
0.283537
0.179755
0.182027
0.478058
0.616772
0.011955
0.023502
0.520598
0.517088
0.026810
0.191638
0.011951
0.200601
0.390944
0.180578
0.011245
0.007526
0.510551
0.181210
0.173815
0.414420
0.453038
0.179317
0.185688
0.011224
0.022070
0.014726
0.010298
0.006669
0.017625
0.006472
0.194718
0.633166
0.013346
0.641945
0.178743
0.626181
0.189986
0.151578
0.482057
0.666758
0.028524
0.184018
0.041968
0.189895
0.426932
0.014637
0.415397
0.176436
0.037078
0.023188
0.412864
0.192290
0.170357
0.617226
0.025160
0.186105
0.197711
0.647347
0.685591
0.190388
0.024998
0.636688
0.026778
0.183442
0.419536
0.203524
0.462639
0.641415
0.188176
0.014845
0.180043
0.490558
0.027330
0.011992
0.027032
0.339455
0.026508
0.183822
0.200360
0.174255
0.394322
0.017621
0.412635
0.016048
0.178375
0.386225
0.172563
0.009003
0.339076
0.184085
0.187713
0.303607
0.211336
0.639361
0.186137
0.199632
0.394663
0.012125
0.646339
0.180908
0.026297
0.615861
0.196401
0.009665
0.006809
0.613802
0.705620
0.177247
0.445575
0.029976
0.211248
0.183909
0.183818
0.654440
0.637185
0.602491
0.177256
0.216680
0.187270
0.014135
0.010427
0.023205
0.501932
0.014175
0.017733
0.421187
0.022853
0.186347
0.007836
0.178969
0.022512
0.499904
0.013987
0.614625
0.690316
0.206348
0.634113
0.211043
0.013415
0.266547
0.280310
0.608521
0.012530
0.010525
0.009480
0.283940
0.607654
0.177815
0.203820
0.325035
0.012542
0.026187
0.628453
0.396436
0.085853
0.658213
0.607754
0.179049
0.009192
0.042169
0.024855
0.021451
0.010420
0.172323
0.010590
0.464016
0.022332
0.021051
0.185098
0.404927
0.013013
0.022460
0.450631
0.228764
0.634811
0.209041
0.525265
0.456851
0.205822
0.012890
0.185107
0.009268
0.385076
0.410530
0.183620
0.491488
0.208047
0.184244
0.479297
0.419360
0.388856
0.187098
0.012269
0.327498
0.187245
0.011879
0.009634
0.607258
0.009931
0.205538
0.182856
0.264072
0.179928
0.172429
0.012179
0.252810
0.011400
0.012053
0.152450
0.028698
0.009806
0.009984
0.200977
0.027014
0.022804
0.170571
0.154662
0.041563
0.188061
0.605953
0.008674
0.019592
0.022733
0.205181
0.012884
0.177562
0.609026
0.206861
0.012561
0.175043
0.010398
0.167982
0.637696
0.644097
0.188030
0.199743
0.263639
0.179485
0.403868
0.046471
0.151590
0.011389
0.007155
0.022219
0.021848
0.457547
0.176676
0.029965
0.020908
0.203164
0.190809
0.619155
0.195729
0.190173
0.011536
0.202116
0.186842
0.023117
0.634218
0.636638
0.182223
0.171135
0.024288
0.390006
0.195755
0.012568
0.007082
0.187260
0.034272
0.260063
0.011123
0.403425
0.011315
0.663603
0.178569
0.192730
0.030355
0.188035
0.179038
0.390487
0.023382
0.191711
0.400586
0.027798
0.011144
0.308988
0.288779
0.191973
0.624546
0.171790
0.178671
0.493196
0.182100
0.012097
0.190116
0.167444
0.019863
0.022392
0.010167
0.389959
0.022836
0.009879
0.421011
0.193644
0.179790
0.010288
0.182723
0.022219
0.009618
0.283677
0.396887
0.306577
0.011964
0.228086
0.013671
0.010188
0.021630
0.183592
0.203009
0.181691
0.182148
0.080062
0.330029
0.012888
0.023735
0.619311
0.626278
0.024531
0.021930
0.184651
0.285963
0.606226
0.181012
0.207838
0.018513
0.178219
0.150516
0.009968
0.015247
0.027464
0.501475
0.381977
0.024616
0.433423
0.317290
0.187548
0.655332
0.251972
0.220346
0.039515
0.435622
0.684942
0.189854
0.013148
0.029619
0.631365
0.013466
0.187380
0.434907
0.028449
0.021263
0.019618
0.265426
0.182135
0.509915
0.204091
0.667660
0.013872
0.549725
0.278070
0.485984
0.013749
0.178174
0.415764
0.181442
0.025789
0.011043
0.148435
0.187492
0.022391
0.412719
0.186032
0.191435
0.025252
0.020631
0.184309
0.010241
0.018533
0.010302
0.179080
0.008939
0.202275
0.019864
0.174819
0.022758
0.649752
0.642215
0.321212
0.209013
0.175642
0.025188
0.184816
0.172000
0.020337
0.329030
0.179269
0.023589
0.184476
0.171065
0.010610
0.653379
0.209229
0.641467
0.013323
0.171741
0.007811
0.009801
0.022917
0.610762
0.187161
0.264021
0.168852
0.022467
0.627250
0.172465
0.164284
0.408333
0.170561
0.423203
0.027484
0.637721
0.171720
0.011550
0.309018
0.023110
0.209418
0.028887
0.566605
0.199606
0.012399
0.225158
0.028426
0.182857
0.624851
0.213619
0.012817
0.182680
0.208855
0.025420
0.181584
0.184959
0.202513
0.010067
0.612126
0.023169
0.021081
0.436025
0.010123
0.018060
0.616488
0.010121
0.206325
0.273672
0.012342
0.180072
0.636871
0.666516
0.209846
0.618463
0.267580
0.202122
0.401739
0.185236
0.183760
0.021575
0.199294
0.177782
0.613020
0.669289
0.153187
0.192523
0.042316
0.183206
0.173691
0.461865
0.020114
0.284019
0.177222
0.025930
0.182970
0.478157
0.014067
0.178138
0.024046
0.180693
0.009904
0.010440
0.175482
0.170669
0.679790
0.174035
0.633883
0.170894
0.011052
0.163189
0.189249
0.205471
0.397552
0.264746
0.185695
0.020907
0.017841
0.453749
0.669353
0.184624
0.013501
0.030653
0.651972
0.012118
0.037751
0.613850
0.630227
0.031410
0.475490
0.212187
0.034734
0.196742
0.012260
0.178926
0.462122
0.011265
0.151808
0.180620
0.186067
0.291754
0.530565
0.446015
0.190723
0.647683
0.013514
0.025727
0.007520
0.400950
0.010918
0.217012
0.390915
0.026359
0.009478
0.015657
0.633661
0.026542
0.654029
0.406083
0.384470
0.188110
0.179205
0.014390
0.178105
0.010186
0.620014
0.199370
0.025893
0.011014
0.010559
0.021855
0.020647
0.616717
0.405839
0.204038
0.678976
0.029245
0.026244
0.650653
0.017950
0.011164
0.444614
0.445594
0.230526
0.407136
0.191888
0.176499
0.425529
0.014028
0.221429
0.180684
0.632349
0.026801
0.011312
0.195579
0.180179
0.423764
0.013777
0.457733
0.190915
0.648751
0.027518
0.185890
0.178957
0.008318
0.415522
0.012417
0.423213
0.013330
0.630638
0.009926
0.186365
0.016474
0.183484
0.023688
0.197437
0.015337
0.186134
0.179890
0.175211
0.397570
0.042517
0.180392
0.184054
0.179694
0.022943
0.628105
0.184242
0.216035
0.179851
0.418419
0.013434
0.266928
0.023360
0.181242
0.010056
0.629017
0.025470
0.015537
0.176332
0.398145
0.414251
0.026295
0.010412
0.021407
0.020294
0.259911
0.192055
0.198253
0.190074
0.205930
0.184335
0.636475
0.399610
0.411947
0.029146
0.007743
0.177450
0.306268
0.025072
0.412506
0.608026
0.630329
0.413170
0.021696
0.254898
0.185196
0.183468
0.186376
0.180074
0.682160
0.488507
0.428642
0.151723
0.400946
0.571256
0.014774
0.518661
0.013241
0.393946
0.025696
0.392275
0.646535
0.185109
0.012040
0.023965
0.630586
0.151386
0.024148
0.186189
0.010659
0.646923
0.423062
0.014172
0.521781
0.025597
0.633685
0.265465
0.023719
0.011152
0.010131
0.193295
0.477548
0.393715
0.635846
0.025990
0.626929
0.284272
0.180013
0.011450
0.009930
0.177797
0.015474
0.015942
0.021742
0.385960
0.213720
0.443219
0.031961
0.021852
0.021201
0.010922
0.186626
0.450269
0.351772
0.199771
0.035072
0.022650
0.683898
0.408529
0.024991
0.026765
0.154153
0.468121
0.267110
0.210648
0.456714
0.184934
0.184099
0.441843
0.033547
0.180334
0.149309
0.023559
0.015913
0.695397
0.027905
0.021083
0.022253
0.412454
0.638936
0.485673
0.611091
0.018536
0.194494
0.415215
0.183693
0.659927
0.017324
0.025009
0.126882
0.220778
0.635682
0.619900
0.197339
0.024856
0.403718
0.263834
0.421959
0.187708
0.025232
0.025265
0.642899
0.653847
0.013464
0.018240
0.183748
0.024416
0.210569
0.013609
0.178575
0.176189
0.637729
0.612636
0.024276
0.020923
0.208461
0.352065
0.027725
0.307047
0.011671
0.022941
0.020664
0.013947
0.007044
0.713970
0.197008
0.432877
0.010964
0.608492
0.196851
0.419835
0.190464
0.024647
0.180282
0.210273
0.014235
0.022996
0.181893
0.021129
0.460557
0.414273
0.185886
0.216126
0.025631
0.265422
0.420754
0.013415
0.024358
0.021285
0.621351
0.199352
0.395627
0.260505
0.208846
0.013104
0.182094
0.024184
0.613181
0.208563
0.032926
0.183283
0.013674
0.009180
0.203352
0.179004
0.175869
0.040148
0.191917
0.025056
0.181179
0.166388
0.398249
0.634792
0.262204
0.638238
0.009527
0.171112
0.017759
0.174452
0.505177
0.010840
0.018037
0.202845
0.638427
0.014877
0.177421
0.541425
0.010881
0.696436
0.646767
0.010728
0.414221
0.525358
0.030324
0.210069
0.184905
0.415311
0.197261
0.617051
0.211974
0.184385
0.617208
0.411979
0.186905
0.029850
0.398632
0.407863
0.268435
0.417197
0.609944
0.178633
0.032415
0.198311
0.017972
0.023630
0.604751
0.033390
0.342635
0.013466
0.010141
0.152130
0.010712
0.176073
0.396882
0.473533
0.025189
0.216531
0.025755
0.412439
0.014031
0.190726
0.379921
0.402901
0.614544
0.066877
0.017560
0.010948
0.189875
0.201860
0.179990
0.177607
0.396975
0.027277
0.010425
0.021506
0.030935
0.631335
0.017923
0.013580
0.630479
0.013252
0.612950
0.638463
0.181999
0.012040
0.034590
0.653745
0.188826
0.011835
0.022497
0.653896
0.213831
0.025753
0.341262
0.029242
0.010792
0.614868
0.021652
0.020205
0.020850
0.181325
0.022789
0.199379
0.009781
0.385508
0.176936
0.636744
0.184993
0.172417
0.011991
0.626212
0.176356
0.013011
0.189884
0.419699
0.174811
0.314235
0.009007
0.010573
0.633776
0.189442
0.151060
0.681760
0.618628
0.013287
0.037821
0.191621
0.439912
0.274834
0.208923
0.608415
0.534794
0.183662
0.011768
0.641532
0.396262
0.180300
0.008779
0.006561
0.410571
0.028223
0.011137
0.010691
0.009783
0.021893
0.185686
0.672698
0.181724
0.611096
0.016263
0.202835
0.013494
0.191363
0.030625
0.688264
0.194099
0.028963
0.613757
0.030086
0.207716
0.518458
0.181623
0.180588
0.200276
0.013094
0.634071
0.665058
0.183022
0.555577
0.198165
0.393542
0.030321
0.224401
0.026607
0.441051
0.428511
0.015583
0.182839
0.010952
0.022486
0.011969
0.190213
0.021252
0.175970
0.531928
0.184091
0.149117
0.174245
0.008765
0.029970
0.186373
0.012193
0.209025
0.033054
0.014561
0.013924
0.013452
0.208667
0.323943
0.180479
0.204449
0.188007
0.201653
0.187038
0.025374
0.427162
0.013909
0.185019
0.645947
0.154306
0.012162
0.007928
0.609293
0.207434
0.211515
0.013643
0.150042
0.025607
0.007371
0.020759
0.018929
0.190956
0.010220
0.174409
0.016784
0.447735
0.010480
0.221113
0.183138
0.645104
0.013081
0.151458
0.182227
0.643400
0.014513
0.182585
0.181916
0.179260
0.278797
0.026510
0.175381
0.023189
0.010327
0.168741
0.014323
0.442226
0.495507
0.635674
0.192095
0.178650
0.183316
0.027066
0.010637
0.197318
0.023220
0.010076
0.023760
0.615360
0.017375
0.341700
0.268767
0.182031
0.173146
0.148793
0.029587
0.673727
0.025636
0.177579
0.016023
0.022635
0.423904
0.028030
0.010244
0.010489
0.020828
0.173771
0.306547
0.007142
0.198007
0.383035
0.176167
0.171053
0.152903
0.012488
0.468146
0.306723
0.011766
0.009928
0.199025
0.010993
0.022288
0.009588
0.663131
0.026184
0.185640
0.638401
0.184684
0.011573
0.010399
0.021394
0.622164
0.309531
0.634907
0.619278
0.009220
0.195091
0.187381
0.288438
0.634529
0.184231
0.008440
0.260944
0.020617
0.625511
0.025069
0.183064
0.398857
0.201979
0.608339
0.185476
0.169319
0.628968
0.337713
0.013262
0.024597
0.010730
0.021202
0.603588
0.190412
0.025581
0.016387
0.617743
0.010530
0.022842
0.264999
0.410845
0.013110
0.009826
0.623937
0.264031
0.011383
0.207825
0.013368
0.023917
0.183043
0.182673
0.012186
0.198663
0.395647
0.177096
0.414380
0.179695
0.174069
0.011290
0.023769
0.167842
0.007795
0.010526
0.182128
0.201489
0.030824
0.027188
0.010749
0.234208
0.017761
0.414612
0.008446
0.010758
0.376183
0.030399
0.343438
0.010444
0.187776
0.644366
0.187279
0.022473
0.007030
0.418536
0.309061
0.011848
0.636045
0.027793
0.181399
0.033520
0.022385
0.183291
0.387195
0.226115
0.183330
0.648593
0.013794
0.199223
0.187049
0.012728
0.177424
0.023002
0.017873
0.410178
0.028997
0.032894
0.608088
0.021873
0.022353
0.009953
0.635828
0.025529
0.020688
0.183332
0.150980
0.180774
0.549921
0.640057
0.012745
0.176099
0.316285
0.185650
0.011532
0.203770
0.009661
0.613509
0.176760
0.012207
0.011777
0.474139
0.013033
0.415483
0.011512
0.686193
0.011948
0.206700
0.442602
0.401710
0.641729
0.159123
0.634310
0.400451
0.025260
0.452999
0.170481
0.537554
0.181155
0.213342
0.028519
0.011184
0.393835
0.029725
0.185309
0.268440
0.008530
0.201701
0.621198
0.188559
0.327111
0.612243
0.279303
0.014609
0.482030
0.186886
0.418029
0.181693
0.016388
0.183094
0.411819
0.017866
0.186069
0.175089
0.017332
0.643933
0.026837
0.460703
0.023623
0.646563
0.652335
0.040293
0.391223
0.012738
0.185853
0.539308
0.606343
0.205977
0.010112
0.205142
0.012777
0.500181
0.008604
0.009995
0.632563
0.430136
0.026823
0.010692
0.632483
0.153914
0.186354
0.209769
0.014493
0.184576
0.607635
0.023800
0.010020
0.640449
0.025737
0.008316
0.021177
0.010476
0.312397
0.172622
0.018992
0.022471
0.175311
0.415407
0.628540
0.177501
0.184486
0.181644
0.207218
0.388078
0.183948
0.178871
0.417311
0.184179
0.011000
0.179670
0.010139
0.176037
0.014006
0.009381
0.657628
0.026596
0.015333
0.006909
0.182912
0.417471
0.609362
0.007960
0.411262
0.188409
0.007826
0.389040
0.010843
0.010172
0.476203
0.389838
0.031003
0.631746
0.025416
0.211170
0.181920
0.159540
0.012194
0.009669
0.022746
0.198443
0.179839
0.178542
0.184294
0.022986
0.629103
0.263214
0.182120
0.196127
0.604299
0.497117
0.014244
0.023289
0.177087
0.335494
0.013024
0.180142
0.015171
0.194320
0.262402
0.393094
0.197287
0.196233
0.189441
0.172655
0.182582
0.627137
0.012691
0.620775
0.410183
0.210230
0.040935
0.180337
0.638328
0.012306
0.034633
0.177021
0.023764
0.009981
0.010395
0.009574
0.281300
0.604017
0.011307
0.630312
0.177983
0.169526
0.145540
0.010985
0.182723
0.018364
0.662535
0.023790
0.416985
0.384119
0.393748
0.011194
0.029157
0.011664
0.630394
0.010100
0.011325
0.010274
0.405642
0.196102
0.182855
0.012454
0.174796
0.396282
0.041792
0.191049
0.183608
0.023270
0.010805
0.413302
0.420233
0.309296
0.177827
0.192236
0.413597
0.013473
0.183858
0.010700
0.149253
0.186325
0.026005
0.027674
0.614629
0.012363
0.009988
0.009517
0.731079
0.462141
0.313421
0.014838
0.013915
0.631549
0.647245
0.262931
0.709364
0.031491
0.186659
0.265310
0.231488
0.287343
0.190939
0.632279
0.621013
0.012979
0.201258
0.026157
0.182376
0.481784
0.023700
0.641615
0.182806
0.425804
0.028078
0.012102
0.644007
0.205220
0.153982
0.179037
0.031662
0.173318
0.418025
0.222524
0.013273
0.168228
0.189197
0.263690
0.498854
0.200480
0.026741
0.183141
0.548357
0.015666
0.010968
0.209199
0.176214
0.494268
0.311368
0.024273
0.010391
0.174180
0.023500
0.172695
0.016820
0.403908
0.173366
0.183118
0.008738
0.010569
0.196992
0.023682
0.635413
0.635347
0.291590
0.176175
0.278331
0.133686
0.175460
0.011088
0.167208
0.637736
0.027650
0.168377
0.011111
0.018580
0.009279
0.611591
0.023771
0.611347
0.322193
0.191373
0.012614
0.165937
0.648717
0.172884
0.011566
0.009897
0.024815
0.394414
0.022513
0.165004
0.023969
0.009584
0.639288
0.025952
0.008269
0.009901
0.010206
0.008897
0.009007
0.629529
0.013586
0.179568
0.023277
0.646141
0.635034
0.197581
0.280392
0.012865
0.181547
0.186341
0.175056
0.640781
0.185780
0.843404
0.203522
0.648801
0.460813
0.429163
0.683836
0.227869
0.029857
0.011290
0.414025
0.274244
0.282870
0.184414
0.174586
0.255990
0.190512
0.819149
0.274920
0.196716
0.033553
0.022542
0.180379
0.012312
0.021642
0.642873
0.190244
0.011532
0.185176
0.012157
0.023505
0.009905
0.633103
0.459778
0.651524
0.026338
0.022686
0.011243
0.210589
0.193624
0.428784
0.011599
0.457779
0.189151
0.204325
0.012690
0.313834
0.016456
0.179933
0.183784
0.215190
0.014286
0.177391
0.011258
0.008668
0.175946
0.174920
0.528127
0.012474
0.175158
0.649705
0.193270
0.187130
0.619964
0.203575
0.012975
0.180563
0.170861
0.024458
0.009729
0.007089
0.008598
0.010655
0.426125
0.014849
0.007384
0.009904
0.607062
0.179927
0.436943
0.651940
0.204078
0.012372
0.173346
0.191554
0.010937
0.323315
0.030582
0.193090
0.502870
0.188450
0.023585
0.327918
0.013834
0.181694
0.173718
0.186119
0.019087
0.188334
0.196976
0.184782
0.024401
0.196989
0.173526
0.632509
0.026002
0.017090
0.023057
0.402206
0.206722
0.180414
0.190260
0.181866
0.011781
0.023299
0.010567
0.010088
0.634406
0.184680
0.024137
0.021431
0.022357
0.398463
0.694511
0.028940
0.181029
0.211647
0.216641
0.012303
0.171956
0.010792
0.182418
0.459265
0.619295
0.021466
0.429399
0.010627
0.191527
0.012332
0.175756
0.178370
0.181688
0.418873
0.204794
0.171357
0.012005
0.191947
0.408811
0.176889
0.186033
0.288023
0.608394
0.629375
0.190356
0.179096
0.011894
0.177417
0.036633
0.029248
0.662445
0.014582
0.639165
0.607194
0.634503
0.533759
0.615387
0.266589
0.016855
0.216602
0.010036
0.692301
0.204418
0.264332
0.175125
0.023768
0.015540
0.401913
0.012132
0.197111
0.177924
0.613210
0.195096
0.178711
0.186766
0.639740
0.179915
0.201734
0.013796
0.024112
0.149586
0.499700
0.015044
0.010920
0.007082
0.187772
0.010700
0.176872
0.177890
0.022935
0.340297
0.183277
0.176334
0.526278
0.176379
0.011565
0.016364
0.390971
0.628515
0.207936
0.529628
0.194292
0.024987
0.010807
0.020581
0.615449
0.198237
0.397645
0.387760
0.656657
0.426641
0.323226
0.010094
0.023336
0.228732
0.524699
0.266749
0.176159
0.180098
0.192093
0.012446
0.193464
0.391289
0.025917
0.017226
0.022140
0.010664
0.015833
0.022391
0.020663
0.185135
0.634772
0.187642
0.632488
0.644509
0.029296
0.620073
0.175870
0.011279
0.195565
0.014561
0.010586
0.187023
0.183160
0.388163
0.433685
0.393895
0.173343
0.189018
0.012177
0.189067
0.025057
0.168751
0.666533
0.618166
0.020776
0.189547
0.011854
0.203594
0.027303
0.011583
0.603773
0.291524
0.389923
0.010830
0.009989
0.022729
0.185964
0.010390
0.177953
0.014626
0.023351
0.194754
0.171752
0.023552
0.441763
0.027499
0.026794
0.207758
0.010236
0.023122
0.393182
0.011716
0.182441
0.177927
0.635542
0.181965
0.177341
0.202238
0.388403
0.012154
0.176638
0.023137
0.178655
0.015136
0.195308
0.025586
0.322337
0.209022
0.026079
0.260835
0.068555
0.632182
0.013877
0.425593
0.014480
0.026655
0.010939
0.009675
0.006952
0.009460
0.259802
0.637089
0.009881
0.193231
0.393053
0.531934
0.026742
0.537396
0.643196
0.185559
0.011214
0.022555
0.010325
0.180988
0.010013
0.021260
0.494951
0.013762
0.010513
0.185191
0.022253
0.022191
0.410630
0.188779
0.180586
0.178296
0.638983
0.648432
0.202425
0.013198
0.181355
0.388279
0.666325
0.200820
0.022918
0.407899
0.668914
0.185192
0.012282
0.464191
0.435324
0.426428
0.195122
0.191466
0.184491
0.631059
0.013659
0.631576
0.017425
0.025551
0.184005
0.031951
0.500963
0.181712
0.011485
0.042495
0.635928
0.025811
0.010220
0.007345
0.020442
0.020929
0.631853
0.154139
0.259891
0.008119
0.150780
0.203012
0.150947
0.008356
0.173662
0.639851
0.188785
0.025161
0.616138
0.039321
0.013145
0.010968
0.021758
0.182096
0.425216
0.424016
0.027095
0.010189
0.615348
0.185588
0.024973
0.037353
0.318858
0.011033
0.619624
0.633545
0.193318
0.022709
0.196762
0.013756
0.024370
0.386895
0.204469
0.628995
0.179301
0.011345
0.171837
0.022482
0.176604
0.411128
0.021399
0.191094
0.010778
0.009912
0.175525
0.017407
0.022809
0.416949
0.610454
0.024018
0.010016
0.016812
0.413416
0.009801
0.010925
0.009517
0.187598
0.031862
0.632067
0.186337
0.024216
0.010350
0.009689
0.007050
0.021969
0.641803
0.013032
0.186095
0.022361
0.007365
0.010293
0.020701
0.020121
0.391064
0.180548
0.642660
0.033879
0.009290
0.010845
0.006887
0.191697
0.428983
0.537297
0.189448
0.624301
0.012760
0.025659
0.010501
0.016449
0.006707
0.412999
0.023341
0.606167
0.180829
0.196909
0.457513
0.008555
0.176837
0.011044
0.193341
0.195100
0.173665
0.209375
0.639253
0.026719
0.025859
0.500083
0.514207
0.180090
0.644596
0.396570
0.186345
0.173818
0.011363
0.518472
0.419732
0.027872
0.415790
0.027801
0.609595
0.205046
0.179839
0.189884
0.394713
0.199016
0.013105
0.618976
0.625194
0.198789
0.013146
0.023779
0.178313
0.171926
0.191875
0.608405
0.019166
0.415481
0.616328
0.011127
0.009056
0.010809
0.194651
0.631042
0.183033
0.632042
0.175214
0.180953
0.024802
0.631622
0.026598
0.502860
0.042030
0.009549
0.611256
0.636047
0.025768
0.607066
0.211901
0.631994
0.009574
0.482094
0.609677
0.418601
0.186557
0.634989
0.178724
0.024054
0.011941
0.037566
0.007557
0.170869
0.636042
0.425546
0.155171
0.031854
0.331114
0.611218
0.008330
0.410016
0.195125
0.173303
0.185983
0.011523
0.009923
0.023272
0.479341
0.187239
0.023427
0.010251
0.010030
0.007480
0.023480
0.629312
0.459400
0.030377
0.178898
0.443200
0.201028
0.560413
0.192673
0.619739
0.212936
0.027189
0.181238
0.021114
0.011557
0.401379
0.330157
0.026911
0.181356
0.415350
0.019054
0.019344
0.184131
0.011942
0.191910
0.455381
0.391486
0.206560
0.268091
0.183968
0.629972
0.151967
0.646286
0.013988
0.008229
0.429159
0.036541
0.390325
0.516050
0.186917
0.633408
0.192163
0.025196
0.265146
0.022437
0.014987
0.010229
0.009936
0.201463
0.031476
0.024422
0.176372
0.168377
0.389620
0.020961
0.681999
0.195244
0.011905
0.483841
0.026097
0.010661
0.386327
0.152754
0.521587
0.621333
0.195535
0.264978
0.454664
0.667685
0.180780
0.022560
0.010910
0.007898
0.186949
0.412445
0.013057
0.010811
0.257895
0.010564
0.009296
0.177857
0.199699
0.613332
0.174810
0.010208
0.282494
0.611168
0.011754
0.424441
0.028249
0.421986
0.483010
0.013052
0.010011
0.175527
0.011878
0.017750
0.009980
0.171577
0.167630
0.023833
0.009921
0.524098
0.013005
0.008812
0.303399
0.194423
0.413109
0.027359
0.022473
0.186790
0.379637
0.023898
0.007549
0.415998
0.211118
0.012779
0.187395
0.176011
0.028277
0.021754
0.322414
0.492172
0.474580
0.025845
0.009815
0.176435
0.010856
0.179900
0.173254
0.022134
0.205911
0.013092
0.612998
0.023000
0.149201
0.416343
0.337714
0.632100
0.193079
0.183098
0.023510
0.179253
0.016422
0.010641
0.287034
0.618125
0.187805
0.194930
0.184845
0.612462
0.521849
0.038468
0.023913
0.007423
0.007265
0.522052
0.185674
0.394734
0.407895
0.153963
0.011974
0.124311
0.022326
0.635750
0.027495
0.011071
0.188065
0.388662
0.630637
0.013333
0.017384
0.418007
0.013493
0.156813
0.206737
0.026418
0.021016
0.484310
0.275737
0.431290
0.192501
0.176891
0.014018
0.017698
0.009807
0.009890
0.007025
0.649043
0.173952
0.016343
0.018184
0.423302
0.195070
0.199991
0.173076
0.185270
0.011354
0.632309
0.030698
0.398109
0.178867
0.175989
0.392855
0.011311
0.187565
0.194607
0.171726
0.012706
0.306411
0.026010
0.010231
0.418070
0.014738
0.305710
0.024937
0.177989
0.192614
0.636837
0.394016
0.646246
0.395102
0.206098
0.012582
0.604416
0.020184
0.022761
0.190185
0.022353
0.021340
0.167815
0.263808
0.416454
0.637749
0.181622
0.628819
0.405089
0.198589
0.013178
0.010658
0.029272
0.016726
0.423888
0.421936
0.708413
0.186494
0.191770
0.498417
0.179416
0.011604
0.172037
0.191573
0.173767
0.399633
0.172783
0.168117
0.192065
0.187851
0.171718
0.181470
0.011597
0.179202
0.334849
0.015331
0.010434
0.013498
0.024703
0.020812
0.173506
0.213572
0.026048
0.172215
0.639248
0.024331
0.630637
0.012717
0.172786
0.023035
0.181843
0.390818
0.032619
0.024470
0.195402
0.395134
0.634794
0.178461
0.483023
0.214277
0.616045
0.012109
0.526737
0.154185
0.175954
0.185671
0.631778
0.151599
0.395607
0.531967
0.392608
0.202937
0.190019
0.176686
0.011722
0.010177
0.147413
0.024250
0.172809
0.022412
0.008034
0.010873
0.007069
0.409590
0.267482
0.025156
0.388813
0.471102
0.154737
0.470037
0.645435
0.630402
0.040180
0.193404
0.179225
0.151251
0.025074
0.163534
0.190872
0.181253
0.389771
0.416080
0.013774
0.024427
0.186292
0.177652
0.010584
0.146638
0.210567
0.185925
0.031966
0.198814
0.401092
0.016591
0.021655
0.515161
0.026591
0.021700
0.390464
0.211408
0.393209
0.180322
0.023437
0.007883
0.010275
0.009615
0.186975
0.168813
0.178206
0.189569
0.181842
0.640922
0.013160
0.201804
0.523641
0.395281
0.011805
0.382348
0.636630
0.025501
0.179929
0.627461
0.025678
0.391690
0.016469
0.149582
0.015940
0.407986
0.653570
0.396377
0.017808
0.385026
0.011218
0.023344
0.017315
0.009632
0.009119
0.636514
0.022354
0.010228
0.011361
0.631797
0.194799
0.023855
0.385539
0.010383
0.207764
0.185397
0.283157
0.026111
0.023373
0.021168
0.183894
0.020959
0.180675
0.198985
0.610046
0.016722
0.022183
0.207294
0.179962
0.151519
0.169115
0.174093
0.024117
0.019543
0.010415
0.172021
0.407529
0.026007
0.259226
0.008148
0.167120
0.211436
0.036916
0.638047
0.426438
0.014177
0.180141
0.452502
0.267243
0.024665
0.193738
0.181871
0.012504
0.010246
0.416007
0.663215
0.022765
0.645572
0.013367
0.662662
0.208523
0.188610
0.188701
0.634027
0.029758
0.267641
0.017028
0.010204
0.329758
0.183980
0.016036
0.264436
0.184690
0.023730
0.021201
0.011958
0.405006
0.287884
0.416737
0.027402
0.191766
0.028232
0.633544
0.026921
0.181487
0.189183
0.010910
0.629200
0.025546
0.011093
0.621551
0.025800
0.022833
0.184051
0.178751
0.180927
0.205425
0.183666
0.024683
0.179754
0.202564
0.177679
0.011859
0.234997
0.333788
0.177812
0.420649
0.207603
0.267208
0.661693
0.179022
0.168022
0.017694
0.637089
0.655405
0.643331
0.179718
0.024726
0.021630
0.172582
0.012382
0.196154
0.618588
0.267138
0.008959
0.039833
0.013512
0.189523
0.172785
0.022881
0.258244
0.356871
0.033550
0.187804
0.174866
0.423467
0.014387
0.215740
0.012970
0.010280
0.257308
0.631344
0.183162
0.025815
0.395154
0.011018
0.010513
0.177859
0.193456
0.011835
0.023116
0.394767
0.010932
0.186631
0.009863
0.645600
0.649363
0.280773
0.014076
0.010551
0.022995
0.021482
0.007229
0.018535
0.021765
0.010091
0.018662
0.007207
0.020286
0.009644
0.009346
0.181244
0.021895
0.625894
0.390897
0.029222
0.424746
0.211580
0.405158
0.340024
0.183686
0.024209
0.669252
0.283665
0.010318
0.175904
0.011166
0.309641
0.187436
0.208430
0.611339
0.284438
0.498835
0.024586
0.010956
0.010472
0.257979
0.010947
0.010085
0.026404
0.009836
0.408701
0.012836
0.206456
0.634332
0.398569
0.637727
0.187260
0.176475
0.411809
0.176968
0.024657
0.021737
0.168379
0.389882
0.191313
0.025570
0.396868
0.199390
0.014966
0.265998
0.190568
0.610500
0.628111
0.609719
0.041577
0.024973
0.021731
0.610342
0.170945
0.213256
0.009783
0.636131
0.188222
0.640380
0.312634
0.025577
0.202639
0.025577
0.010835
0.602238
0.185073
0.023619
0.633050
0.400607
0.222410
0.026258
0.010968
0.150362
0.412883
0.211681
0.037741
0.179299
0.379612
0.629518
0.016734
0.012592
0.009764
0.181503
0.024745
0.634398
0.316801
0.643184
0.013148
0.178278
0.010710
0.671482
0.611297
0.187042
0.029564
0.197569
0.387228
0.011760
0.009859
0.387774
0.628857
0.011175
0.184534
0.010644
0.175212
0.504316
0.207652
0.024914
0.145932
0.627707
0.621622
0.018772
0.459654
0.189954
0.149866
0.024188
0.648896
0.186042
0.031994
0.181562
0.191902
0.009491
0.166242
0.204345
0.014367
0.010226
0.010079
0.009162
0.009753
0.008979
0.186973
0.416939
0.180302
0.011626
0.305421
0.638646
0.020308
0.176635
0.396571
0.027727
0.023550
0.312635
0.178751
0.011147
0.188320
0.635085
0.291979
0.189116
0.205783
0.618203
0.011092
0.022663
0.021799
0.009774
0.183709
0.650302
0.670818
0.027922
0.326569
0.188441
0.189134
0.011840
0.068729
0.577167
0.031584
0.021893
0.241554
0.458543
0.650413
0.011726
0.017130
0.188779
0.022833
0.021104
0.614907
0.416518
0.392027
0.400585
0.027466
0.022728
0.010963
0.016467
0.014605
0.644244
0.010121
0.213919
0.187417
0.615503
0.207322
0.313325
0.008390
0.182140
0.516355
0.027481
0.171116
0.600715
0.188224
0.179365
0.189272
0.501850
0.170570
0.011218
0.589196
0.022533
0.415853
0.027547
0.179991
0.640722
0.047734
0.189146
0.594093
0.023558
0.006750
0.009753
0.032553
0.183158
0.608983
0.199037
0.026354
0.389105
0.613580
0.596854
0.177668
0.190029
0.260144
0.169709
0.444393
0.008191
0.400430
0.028156
0.680826
0.500118
0.017853
0.015379
0.222659
0.186018
0.409920
0.012790
0.007810
0.176159
0.180148
0.615565
0.027619
0.170317
0.302037
0.212062
0.012945
0.619796
0.275248
0.308365
0.254139
0.606342
0.249903
0.242284
0.171435
0.205055
0.026916
0.022707
0.250026
0.010702
0.173630
0.180062
0.471525
0.026299
0.177664
0.232457
0.027571
0.629420
0.185934
0.175285
0.419820
0.179661
0.606608
0.010627
0.024133
0.192550
0.188971
0.258380
0.616320
0.636723
0.281966
0.188435
0.023442
0.613300
0.192600
0.181594
0.023659
0.388971
0.024116
0.015024
0.011943
0.608034
0.012231
0.486888
0.641548
0.030032
0.011021
0.507072
0.174442
0.249806
0.186567
0.010865
0.398631
0.186335
0.176685
0.632088
0.026242
0.177487
0.303017
0.010629
0.029179
0.022647
0.019875
0.400122
0.179152
0.191110
0.024823
0.621074
0.013116
0.022554
0.009814
0.007607
0.009209
0.590087
0.400453
0.025818
0.020642
0.182815
0.378800
0.010623
0.202272
0.180556
0.010984
0.376942
0.179714
0.148622
0.200141
0.470338
0.453339
0.013114
0.009840
0.010235
0.006856
0.009654
0.179535
0.173891
0.009346
0.009525
0.176318
0.258160
0.198439
0.020674
0.011940
0.022743
0.009951
0.597936
0.182568
0.007723
0.391230
0.177046
0.023248
0.251754
0.645235
0.454944
0.197703
0.498152
0.024271
0.413579
0.181485
0.257245
0.187011
0.176796
0.196667
0.181151
0.169931
0.627766
0.151602
0.174406
0.032367
0.262774
0.027458
0.419817
0.014091
0.010181
0.009407
0.172770
0.009908
0.320229
0.203760
0.229660
0.173864
0.012428
0.010012
0.643518
0.216161
0.175247
0.013691
0.391308
0.178019
0.024384
0.024064
0.175750
0.165420
0.011799
0.015044
0.010553
0.021632
0.010123
0.008890
0.050967
0.184953
0.267504
0.500146
0.025697
0.182325
0.175067
0.213543
0.024309
0.010665
0.608255
0.340381
0.012207
0.025007
0.187085
0.386099
0.023944
0.011165
0.006893
0.419045
0.013122
0.009957
0.258299
0.206648
0.024547
0.184816
0.023154
0.010207
0.205254
0.185112
0.498253
0.640103
0.012832
0.634932
0.026457
0.011004
0.016244
0.612240
0.649017
0.417510
0.193235
0.041773
0.023713
0.016868
0.189855
0.022135
0.384900
0.152757
0.022514
0.660272
0.474765
0.041688
0.183472
0.307359
0.024681
0.017434
0.036271
0.178209
0.195298
0.007834
0.197459
0.333354
0.013923
0.011196
0.150135
0.144891
0.022377
0.200513
0.191553
0.181650
0.022618
0.007291
0.019801
0.007082
0.394454
0.204251
0.177482
0.007928
0.009783
0.616212
0.191749
0.013047
0.007602
0.183201
0.392872
0.007541
0.189666
0.011604
0.662566
0.408602
0.187778
0.312849
0.387984
0.520332
0.187885
0.477548
0.180921
0.030087
0.008766
0.010700
0.182880
0.024539
0.010080
0.261808
0.021497
0.411434
0.026738
0.010508
0.204728
0.514112
0.015517
0.612191
0.014556
0.265804
0.207721
0.013124
0.615567
0.423791
0.012929
0.184192
0.185371
0.627000
0.416108
0.009927
0.417113
0.009499
0.187240
0.025595
0.489482
0.037746
0.205366
0.013942
0.010485
0.386636
0.009743
0.639325
0.388256
0.027248
0.021890
0.009483
0.182823
0.419945
0.185023
0.415697
0.291443
0.460674
0.261210
0.275824
0.017165
0.598908
0.145348
0.199084
0.613970
0.185164
0.011997
0.010204
0.157680
0.030827
0.012232
0.021478
0.010150
0.006794
0.009971
0.146296
0.179398
0.009331
0.214674
0.630785
0.179273
0.632251
0.013113
0.186688
0.013136
0.018689
0.009493
0.313196
0.307215
0.197795
0.187828
0.178599
0.011883
0.019735
0.183445
0.179360
0.010949
0.658899
0.182125
0.023611
0.639235
0.152518
0.023405
0.625014
0.614143
0.024102
0.206661
0.182271
0.401452
0.176992
0.194761
0.403695
0.180068
0.178341
0.022643
0.194129
0.380944
0.024364
0.170984
0.171375
0.022467
0.020005
0.010093
0.405739
0.172830
0.011085
0.438250
0.202353
0.024170
0.607758
0.632260
0.671372
0.018700
0.602810
0.011531
0.174176
0.635666
0.030348
0.184826
0.010316
0.634487
0.677568
0.032776
0.653515
0.681244
0.644668
0.412666
0.022651
0.413194
0.415914
0.027670
0.010997
0.018752
0.387802
0.011691
0.218818
0.025118
0.010959
0.177557
0.011524
0.426191
0.013255
0.192558
0.208782
0.025892
0.022387
0.604295
0.419697
0.399308
0.015300
0.419994
0.190642
0.386342
0.475802
0.027276
0.187213
0.008649
0.203710
0.026816
0.011040
0.185811
0.181536
0.012997
0.010655
0.022286
0.636381
0.189641
0.177346
0.414896
0.010062
0.011852
0.400007
0.010705
0.023694
0.333909
0.177475
0.022190
0.634187
0.026507
0.187312
0.171385
0.668622
0.010026
0.171439
0.166091
0.159119
0.010334
0.253952
0.010197
0.008883
0.008900
0.194299
0.025283
0.022424
0.181534
0.376183
0.020202
0.405664
0.186306
0.177153
0.024374
0.397385
0.205260
0.425705
0.524443
0.010273
0.009938
0.608933
0.151915
0.515639
0.180020
0.510992
0.026411
0.375650
0.037354
0.010326
0.628387
0.188324
0.202839
0.174920
0.183515
0.011772
0.271952
0.375045
0.181628
0.615693
0.391849
0.328119
0.013015
0.027304
0.609887
0.410599
0.479682
0.025930
0.187227
0.205966
0.183215
0.009022
0.023585
0.614581
0.631807
0.186731
0.630655
0.645254
0.392243
0.206758
0.173624
0.184596
0.169746
0.016362
0.014817
0.006940
0.023142
0.174920
0.168078
0.395127
0.288412
0.608880
0.211609
0.181987
0.024911
0.010773
0.172662
0.392813
0.023613
0.210101
0.174126
0.012017
0.149847
0.039322
0.168200
0.011057
0.019994
0.010169
0.161859
0.186822
0.161933
0.172901
0.377879
0.398650
0.186777
0.175054
0.022636
0.253159
0.621794
0.178913
0.168784
0.011035
0.622455
0.416152
0.205875
0.188176
0.173743
0.260218
0.633450
0.613282
0.012507
0.010427
0.192677
0.616061
0.008720
0.175374
0.196813
0.627171
0.012852
0.192710
0.334103
0.613989
0.012244
0.023152
0.188857
0.607398
0.626558
0.187372
0.480813
0.014474
0.180214
0.650257
0.633860
0.519260
0.153762
0.607294
0.209540
0.614113
0.622667
0.020776
0.024040
0.010437
0.419296
0.339916
0.189683
0.180133
0.183815
0.181979
0.203871
0.027153
0.210493
0.012361
0.023050
0.618911
0.215316
0.026399
0.175522
0.011848
0.407148
0.214794
0.026259
0.183486
0.011093
0.181366
0.049518
0.402713
0.213772
0.025641
0.010897
0.612990
0.022121
0.020349
0.628606
0.024921
0.008200
0.182999
0.178459
0.010249
0.199180
0.613681
0.011839
0.177972
0.021853
0.208038
0.536849
0.013236
0.182109
0.202596
0.394520
0.011358
0.183375
0.515160
0.608613
0.289825
0.014298
0.011111
0.261544
0.010693
0.255665
0.010147
0.179460
0.294861
0.190431
0.008146
0.280895
0.012467
0.177481
0.010459
0.010328
0.422277
0.396111
0.026466
0.176755
0.175268
0.025338
0.619874
0.421261
0.523163
0.013361
0.190022
0.010304
0.028268
0.672916
0.627959
0.180912
0.174905
0.631674
0.152785
0.025632
0.459412
0.416848
0.023112
0.010904
0.611453
0.207516
0.027746
0.191800
0.418073
0.025629
0.025051
0.526224
0.388839
0.633880
0.190607
0.180777
0.011342
0.009833
0.009653
0.180797
0.009820
0.204298
0.604575
0.633220
0.674714
0.153984
0.259798
0.184258
0.622806
0.184663
0.025009
0.392877
0.023073
0.204720
0.010180
0.185038
0.180670
0.024384
0.177140
0.169732
0.009542
0.006951
0.188889
0.190565
0.290483
0.025032
0.258733
0.206446
0.318390
0.185862
0.029571
0.011046
0.006924
0.431311
0.196846
0.388472
0.403185
0.459617
0.175151
0.178615
0.209972
0.642075
0.026473
0.417330
0.019188
0.023623
0.608614
0.184704
0.279503
0.176962
0.462703
0.029572
0.011417
0.513609
0.180298
0.263514
0.195240
0.010180
0.416108
0.195955
0.419221
0.013650
0.026007
0.388070
0.011024
0.478009
0.027591
0.189466
0.178855
0.391701
0.644604
0.012050
0.633585
0.419098
0.182954
0.192482
0.409321
0.261739
0.017898
0.010879
0.480640
0.027377
0.616479
0.012339
0.021653
0.201161
0.152603
0.011256
0.022418
0.006799
0.009585
0.450137
0.405478
0.013179
0.418279
0.027522
0.176557
0.643749
0.190137
0.680196
0.185552
0.187776
0.012464
0.558960
0.195602
0.025940
0.396019
0.011629
0.211067
0.013327
0.009513
0.022994
0.174547
0.217292
0.386502
0.206750
0.010096
0.623892
0.019396
0.010770
0.154306
0.626414
0.012973
0.399739
0.026530
0.611259
0.025301
0.433583
0.186869
0.681976
0.025416
0.020849
0.183268
0.171940
0.025693
0.204696
0.168940
0.171926
0.512446
0.028106
0.645504
0.019562
0.194924
0.640460
0.028647
0.186177
0.181937
0.065695
0.269392
0.179379
0.632119
0.033009
0.179957
0.536348
0.188189
0.393989
0.635721
0.631416
0.683553
0.184319
0.178260
0.024582
0.014993
0.264013
0.629458
0.610217
0.418050
0.191811
0.180967
0.519496
0.212922
0.014141
0.407310
0.630327
0.184158
0.039283
0.485491
0.492935
0.191431
0.201911
0.490705
0.025006
0.631790
0.013305
0.205707
0.184626
0.024300
0.022015
0.287092
0.343516
0.185051
0.496325
0.014546
0.025122
0.610558
0.020293
0.010509
0.191912
0.612789
0.194821
0.385536
0.039810
0.200297
0.226895
0.009835
0.180027
0.007572
0.006773
0.027652
0.651944
0.188701
0.013938
0.181024
0.010749
0.425136
0.031571
0.027694
0.020808
0.641720
0.014104
0.156113
0.011229
0.623759
0.023865
0.010644
0.037575
0.183720
0.012525
0.007698
0.009972
0.022261
0.642077
0.029554
0.197999
0.025938
0.010175
0.175077
0.199090
0.632458
0.404908
0.012610
0.010555
0.183699
0.174576
0.278375
0.024930
0.190597
0.185139
0.532152
0.429749
0.013361
0.182283
0.191418
0.173936
0.011929
0.166512
0.644516
0.173605
0.011346
0.010145
0.395777
0.391072
0.029995
0.011435
0.018087
0.073719
0.023699
0.175993
0.022095
0.177581
0.179997
0.022349
0.010660
0.010195
0.167284
0.012575
0.664668
0.179798
0.012519
0.022277
0.021217
0.208823
0.012891
0.015362
0.405655
0.011611
0.265749
0.640949
0.026244
0.023763
0.010561
0.020264
0.260735
0.188681
0.195422
0.012551
0.016325
0.172314
0.023037
0.015018
0.185328
0.010634
0.021461
0.518505
0.426745
0.013604
0.175318
0.179899
0.631600
0.023950
0.170858
0.151142
0.189304
0.185805
0.612188
0.203976
0.012748
0.008187
0.023533
0.020549
0.018270
0.009708
0.178584
0.650805
0.175976
0.193525
0.184301
0.185758
0.629875
0.172535
0.166790
0.198392
0.405080
0.186411
0.623263
0.025931
0.014365
0.174987
0.183168
0.010888
0.176790
0.007541
0.412893
0.660995
0.191726
0.178903
0.397219
0.479290
0.616804
0.472661
0.198461
0.026810
0.182607
0.174203
0.010771
0.664233
0.026322
0.010757
0.391799
0.022912
0.026479
0.609443
0.152719
0.291784
0.026622
0.021835
0.191125
0.626672
0.203838
0.468399
0.188884
0.403055
0.641379
0.013125
0.199064
0.508720
0.009574
0.023781
0.618055
0.035385
0.612392
0.008104
0.022371
0.010929
0.406600
0.026612
0.189547
0.012072
0.010092
0.009475
0.188116
0.009544
0.180370
0.168878
0.185138
0.210347
0.635476
0.009710
0.464689
0.179107
0.191431
0.186851
0.170396
0.188746
0.025053
0.180095
0.010628
0.007255
0.404180
0.182401
0.269149
0.187872
0.024260
0.010499
0.212185
0.027249
0.024104
0.013971
0.010290
0.015639
0.641939
0.194767
0.620295
0.024584
0.172490
0.010681
0.009906
0.328940
0.013200
0.394180
0.025749
0.178896
0.010287
0.021506
0.017022
0.206626
0.177194
0.617545
0.011628
0.205978
0.486703
0.013512
0.010113
0.174524
0.023021
0.021465
0.189450
0.025025
0.398328
0.182528
0.621983
0.458642
0.191220
0.008080
0.203226
0.182012
0.390104
0.025869
0.628767
0.213184
0.012146
0.184823
0.022755
0.021109
0.197444
0.177045
0.035503
0.615417
0.011980
0.404961
0.184537
0.024505
0.188814
0.032803
0.022219
0.656201
0.188146
0.011973
0.009997
0.617829
0.017178
0.023799
0.640427
0.405155
0.009637
0.031897
0.460520
0.011363
0.138461
0.183310
0.024771
0.010621
0.189907
0.151479
0.627650
0.272781
0.012299
0.179845
0.010382
0.023904
0.618509
0.025296
0.222182
0.396232
0.202020
0.026259
0.182293
0.034324
0.022463
0.177496
0.147426
0.621512
0.633845
0.013354
0.009871
0.473488
0.391628
0.215715
0.012022
0.181478
0.210537
0.025353
0.627508
0.399571
0.189150
0.011403
0.023711
0.020980
0.199256
0.181258
0.012656
0.395387
0.011774
0.179341
0.192676
0.620199
0.012163
0.181107
0.023167
0.020623
0.202612
0.025610
0.632185
0.182574
0.193863
0.183444
0.017895
0.185263
0.519176
0.189539
0.187725
0.389433
0.024965
0.217028
0.180923
0.189305
0.638903
0.155792
0.012045
0.204958
0.032532
0.632915
0.029020
0.023907
0.182536
0.026629
0.626923
0.013563
0.469398
0.011738
0.010001
0.632232
0.272603
0.186007
0.308958
0.196568
0.173998
0.335118
0.518536
0.174935
0.612792
0.015271
0.179432
0.187106
0.028117
0.022070
0.393052
0.643587
0.025162
0.391381
0.010868
0.193676
0.022145
0.265509
0.029262
0.056148
0.191473
0.403978
0.387676
0.012912
0.179841
0.177566
0.010687
0.190664
0.026003
0.149856
0.267035
0.186699
0.623165
0.186195
0.184647
0.178818
0.011912
0.207386
0.025209
0.175154
0.643261
0.201797
0.155939
0.185832
0.400338
0.192128
0.181422
0.023953
0.177725
0.173910
0.022155
0.022120
0.010393
0.016112
0.008609
0.170322
0.203091
0.468940
0.014017
0.011595
0.010101
0.180925
0.011488
0.192529
0.027310
0.008067
0.693246
0.486883
0.617644
0.204328
0.454926
0.017577
0.010843
0.178497
0.010757
0.414765
0.152846
0.195418
0.011934
0.009679
0.409689
0.013058
0.152923
0.024105
0.022055
0.484639
0.013754
0.631204
0.184510
0.187420
0.635173
0.633085
0.315057
0.024929
0.621454
0.022872
0.181914
0.024939
0.011049
0.021075
0.020240
0.214992
0.025800
0.391862
0.478310
0.013497
0.014940
0.634435
0.195684
0.614326
0.200699
0.187906
0.012149
0.181024
0.011415
0.388703
0.204829
0.539000
0.266752
0.410451
0.200360
0.179614
0.020025
0.010763
0.181951
0.195512
0.026326
0.021971
0.018134
0.007002
0.150185
0.181075
0.178171
0.023313
0.021228
0.021361
0.065520
0.170594
0.164359
0.614184
0.429527
0.184672
0.487471
0.200827
0.391758
0.627775
0.013711
0.192580
0.010751
0.614312
0.022045
0.013971
0.634294
0.307081
0.197017
0.423410
0.018995
0.182582
0.634301
0.183889
0.012876
0.631456
0.026861
0.022466
0.009685
0.608273
0.022820
0.205639
0.024092
0.010605
0.180273
0.155069
0.184553
0.630255
0.207887
0.185591
0.412119
0.613807
0.126732
0.023291
0.024010
0.015176
0.424332
0.268695
0.013064
0.257244
0.634735
0.013416
0.182067
0.010398
0.415725
0.182118
0.037021
0.030867
0.011676
0.658993
0.012808
0.180420
0.010531
0.009641
0.195015
0.637137
0.013434
0.394854
0.017972
0.007305
0.260531
0.635360
0.025523
0.455151
0.039326
0.181516
0.173188
0.010301
0.021877
0.017776
0.010639
0.009357
0.033736
0.012070
0.626529
0.176362
0.011355
0.010100
0.022261
0.021652
0.612564
0.206110
0.173977
0.023137
0.007561
0.400624
0.411367
0.503330
0.420378
0.651278
0.183712
0.205151
0.614632
0.635313
0.026281
0.011007
0.010202
0.181725
0.009917
0.007261
0.181155
0.192211
0.189037
0.023445
0.154324
0.181732
0.481265
0.010348
0.176099
0.024658
0.010185
0.207496
0.186101
0.169763
0.633828
0.172082
0.414540
0.267817
0.016309
0.448942
0.024716
0.010417
0.204506
0.190787
0.621715
0.012533
0.007475
0.667298
0.181086
0.651726
0.187369
0.024445
0.010035
0.008676
0.009927
0.625453
0.190645
0.472995
0.028234
0.177587
0.191508
0.631083
0.009925
0.185466
0.024480
0.010293
0.206521
0.182304
0.011764
0.411826
0.616696
0.472911
0.013020
0.024011
0.009371
0.022294
0.028043
0.495708
0.416122
0.229081
0.178880
0.406068
0.013497
0.184822
0.023711
0.021845
0.009857
0.009916
0.420875
0.629224
0.194781
0.390045
0.197691
0.013036
0.009719
0.185375
0.009856
0.023624
0.178072
0.036249
0.023158
0.171486
0.182927
0.406126
0.178749
0.172922
0.166831
0.011221
0.199898
0.419269
0.630665
0.013329
0.193558
0.023641
0.389178
0.010896
0.021967
0.009629
0.278493
0.184308
0.317814
0.011212
0.178983
0.023702
0.036439
0.020697
0.204340
0.179559
0.611373
0.193592
0.170769
0.031369
0.007789
0.019756
0.010530
0.018949
0.198825
0.402334
0.021194
0.190187
0.614775
0.166123
0.180260
0.168466
0.398133
0.014076
0.009915
0.732240
0.136238
0.222262
0.026916
0.222297
0.583088
0.184425
0.014595
0.216941
0.634500
0.435457
0.011688
0.026406
0.615625
0.413791
0.195936
0.190167
0.182037
0.196901
0.039130
0.176237
0.177770
0.178985
0.633810
0.486727
0.175108
0.192141
0.401879
0.300979
0.401008
0.457450
0.189529
0.031203
0.011083
0.412939
0.417817
0.431602
0.194566
0.404632
0.418690
0.623639
0.024533
0.201335
0.014243
0.176178
0.197539
0.024733
0.648348
0.269803
0.045497
0.636930
0.013151
0.613158
0.011645
0.627178
0.010218
0.639730
0.009583
0.181845
0.010731
0.023029
0.028814
0.194691
0.403656
0.196953
0.014512
0.180717
0.208852
0.546284
0.014048
0.174344
0.031212
0.623507
0.023377
0.010227
0.208566
0.185679
0.615977
0.039160
0.401858
0.306729
0.012274
0.420184
0.419928
0.193461
0.328854
0.190883
0.187137
0.178433
0.480449
0.457042
0.184607
0.413297
0.191457
0.397160
0.013075
0.149160
0.667477
0.027326
0.186012
0.008343
0.198250
0.013407
0.007976
0.616884
0.182706
0.648556
0.634794
0.022039
0.023253
0.184931
0.012568
0.177654
0.024094
0.149174
0.042841
0.666736
0.014481
0.009938
0.643329
0.013110
0.009787
0.176596
0.028800
0.176856
0.414037
0.044624
0.612415
0.008663
0.190849
0.191825
0.013618
0.427550
0.021318
0.189473
0.210199
0.021209
0.689034
0.024846
0.175557
0.441295
0.403443
0.026962
0.021766
0.015117
0.413270
0.020382
0.286819
0.529150
0.623453
0.155087
0.193529
0.203531
0.177418
0.218545
0.318039
0.210609
0.010215
0.016199
0.184023
0.023904
0.179993
0.397868
0.639504
0.182624
0.630774
0.639991
0.263969
0.429695
0.194392
0.635865
0.185809
0.416208
0.185209
0.497334
0.647324
0.013604
0.181226
0.179308
0.024207
0.204168
0.242048
0.055609
0.214614
0.268201
0.194285
0.014094
0.615376
0.637363
0.195238
0.180721
0.008975
0.171144
0.200566
0.021445
0.182372
0.011758
0.612782
0.198715
0.173404
0.454444
0.030284
0.011021
0.007770
0.280375
0.027120
0.623276
0.631887
0.182894
0.623294
0.625544
0.426536
0.027095
0.649625
0.196613
0.199072
0.607426
0.402688
0.185660
0.617125
0.190131
0.024370
0.177172
0.180732
0.020624
0.020069
0.020463
0.195828
0.026589
0.150889
0.023444
0.020869
0.415114
0.499274
0.020319
0.022951
0.020985
0.021436
0.010724
0.399024
0.472767
0.186222
0.185897
0.018798
0.022874
0.009390
0.469111
0.013697
0.034808
0.188052
0.010594
0.009906
0.449381
0.180627
0.038279
0.013029
0.186348
0.186954
0.417598
0.214558
0.396661
0.503796
0.206119
0.025692
0.011118
0.620306
0.023571
0.010322
0.009386
0.200100
0.502513
0.629312
0.030935
0.186852
0.263571
0.181917
0.011911
0.007340
0.285008
0.013333
0.470185
0.308613
0.639301
0.012775
0.193420
0.010786
0.325189
0.013343
0.007771
0.024803
0.616906
0.192105
0.521778
0.181650
0.011976
0.176894
0.327600
0.028672
0.392836
0.011480
0.507730
0.185039
0.190898
0.638700
0.315529
0.650061
0.197076
0.206462
0.014090
0.184854
0.180485
0.034727
0.010210
0.610635
0.627810
0.011951
0.188162
0.012730
0.009818
0.009502
0.177559
0.024632
0.009797
0.179698
0.189969
0.174390
0.175125
0.024408
0.021895
0.179868
0.010964
0.182687
0.198926
0.013179
0.010165
0.643018
0.417834
0.179126
0.394026
0.037413
0.010661
0.647373
0.181277
0.018321
0.433332
0.614553
0.026165
0.009634
0.622559
0.031361
0.211906
0.012511
0.317322
0.206673
0.180658
0.393805
0.013849
0.009588
0.023043
0.007715
0.020598
0.284000
0.189832
0.320203
0.515994
0.153826
0.008131
0.181282
0.023670
0.020508
0.020134
0.185442
0.175193
0.202429
0.318646
0.672511
0.014563
0.625582
0.625821
0.187702
0.151143
0.174767
0.012083
0.016351
0.411229
0.013952
0.031714
0.010554
0.627289
0.014891
0.024959
0.527963
0.408669
0.029719
0.621659
0.020479
0.305424
0.167586
0.177251
0.012111
0.026795
0.026646
0.008772
0.638422
0.401857
0.651664
0.014188
0.524901
0.026471
0.627578
0.026545
0.007710
0.021541
0.396599
0.405613
0.011953
0.612864
0.178865
0.041154
0.022713
0.180190
0.011000
0.202207
0.393862
0.010378
0.663335
0.180899
0.189828
0.011306
0.009671
0.643322
0.012995
0.622372
0.012939
0.616858
0.023994
0.201389
0.012840
0.150374
0.612269
0.484137
0.178896
0.630697
0.403772
0.180258
0.187076
0.210403
0.505215
0.021871
0.009274
0.029955
0.261607
0.009832
0.411354
0.187720
0.177872
0.326084
0.195401
0.207462
0.013160
0.171894
0.503718
0.189475
0.025920
0.188520
0.177206
0.176790
0.011574
0.035236
0.181360
0.151216
0.024299
0.190316
0.021718
0.180923
0.178838
0.410694
0.403863
0.487054
0.663738
0.009865
0.207083
0.615778
0.182709
0.020784
0.017479
0.022567
0.611399
0.026302
0.319067
0.196892
0.013458
0.149127
0.497215
0.011658
0.011200
0.420267
0.427757
0.471967
0.269317
0.189626
0.190615
0.409831
0.199503
0.012291
0.010804
0.180795
0.477502
0.184420
0.185150
0.184806
0.259200
0.669247
0.154567
0.182229
0.196665
0.181985
0.318569
0.188548
0.469822
0.618850
0.408121
0.033692
0.629063
0.026588
0.646085
0.189536
0.197295
0.014181
0.186357
0.458117
0.472720
0.192685
0.184978
0.024750
0.629714
0.186623
0.307497
0.630857
0.207615
0.026616
0.176422
0.011389
0.024623
0.195609
0.616673
0.637153
0.317434
0.508635
0.393408
0.630497
0.337820
0.021102
0.011241
0.010537
0.035991
0.010171
0.024668
0.189183
0.190876
0.011384
0.013198
0.182691
0.022805
0.266233
0.639685
0.398718
0.182065
0.011201
0.185022
0.010429
0.634290
0.185167
0.011990
0.150942
0.680097
0.185868
0.024146
0.197096
0.180472
0.268387
0.037046
0.181509
0.007241
0.010167
0.627924
0.012750
0.185806
0.179395
0.148249
0.273934
0.025388
0.176429
0.613458
0.199971
0.496568
0.181228
0.167677
0.177755
0.626396
0.009196
0.189783
0.012864
0.274145
0.414051
0.646461
0.634990
0.310620
0.212459
0.396100
0.416918
0.496556
0.640168
0.181478
0.189647
0.012202
0.203306
0.014019
0.184330
0.613377
0.008913
0.197291
0.012985
0.184505
0.024741
0.288387
0.177058
0.011525
0.190587
0.402069
0.175984
0.011389
0.023585
0.628785
0.402530
0.012295
0.023236
0.326171
0.154240
0.186931
0.190576
0.012765
0.147800
0.175651
0.205036
0.638715
0.639420
0.400124
0.202222
0.177996
0.193204
0.180449
0.388203
0.204811
0.183095
0.030357
0.649087
0.647042
0.177010
0.407956
0.013997
0.183635
0.631452
0.620836
0.624088
0.616584
0.244879
0.028223
0.022499
0.023692
0.021499
0.216710
0.648020
0.158041
0.617615
0.028531
0.623794
0.186563
0.024136
0.195143
0.025010
0.179692
0.008663
0.188085
0.010965
0.007159
0.009917
0.009438
0.008984
0.021231
0.181571
0.149282
0.277750
0.562854
0.183617
0.025188
0.193664
0.507852
0.023728
0.020607
0.017405
0.006898
0.020784
0.479836
0.183451
0.024328
0.021242
0.630127
0.025717
0.176353
0.175033
0.008425
0.009625
0.016666
0.183300
0.181140
0.197523
0.315561
0.016651
0.021569
0.023724
0.412333
0.013106
0.010186
0.285288
0.184364
0.192657
0.011762
0.009670
0.009324
0.472694
0.402401
0.025156
0.629795
0.019430
0.399693
0.025738
0.150014
0.029498
0.630475
0.209454
0.265846
0.640926
0.012703
0.624150
0.012914
0.020593
0.023712
0.009550
0.010364
0.152097
0.258664
0.010909
0.626969
0.321540
0.183111
0.008550
0.190760
0.218631
0.012277
0.632939
0.025338
0.025968
0.205691
0.178041
0.179653
0.182573
0.169522
0.010529
0.010241
0.022041
0.415260
0.026817
0.191470
0.022916
0.180393
0.178845
0.007838
0.199729
0.017525
0.611947
0.281391
0.640712
0.311965
0.202985
0.199092
0.025246
0.007908
0.259603
0.515970
0.018398
0.007250
0.455279
0.011272
0.177208
0.205333
0.608791
0.027008
0.010405
0.014364
0.006583
0.011037
0.324873
0.427353
0.013835
0.186355
0.007308
0.022432
0.407863
0.187128
0.183388
0.023463
0.260855
0.207088
0.180017
0.609121
0.332658
0.184621
0.031037
0.011841
0.009666
0.181645
0.511461
0.181251
0.337654
0.186082
0.195812
0.014411
0.177298
0.389603
0.183285
0.011181
0.406008
0.400703
0.306522
0.518915
0.186685
0.179646
0.150561
0.023678
0.025419
0.641960
0.019781
0.010986
0.022705
0.322900
0.026328
0.022369
0.181116
0.389238
0.184646
0.015114
0.032600
0.199227
0.013052
0.034315
0.179814
0.187470
0.022145
0.010246
0.022694
0.009923
0.009946
0.262507
0.274384
0.621670
0.178358
0.023106
0.020509
0.024194
0.198848
0.020486
0.011245
0.540391
0.630917
0.315920
0.008520
0.011018
0.630795
0.025809
0.393985
0.023609
0.509084
0.159084
0.012076
0.627107
0.425883
0.469374
0.013052
0.010013
0.449698
0.439051
0.635880
0.192843
0.018260
0.199222
0.183714
0.396649
0.186423
0.177216
0.665181
0.187535
0.026426
0.634326
0.012954
0.023947
0.010346
0.010624
0.399678
0.090494
0.025188
0.010577
0.261498
0.180283
0.008612
0.624442
0.037754
0.023199
0.153881
0.012141
0.176651
0.620774
0.192912
0.523810
0.204589
0.183222
0.180247
0.458274
0.512297
0.179992
0.015416
0.022617
0.021123
0.020780
0.020989
0.020222
0.184741
0.194019
0.184836
0.185217
0.176845
0.023752
0.627989
0.665889
0.018346
0.394676
0.378941
0.007993
0.408600
0.196568
0.177345
0.024211
0.407717
0.397056
0.189348
0.022922
0.484783
0.186168
0.023866
0.210976
0.628472
0.271262
0.189587
0.407333
0.399375
0.186984
0.636653
0.013443
0.008326
0.213066
0.183917
0.180430
0.674496
0.013636
0.184240
0.020269
0.198497
0.014226
0.030834
0.625647
0.150600
0.015093
0.647309
0.312416
0.202437
0.182792
0.012041
0.614223
0.191458
0.178715
0.010469
0.008023
0.188284
0.206592
0.013066
0.007545
0.176849
0.406982
0.459926
0.178104
0.197387
0.263186
0.010622
0.634117
0.015738
0.398919
0.015921
0.177814
0.186941
0.330510
0.027861
0.696633
0.647846
0.178953
0.170164
0.207123
0.183686
0.158579
0.181927
0.527804
0.397030
0.013011
0.393648
0.680453
0.026879
0.475403
0.193936
0.011753
0.620670
0.413070
0.389480
0.008497
0.187344
0.011171
0.022418
0.014078
0.191551
0.615950
0.524524
0.030866
0.022031
0.025049
0.029720
0.634967
0.189963
0.186473
0.011794
0.023080
0.021154
0.009935
0.181159
0.010182
0.182300
0.023401
0.020679
0.632831
0.631895
0.188089
0.395093
0.200553
0.527982
0.013645
0.023621
0.399790
0.020981
0.187309
0.182472
0.173709
0.263882
0.015900
0.010442
0.412542
0.013121
0.181305
0.026677
0.261941
0.517662
0.025853
0.021976
0.618334
0.477436
0.049154
0.012214
0.182654
0.174404
0.412436
0.009582
0.387815
0.193517
0.654518
0.031498
0.010876
0.186535
0.635629
0.076591
0.488400
0.196493
0.012675
0.187041
0.208209
0.182622
0.638031
0.636904
0.181906
0.176791
0.628128
0.264294
0.181574
0.012662
0.010326
0.632140
0.175571
0.291562
0.256877
0.199923
0.012313
0.400142
0.179060
0.010388
0.254915
0.644365
0.177047
0.635123
0.026623
0.175359
0.310855
0.024725
0.213858
0.483780
0.261818
0.024771
0.200826
0.497617
0.408389
0.620402
0.180095
0.645250
0.009660
0.033758
0.174726
0.023427
0.168191
0.206664
0.419911
0.027620
0.151353
0.412483
0.013043
0.011983
0.191414
0.186597
0.384182
0.016678
0.024527
0.197921
0.184832
0.180453
0.008537
0.010550
0.009728
0.262448
0.189232
0.009573
0.168810
0.010953
0.499448
0.273503
0.177082
0.646855
0.027887
0.199687
0.025985
0.499091
0.012367
0.173414
0.284903
0.027063
0.494982
0.192480
0.639246
0.026082
0.021099
0.010981
0.017010
0.173875
0.010741
0.168966
0.402450
0.177110
0.014865
0.507194
0.176071
0.024602
0.172241
0.632006
0.404042
0.191499
0.008026
0.010496
0.007013
0.632375
0.025876
0.192103
0.180331
0.636154
0.009220
0.010842
0.023023
0.207002
0.013000
0.022702
0.012843
0.409363
0.013917
0.023667
0.619098
0.022851
0.180259
0.019821
0.009929
0.167731
0.624701
0.148346
0.411718
0.188634
0.012544
0.029850
0.019811
0.010233
0.183669
0.181036
0.207926
0.012377
0.010181
0.018506
0.148298
0.011348
0.208846
0.012712
0.010415
0.174458
0.010532
0.634672
0.632081
0.025946
0.404264
0.181345
0.511677
0.013085
0.492783
0.179562
0.474504
0.204820
0.171884
0.026185
0.007619
0.408237
0.174695
0.229502
0.185667
0.160221
0.008578
0.424973
0.196321
0.025045
0.266817
0.659630
0.635134
0.183089
0.024678
0.210759
0.175850
0.335763
0.154204
0.395926
0.025157
0.177726
0.653654
0.019325
0.011243
0.389805
0.207965
0.026272
0.184117
0.021721
0.187508
0.175702
0.626809
0.209851
0.190073
0.025556
0.150339
0.200304
0.012779
0.324169
0.012186
0.007141
0.009455
0.030356
0.010721
0.184446
0.029826
0.022808
0.172925
0.325219
0.009961
0.181705
0.012002
0.183633
0.006954
0.009690
0.469769
0.023329
0.180248
0.636573
0.035322
0.179128
0.337609
0.178729
0.412366
0.176712
0.181367
0.514659
0.013831
0.186526
0.457062
0.025048
0.280254
0.188203
0.023569
0.020097
0.180039
0.011676
0.021751
0.009500
0.660690
0.010253
0.423515
0.025695
0.174864
0.022830
0.192116
0.622457
0.628323
0.196095
0.262377
0.011744
0.183815
0.520985
0.021184
0.637846
0.014253
0.010282
0.022378
0.525905
0.188064
0.169973
0.497460
0.385699
0.011555
0.208588
0.461840
0.183806
0.151523
0.016493
0.023086
0.184364
0.018426
0.617002
0.011970
0.007817
0.399794
0.187961
0.667534
0.395227
0.508591
0.623541
0.189073
0.198835
0.398757
0.028168
0.636097
0.338820
0.453188
0.193729
0.174518
0.497838
0.640632
0.387150
0.011327
0.024747
0.022510
0.169275
0.193331
0.011320
0.186750
0.395170
0.010502
0.660164
0.017987
0.187505
0.010564
0.006996
0.512332
0.192891
0.630544
0.616207
0.640081
0.390113
0.011584
0.010024
0.009660
0.009284
0.675838
0.027322
0.185462
0.180861
0.198430
0.615307
0.181582
0.009965
0.006775
0.009865
0.016400
0.195868
0.173746
0.615397
0.046656
0.027798
0.184418
0.179078
0.308174
0.634067
0.219462
0.154671
0.011118
0.175068
0.191518
0.032894
0.185285
0.395458
0.185690
0.190404
0.024995
0.181707
0.010426
0.632272
0.213019
0.024419
0.187345
0.154454
0.638098
0.439020
0.187018
0.031718
0.193508
0.175172
0.190769
0.643358
0.012323
0.169826
0.608927
0.651462
0.027013
0.016698
0.167957
0.012051
0.422443
0.183452
0.426598
0.650290
0.023924
0.186477
0.170534
0.407524
0.629904
0.290206
0.153024
0.398889
0.011665
0.190523
0.011148
0.202035
0.183204
0.292423
0.180103
0.411990
0.193190
0.012534
0.628927
0.019566
0.617224
0.627399
0.011745
0.010455
0.023626
0.012656
0.179177
0.172198
0.169059
0.022994
0.020940
0.199394
0.646780
0.170345
0.010397
0.194253
0.624702
0.203145
0.189256
0.013052
0.007534
0.006667
0.008825
0.010028
0.633246
0.021782
0.009923
0.199480
0.321068
0.634881
0.022885
0.418843
0.185761
0.188912
0.413765
0.019577
0.498673
0.196566
0.394340
0.183773
0.008000
0.022270
0.010224
0.634878
0.009606
0.393820
0.179945
0.023855
0.009384
0.401322
0.297018
0.402838
0.392896
0.009113
0.013144
0.011226
0.008800
0.025438
0.447568
0.202432
0.025888
0.017919
0.021759
0.310648
0.010348
0.298562
0.162250
0.189573
0.018116
0.084119
0.622829
0.023754
0.207770
0.024885
0.010749
0.007194
0.423637
0.013442
0.640151
0.013319
0.007473
0.193011
0.635667
0.012876
0.639948
0.405642
0.029297
0.189207
0.639804
0.017758
0.438194
0.014596
0.187436
0.406988
0.618545
0.025202
0.187418
0.022750
0.028875
0.153260
0.189671
0.182456
0.010305
0.023228
0.020755
0.009722
0.009635
0.176955
0.195438
0.181910
0.396778
0.641532
0.025648
0.217360
0.187715
0.175579
0.196557
0.176042
0.180511
0.012246
0.021655
0.641674
0.399682
0.012365
0.009640
0.316163
0.016260
0.647386
0.636102
0.182664
0.202560
0.025108
0.378550
0.022393
0.021344
0.161085
0.595277
0.171404
0.181137
0.024121
0.162477
0.016489
0.594808
0.179273
0.185572
0.164910
0.011662
0.021378
0.009586
0.009331
0.609327
0.624051
0.023467
0.183406
0.010334
0.006636
0.008612
0.017107
0.025877
0.182269
0.012016
0.595629
0.010483
0.021828
0.020017
0.191807
0.625633
0.632367
0.024506
0.269116
0.636723
0.430220
0.630273
0.026675
0.618167
0.196411
0.174314
0.011566
0.155882
0.312606
0.407099
0.021690
0.024715
0.267516
0.192270
0.636326
0.013499
0.410225
0.014202
0.202707
0.178769
0.011668
0.156092
0.176598
0.187251
0.403884
0.391401
0.012210
0.177252
0.023510
0.398679
0.190226
0.014862
0.604721
0.207878
0.291922
0.635842
0.188623
0.186764
0.634116
0.027998
0.007701
0.398038
0.011611
0.022055
0.180318
0.010720
0.277230
0.398194
0.183987
0.407392
0.013623
0.015800
0.422285
0.027576
0.181208
0.407077
0.013077
0.022808
0.183738
0.024131
0.020291
0.176289
0.020894
0.630442
0.013184
0.023322
0.020897
0.627798
0.635661
0.024595
0.010623
0.010101
0.009504
0.623178
0.683338
0.015211
0.049412
0.647291
0.187256
0.013272
0.477631
0.205118
0.397063
0.011624
0.201557
0.395977
0.188485
0.192013
0.687339
0.155067
0.374211
0.195336
0.175749
0.640726
0.153592
0.193789
0.395440
0.011609
0.203465
0.010140
0.402398
0.013449
0.313150
0.169672
0.027515
0.640844
0.416455
0.182323
0.013011
0.191486
0.010984
0.630962
0.191610
0.150710
0.024627
0.007995
0.175943
0.146193
0.195193
0.026413
0.070775
0.622505
0.429245
0.204994
0.319717
0.013896
0.009825
0.198558
0.012988
0.629714
0.189212
0.192972
0.629324
0.011928
0.033668
0.410134
0.028383
0.010297
0.315595
0.637921
0.335515
0.028952
0.264714
0.017359
0.177947
0.010854
0.030836
0.304854
0.011752
0.198634
0.008335
0.262897
0.009433
0.007875
0.194392
0.012511
0.174840
0.015129
0.622812
0.010977
0.643221
0.174607
0.186736
0.036078
0.010444
0.413308
0.016991
0.011626
0.024740
0.336211
0.013005
0.413486
0.196834
0.024960
0.390343
0.010127
0.010356
0.022397
0.326942
0.014312
0.388206
0.153799
0.145208
0.010820
0.009816
0.022383
0.280650
0.397617
0.011573
0.022429
0.633617
0.009511
0.038703
0.428878
0.181322
0.205552
0.397077
0.045414
0.147777
0.022973
0.144687
0.010870
0.022336
0.641478
0.263141
0.011660
0.009474
0.404110
0.189872
0.630520
0.012672
0.010006
0.420235
0.389669
0.636673
0.391063
0.647766
0.628827
0.193883
0.012240
0.024412
0.021220
0.657031
0.012891
0.020403
0.184733
0.198214
0.262266
0.031706
0.015946
0.024383
0.413235
0.268313
0.408028
0.626691
0.176763
0.194589
0.611520
0.010967
0.405004
0.028666
0.150339
0.235965
0.021386
0.190741
0.181771
0.198534
0.179095
0.507445
0.182502
0.026911
0.185396
0.024489
0.182886
0.012503
0.390021
0.402043
0.190961
0.635757
0.183853
0.191087
0.218592
0.182547
0.194887
0.184705
0.181372
0.388238
0.411095
0.498246
0.179643
0.191156
0.173967
0.192610
0.395911
0.025503
0.673796
0.186814
0.513215
0.275414
0.636676
0.012922
0.025741
0.020971
0.010205
0.021005
0.010379
0.021895
0.008708
0.187184
0.151307
0.640503
0.013089
0.022980
0.265243
0.625068
0.423957
0.182397
0.206163
0.612752
0.178195
0.022835
0.195455
0.016675
0.323750
0.151846
0.176772
0.650732
0.642986
0.656257
0.192373
0.204734
0.018688
0.178056
0.012182
0.007381
0.534311
0.205629
0.026247
0.463774
0.180632
0.011583
0.188023
0.197101
0.009873
0.014713
0.014771
0.174427
0.018709
0.192352
0.512484
0.418159
0.642237
0.032046
0.014066
0.010048
0.626345
0.408129
0.194901
0.180757
0.186765
0.327118
0.181596
0.024139
0.007682
0.008935
0.268834
0.185545
0.670598
0.651537
0.012378
0.622094
0.023465
0.650071
0.024676
0.184051
0.411551
0.013671
0.179262
0.403833
0.408250
0.014153
0.180803
0.021737
0.021090
0.211889
0.639517
0.013730
0.193269
0.023814
0.261254
0.183007
0.028447
0.640673
0.183424
0.023516
0.010430
0.009600
0.638207
0.013064
0.176467
0.016895
0.181215
0.010687
0.009951
0.406733
0.183887
0.055500
0.015762
0.010151
0.177303
0.168411
0.010445
0.021922
0.020114
0.010313
0.009383
0.424532
0.019268
0.392298
0.191748
0.010829
0.196725
0.170485
0.629563
0.032886
0.011405
0.188351
0.184095
0.175372
0.174060
0.351219
0.179430
0.010631
0.427238
0.173030
0.483036
0.013445
0.152009
0.170961
0.170347
0.010516
0.184409
0.395679
0.193468
0.638698
0.622125
0.407796
0.430435
0.199003
0.404007
0.181311
0.011601
0.177005
0.186617
0.202069
0.624841
0.408468
0.187879
0.382624
0.184768
0.320099
0.012483
0.025864
0.021723
0.024415
0.670166
0.026317
0.457994
0.024212
0.183573
0.007775
0.015973
0.642661
0.182594
0.631210
0.185195
0.152046
0.627352
0.190233
0.086505
0.313117
0.204309
0.010099
0.023485
0.183424
0.622049
0.011277
0.656848
0.025528
0.178164
0.177673
0.196393
0.315305
0.027518
0.178703
0.019872
0.181169
0.472282
0.209162
0.013037
0.639503
0.184895
0.619281
0.669027
0.412225
0.012654
0.183797
0.007805
0.037639
0.009015
0.459557
0.026330
0.675431
0.013988
0.183953
0.023510
0.021035
0.021332
0.189282
0.196005
0.024211
0.173580
0.175192
0.181482
0.635914
0.178847
0.023460
0.165675
0.010673
0.409265
0.169285
0.012581
0.154434
0.317178
0.176051
0.206877
0.012381
0.007882
0.421541
0.012875
0.185962
0.149619
0.312248
0.397582
0.012482
0.182562
0.640063
0.177833
0.629720
0.179992
0.024926
0.166523
0.476048
0.042035
0.010844
0.010066
0.214983
0.309986
0.465859
0.193146
0.182007
0.011314
0.632113
0.396984
0.012344
0.179939
0.190559
0.153286
0.397977
0.174204
0.024220
0.405038
0.026999
0.212879
0.026573
0.010474
0.173144
0.010101
0.007287
0.181175
0.010449
0.201913
0.394667
0.029105
0.023831
0.032611
0.022684
0.627397
0.192297
0.012553
0.199144
0.028435
0.634815
0.034216
0.012889
0.177317
0.010986
0.010960
0.172582
0.630597
0.024614
0.657154
0.181903
0.177618
0.023379
0.021234
0.020442
0.019924
0.009565
0.007195
0.628068
0.179672
0.192096
0.010912
0.170307
0.010076
0.149024
0.202569
0.018535
0.007449
0.615509
0.424898
0.151042
0.211247
0.183120
0.010393
0.171960
0.007750
0.422082
0.187721
0.311341
0.199605
0.394944
0.192358
0.176520
0.532142
0.032370
0.023459
0.303656
0.507210
0.421585
0.181431
0.472865
0.185716
0.024250
0.171369
0.409915
0.025636
0.189341
0.031719
0.190990
0.262022
0.199326
0.014175
0.183003
0.182555
0.023364
0.632369
0.027388
0.643392
0.277926
0.013623
0.011182
0.468719
0.011837
0.182268
0.022571
0.627631
0.616352
0.412651
0.009993
0.009443
0.175876
0.186881
0.184549
0.198086
0.266948
0.417470
0.199631
0.184639
0.024343
0.186056
0.636875
0.461953
0.177514
0.012173
0.023608
0.636785
0.629600
0.048338
0.189881
0.018241
0.210926
0.024804
0.020464
0.178215
0.476001
0.194815
0.633704
0.502520
0.384773
0.025487
0.203080
0.013204
0.023704
0.020318
0.009856
0.186640
0.385265
0.520675
0.013257
0.416040
0.037533
0.203244
0.182512
0.182044
0.011235
0.011007
0.631930
0.179437
0.176268
0.024876
0.456420
0.187265
0.025274
0.402494
0.010965
0.147666
0.019843
0.021253
0.167973
0.027945
0.472224
0.013137
0.664568
0.397869
0.181219
0.258784
0.476812
0.175922
0.149805
0.168709
0.010268
0.010465
0.193569
0.499013
0.193307
0.023449
0.197429
0.636641
0.025859
0.406303
0.497242
0.025018
0.021778
0.188571
0.517987
0.030008
0.180722
0.008214
0.036752
0.179717
0.007167
0.201579
0.266229
0.024343
0.190758
0.257224
0.022264
0.009406
0.183144
0.196773
0.173390
0.010573
0.017155
0.200036
0.168094
0.182083
0.011396
0.517592
0.012777
0.169489
0.010431
0.629853
0.026080
0.396473
0.012557
0.285440
0.614012
0.011923
0.171822
0.199121
0.403955
0.045524
0.634774
0.026725
0.021521
0.186485
0.183632
0.022247
0.170553
0.165307
0.011157
0.009754
0.009559
0.636152
0.013183
0.185691
0.415482
0.184556
0.390786
0.650983
0.012773
0.031992
0.178736
0.184790
0.163323
0.176874
0.465745
0.186093
0.011035
0.197723
0.012216
0.024695
0.398748
0.011350
0.183352
0.178633
0.279500
0.181986
0.620521
0.198358
0.012919
0.174132
0.641072
0.011501
0.629296
0.518112
0.186783
0.609276
0.199047
0.023591
0.007222
0.398834
0.026247
0.176515
0.634563
0.198083
0.624406
0.397009
0.625082
0.017941
0.395388
0.018984
0.633550
0.024313
0.179907
0.147548
0.024779
0.188441
0.197632
0.026900
0.176749
0.206754
0.034474
0.171419
0.022692
0.166656
0.017944
0.035566
0.014428
0.169667
0.011028
0.193896
0.164085
0.022216
0.020754
0.010367
0.519590
0.009971
0.203279
0.023015
0.016005
0.645638
0.172649
0.189030
0.011447
0.179814
0.415839
0.028153
0.183280
0.010061
0.023383
0.416656
0.013743
0.185934
0.023117
0.010023
0.410121
0.395536
0.185047
0.022662
0.196842
0.623917
0.011540
0.010816
0.019485
0.021794
0.401793
0.499453
0.185373
0.691756
0.643655
0.187400
0.025022
0.021528
0.010421
0.631227
0.012730
0.617400
0.011021
0.009752
0.637245
0.009394
0.010599
0.183911
0.417323
0.012716
0.644242
0.012276
0.411422
0.153361
0.011084
0.022677
0.606494
0.200356
0.467917
0.629234
0.613681
0.414197
0.208477
0.513934
0.399565
0.449309
0.329944
0.029182
0.609077
0.196855
0.026629
0.011033
0.020601
0.180742
0.009586
0.020659
0.181266
0.023423
0.010956
0.167600
0.164921
0.010462
0.009761
0.412387
0.658886
0.633552
0.024828
0.019893
0.022092
0.021033
0.631850
0.011767
0.392214
0.011450
0.009540
0.171657
0.402695
0.200780
0.625253
0.024702
0.010639
0.015201
0.640251
0.643531
0.174446
0.476794
0.622934
0.205600
0.623539
0.021291
0.178811
0.023624
0.292171
0.013907
0.128774
0.203905
0.013836
0.023438
0.020758
0.394398
0.205944
0.614974
0.172768
0.008145
0.194286
0.173831
0.011306
0.171050
0.163818
0.413362
0.177937
0.622519
0.024279
0.188126
0.012444
0.010440
0.165965
0.290774
0.192223
0.011587
0.181670
0.190162
0.038663
0.023218
0.613862
0.017051
0.274374
0.009690
0.184015
0.015959
0.181694
0.010544
0.400199
0.041192
0.186133
0.011853
0.393589
0.184596
0.174992
0.652063
0.183719
0.010751
0.194831
0.176803
0.401598
0.024329
0.177812
0.010512
0.648881
0.623826
0.189435
0.012064
0.022455
0.009722
0.184580
0.010969
0.183121
0.623411
0.029237
0.655216
0.013121
0.393881
0.632735
0.018329
0.010614
0.009667
0.608724
0.010949
0.176730
0.404129
0.012845
0.391154
0.011222
0.009717
0.146804
0.401503
0.025615
0.209504
0.387246
0.193827
0.024497
0.007422
0.147106
0.021538
0.626252
0.037292
0.013089
0.010998
0.610937
0.175531
0.277769
0.616618
0.019813
0.348963
0.030421
0.428391
0.014034
0.007865
0.628680
0.185825
0.390090
0.636517
0.625744
0.025460
0.178810
0.189766
0.388765
0.024131
0.468985
0.023711
0.027800
0.405503
0.407239
0.013020
0.189534
0.307344
0.022533
0.178282
0.634654
0.380918
0.024843
0.168504
0.195967
0.382469
0.009343
0.189447
0.412668
0.427715
0.640120
0.187910
0.180122
0.181639
0.400259
0.010380
0.006885
0.407314
0.183306
0.190913
0.187552
0.012643
0.175711
0.180874
0.278556
0.486665
0.021059
0.184193
0.513155
0.268764
0.450872
0.011521
0.203323
0.012387
0.007252
0.187493
0.179952
0.180152
0.010258
0.022859
0.010127
0.022411
0.471416
0.189866
0.023161
0.304634
0.011136
0.275870
0.025900
0.007469
0.021698
0.184277
0.025884
0.328591
0.185471
0.321518
0.012782
0.009573
0.267179
0.183533
0.625877
0.026450
0.014035
0.610661
0.196062
0.024220
0.148026
0.192247
0.022956
0.010066
0.639099
0.422352
0.417825
0.026971
0.180469
0.452752
0.513845
0.194592
0.011276
0.383322
0.017023
0.199772
0.181565
0.391380
0.420126
0.170829
0.677296
0.199427
0.148822
0.473291
0.469183
0.027655
0.023343
0.151864
0.189030
0.640171
0.622492
0.681957
0.641473
0.148889
0.015371
0.025521
0.009900
0.391265
0.009008
0.009605
0.470368
0.025889
0.189944
0.011702
0.035388
0.178070
0.147577
0.022721
0.196662
0.621691
0.479229
0.652786
0.196653
0.197414
0.455692
0.025877
0.191876
0.511585
0.025698
0.186814
0.644770
0.032700
0.030182
0.180973
0.152003
0.187205
0.200083
0.171537
0.213730
0.636873
0.184991
0.610204
0.196745
0.026209
0.015201
0.020716
0.020739
0.153502
0.465927
0.022887
0.517744
0.265391
0.175950
0.215207
0.013285
0.010598
0.010135
0.009396
0.009488
0.024020
0.021483
0.009683
0.023365
0.021602
0.428891
0.180769
0.189217
0.264955
0.023720
0.010485
0.196270
0.010698
0.169557
0.165967
0.410989
0.394715
0.173768
0.195491
0.174115
0.011360
0.388463
0.189678
0.011048
0.660561
0.175249
0.033206
0.402627
0.028144
0.187597
0.190167
0.177647
0.182884
0.007548
0.188662
0.025334
0.021661
0.010609
0.611911
0.636456
0.009813
0.395245
0.660888
0.026673
0.184697
0.480024
0.013161
0.456830
0.466706
0.025368
0.022112
0.617897
0.022601
0.151033
0.165016
0.451936
0.031947
0.007193
0.624606
0.034083
0.645389
0.011665
0.008761
0.006429
0.324124
0.200630
0.011230
0.010569
0.183858
0.182182
0.200915
0.013147
0.010087
0.180636
0.393218
0.263876
0.023338
0.010067
0.032152
0.183416
0.618911
0.661262
0.009674
0.260022
0.023871
0.021901
0.014111
0.193382
0.205840
0.009567
0.022952
0.009002
0.414133
0.434706
0.179277
0.010238
0.177248
0.166755
0.624257
0.176383
0.166035
0.022959
0.009103
0.021223
0.180970
0.021778
0.206604
0.193029
0.643744
0.195959
0.024733
0.021108
0.404626
0.177941
0.013780
0.632967
0.391605
0.631368
0.175185
0.010655
0.167816
0.014622
0.178750
0.532277
0.027467
0.168498
0.618770
0.009115
0.613065
0.410572
0.193688
0.182219
0.179073
0.190944
0.459878
0.632820
0.183930
0.655054
0.025916
0.011063
0.392051
0.154559
0.621580
0.199469
0.024731
0.628674
0.314908
0.178549
0.023654
0.022080
0.620072
0.211096
0.013300
0.022600
0.019710
0.388872
0.193880
0.176760
0.177532
0.011703
0.167485
0.016693
0.175218
0.009640
0.184233
0.024469
0.009334
0.020840
0.010088
0.393084
0.630971
0.198021
0.025326
0.636206
0.646144
0.025101
0.010750
0.633578
0.174177
0.008591
0.628678
0.176446
0.628341
0.013530
0.179848
0.173163
0.263970
0.167421
0.007788
0.214989
0.009989
0.178208
0.011587
0.022083
0.195997
0.157080
0.409894
0.408641
0.262903
0.624894
0.020173
0.604554
0.330966
0.012939
0.635018
0.680162
0.188513
0.024186
0.021244
0.637777
0.626805
0.024280
0.022077
0.010609
0.498825
0.180480
0.010556
0.193852
0.013857
0.190164
0.182108
0.184795
0.179275
0.168641
0.024577
0.647788
0.181940
0.011932
0.009993
0.191074
0.263651
0.398825
0.640780
0.187564
0.024838
0.010036
0.021417
0.175438
0.637302
0.024158
0.176962
0.630381
0.201472
0.638752
0.504573
0.654151
0.194616
0.646507
0.405498
0.178411
0.509635
0.649845
0.199966
0.178754
0.022924
0.010351
0.193623
0.023108
0.179319
0.260311
0.629047
0.177682
0.011633
0.414846
0.018335
0.264963
0.647389
0.012873
0.023473
0.423594
0.012475
0.623499
0.009779
0.617081
0.405815
0.185575
0.178855
0.011164
0.410018
0.614930
0.515396
0.197754
0.205983
0.012805
0.028408
0.410432
0.027006
0.465014
0.187712
0.181782
0.328136
0.187859
0.637097
0.269264
0.637712
0.026452
0.415751
0.013675
0.023374
0.009891
0.309964
0.206249
0.183994
0.626007
0.024344
0.018929
0.010150
0.022077
0.292909
0.010111
0.610328
0.201109
0.621293
0.024160
0.022235
0.274974
0.189309
0.492550
0.014061
0.018812
0.279357
0.187937
0.186972
0.011844
0.328549
0.012032
0.011598
0.183439
0.010297
0.644985
0.012936
0.022608
0.181188
0.010155
0.409739
0.266407
0.385851
0.011224
0.200605
0.638230
0.639924
0.182321
0.011273
0.034285
0.189790
0.411455
0.186495
0.149689
0.024358
0.007706
0.021150
0.185262
0.010590
0.415887
0.190688
0.263160
0.011049
0.022591
0.285705
0.151255
0.023487
0.186910
0.414065
0.200651
0.182244
0.620030
0.631347
0.013495
0.627454
0.026215
0.183682
0.024433
0.007169
0.260749
0.015188
0.007105
0.009007
0.621461
0.208764
0.180117
0.031736
0.022213
0.175103
0.011734
0.635810
0.177466
0.184827
0.060506
0.025584
0.618962
0.333386
0.028869
0.022953
0.010638
0.009885
0.397826
0.184895
0.408302
0.013791
0.153193
0.019315
0.021728
0.021966
0.207730
0.191665
0.178887
0.409047
0.027661
0.007328
0.010318
0.611790
0.202854
0.013247
0.022035
0.389508
0.631823
0.184748
0.386864
0.192869
0.388299
0.206635
0.013404
0.174782
0.668767
0.027334
0.389912
0.011081
0.023651
0.208508
0.175415
0.023910
0.011275
0.178998
0.008283
0.177598
0.012171
0.187771
0.022370
0.021244
0.051382
0.180179
0.015857
0.391558
0.187578
0.473047
0.009586
0.023405
0.424059
0.629581
0.501262
0.012358
0.634574
0.182502
0.011841
0.022303
0.454166
0.015763
0.025470
0.185819
0.427337
0.031202
0.010332
0.009791
0.021315
0.421455
0.231050
0.633057
0.012686
0.009713
0.195937
0.022694
0.010176
0.184955
0.413067
0.181963
0.184597
0.012315
0.171692
0.023583
0.021046
0.016487
0.480914
0.203154
0.176734
0.389377
0.021682
0.030801
0.174959
0.656236
0.025648
0.205062
0.620978
0.173383
0.023026
0.205197
0.151808
0.008806
0.189570
0.007906
0.022427
0.180560
0.178662
0.190867
0.174435
0.023235
0.656016
0.210345
0.268139
0.011927
0.490240
0.278790
0.021333
0.617932
0.424311
0.265344
0.019094
0.386938
0.277827
0.025489
0.190677
0.395115
0.205267
0.015101
0.396132
0.034911
0.638655
0.624890
0.179339
0.011767
0.166552
0.013330
0.617696
0.017821
0.476226
0.185169
0.025247
0.020947
0.021507
0.259351
0.644709
0.213864
0.401523
0.390971
0.640297
0.190294
0.184937
0.018361
0.182499
0.173669
0.024423
0.198131
0.398647
0.649479
0.648392
0.012907
0.022704
0.178485
0.010505
0.634057
0.024917
0.026044
0.190160
0.032377
0.024813
0.023199
0.197418
0.274770
0.170366
0.023565
0.165981
0.628486
0.632943
0.399535
0.030259
0.399796
0.415994
0.318789
0.180320
0.408868
0.192200
0.638299
0.013549
0.623915
0.513614
0.156334
0.204712
0.019208
0.010900
0.172915
0.009394
0.206039
0.629361
0.414006
0.010328
0.024360
0.185656
0.009188
0.010119
0.611181
0.641211
0.026242
0.177717
0.176156
0.010959
0.194836
0.012435
0.008875
0.170590
0.027930
0.009276
0.015636
0.209275
0.624050
0.469171
0.150332
0.192378
0.012266
0.459836
0.388988
0.409958
0.397368
0.025483
0.638450
0.228918
0.628938
0.155795
0.176439
0.008635
0.022407
0.009196
0.174119
0.020323
0.202194
0.400586
0.012926
0.025057
0.180409
0.010465
0.009783
0.186297
0.279551
0.615179
0.011765
0.427163
0.025813
0.287875
0.013308
0.185583
0.624290
0.185042
0.010695
0.624703
0.025274
0.021577
0.615438
0.008246
0.643414
0.027073
0.181751
0.639763
0.206880
0.179671
0.011411
0.338670
0.179711
0.187185
0.391909
0.323383
0.271798
0.178694
0.471626
0.013738
0.019059
0.013751
0.010010
0.617256
0.010603
0.007082
0.324354
0.012355
0.188574
0.654363
0.187476
0.184565
0.179510
0.626420
0.186878
0.629061
0.025406
0.181222
0.021649
0.009815
0.010300
0.184678
0.021974
0.630621
0.009415
0.044475
0.009971
0.184995
0.018374
0.198760
0.012522
0.517093
0.024468
0.010632
0.612138
0.011397
0.184847
0.410712
0.308877
0.415676
0.310578
0.634030
0.027423
0.020876
0.629095
0.193031
0.406505
0.658060
0.013125
0.022870
0.616870
0.187839
0.010638
0.010018
0.475162
0.017388
0.607094
0.665195
0.012757
0.632059
0.025416
0.194029
0.023690
0.517518
0.025634
0.608300
0.011159
0.178709
0.023733
0.203090
0.009829
0.180163
0.264666
0.189061
0.646646
0.496177
0.647338
0.151846
0.025265
0.010436
0.404064
0.013236
0.009799
0.394001
0.020104
0.187627
0.180312
0.021408
0.012753
0.188028
0.455542
0.178368
0.673044
0.183515
0.012161
0.625567
0.012421
0.180010
0.022076
0.149600
0.144916
0.011420
0.191483
0.624674
0.633669
0.198833
0.011907
0.010230
0.010228
0.023459
0.473264
0.026820
0.029977
0.014113
0.641401
0.655142
0.181856
0.007958
0.469783
0.021349
0.620819
0.151573
0.404910
0.184506
0.645792
0.013858
0.175444
0.227090
0.173817
0.024308
0.008185
0.327740
0.620370
0.025110
0.178443
0.011262
0.218750
0.014297
0.010744
0.266714
0.411828
0.010175
0.012639
0.427524
0.185389
0.648463
0.199841
0.214921
0.179964
0.170943
0.202410
0.466693
0.027314
0.630455
0.159098
0.634157
0.626833
0.628489
0.030506
0.011206
0.416070
0.209804
0.152672
0.024039
0.611375
0.646207
0.010069
0.396273
0.008592
0.206557
0.622374
0.622306
0.012995
0.653681
0.186485
0.012059
0.010664
0.395691
0.627241
0.189786
0.020588
0.261360
0.028827
0.186025
0.198652
0.174177
0.175153
0.168910
0.184732
0.408001
0.201663
0.190313
0.150490
0.008002
0.332544
0.013258
0.010480
0.186060
0.394800
0.279396
0.150624
0.183298
0.008672
0.170386
0.174335
0.166321
0.173177
0.186510
0.008171
0.187138
0.178824
0.027731
0.007513
0.414496
0.270069
0.012810
0.411825
0.032993
0.010540
0.195568
0.179682
0.391100
0.015533
0.399813
0.037748
0.176914
0.023695
0.012096
0.006476
0.189098
0.633013
0.009964
0.617004
0.008271
0.013518
0.638635
0.060132
0.182198
0.200983
0.401174
0.632139
0.013596
0.177533
0.022802
0.619240
0.011528
0.037013
0.013318
0.016411
0.011059
0.489958
0.520116
0.645869
0.410795
0.621337
0.025997
0.180120
0.022680
0.041221
0.179705
0.177202
0.011973
0.010675
0.627436
0.174316
0.614833
0.668474
0.172563
0.262116
0.010015
0.189011
0.190888
0.395218
0.275066
0.036930
0.174431
0.399469
0.025252
0.022310
0.400690
0.192838
0.185143
0.175416
0.084628
0.010901
0.024018
0.401658
0.013386
0.024431
0.007643
0.551830
0.283000
0.013046
0.024874
0.187659
0.019706
0.395832
0.187500
0.327090
0.011676
0.622049
0.475584
0.310597
0.191607
0.665377
0.032168
0.010996
0.395697
0.010435
0.321324
0.027403
0.493629
0.635675
0.185659
0.409435
0.191357
0.030011
0.187002
0.011453
0.180657
0.022832
0.480419
0.025667
0.037109
0.190002
0.011296
0.021865
0.202096
0.021375
0.627709
0.610219
0.193487
0.018632
0.615328
0.410837
0.273478
0.028576
0.632621
0.644107
0.632602
0.196562
0.183047
0.181245
0.193322
0.462400
0.178361
0.024549
0.019891
0.203348
0.395477
0.014068
0.630205
0.640826
0.013366
0.402667
0.611389
0.177425
0.023667
0.202510
0.013079
0.174867
0.010530
0.189809
0.010746
0.021847
0.174587
0.176490
0.473667
0.013267
0.023879
0.007745
0.637484
0.422573
0.264351
0.644142
0.193524
0.011525
0.628127
0.012920
0.183726
0.188399
0.172807
0.190288
0.612144
0.184720
0.658250
0.180662
0.174000
0.406147
0.400289
0.012394
0.404732
0.179256
0.156049
0.024404
0.623586
0.177440
0.193224
0.640492
0.027339
0.173054
0.007887
0.030364
0.214612
0.172930
0.621325
0.399647
0.174636
0.166705
0.263452
0.194866
0.182344
0.631775
0.176619
0.167708
0.029325
0.183748
0.184833
0.167399
0.488454
0.009947
0.065961
0.205909
0.186542
0.183950
0.392076
0.407343
0.193404
0.150961
0.181677
0.177581
0.011207
0.036157
0.030358
0.182102
0.184031
0.023173
0.175735
0.175424
0.010374
0.324828
0.183758
0.429949
0.189712
0.199343
0.179957
0.011369
0.018331
0.017744
0.027982
0.011006
0.176002
0.021597
0.021324
0.627416
0.181680
0.181229
0.011628
0.181789
0.009020
0.185809
0.396162
0.624839
0.009871
0.393279
0.029208
0.013730
0.007219
0.390816
0.412248
0.389425
0.182762
0.193200
0.151147
0.023916
0.021727
0.007015
0.266037
0.176818
0.146386
0.207614
0.184454
0.024380
0.395656
0.039495
0.007247
0.174277
0.205350
0.645545
0.188847
0.404288
0.317342
0.401200
0.180891
0.024666
0.399181
0.025480
0.010765
0.632644
0.607698
0.026608
0.308200
0.022027
0.210401
0.026130
0.022566
0.403095
0.013452
0.030100
0.024892
0.187305
0.007041
0.010884
0.009758
0.182815
0.010691
0.017949
0.183160
0.173998
0.063849
0.010219
0.038124
0.010290
0.624175
0.024421
0.175910
0.010757
0.009588
0.638603
0.189451
0.172814
0.672493
0.012918
0.186421
0.010090
0.180192
0.636034
0.024847
0.125094
0.625413
0.320829
0.638308
0.502396
0.321409
0.012873
0.479542
0.154046
0.011643
0.012888
0.205145
0.027019
0.011341
0.183995
0.155134
0.180082
0.022948
0.174074
0.416710
0.156206
0.391762
0.631654
0.185803
0.513315
0.269581
0.209527
0.025477
0.176747
0.409961
0.619125
0.151253
0.192611
0.150995
0.024267
0.195829
0.176835
0.169606
0.015106
0.411306
0.184201
0.186418
0.513146
0.292260
0.392389
0.409026
0.394060
0.404609
0.621150
0.188174
0.200478
0.018558
0.181874
0.153641
0.175445
0.488179
0.185828
0.027728
0.208805
0.012940
0.175976
0.010350
0.022301
0.008738
0.020732
0.404345
0.619019
0.021053
0.409203
0.610275
0.011455
0.206681
0.019585
0.029120
0.187802
0.023804
0.022341
0.179992
0.010977
0.007014
0.186265
0.042653
0.022084
0.200484
0.010449
0.180643
0.303084
0.319837
0.023545
0.021268
0.201465
0.269143
0.189659
0.310166
0.400452
0.013397
0.186859
0.173087
0.408830
0.174515
0.020464
0.192763
0.023595
0.021292
0.182516
0.009121
0.177414
0.327240
0.013338
0.009362
0.213666
0.152074
0.024532
0.010437
0.631370
0.193554
0.181022
0.631614
0.188221
0.023946
0.021043
0.176189
0.009850
0.020597
0.010170
0.179492
0.328975
0.399667
0.177162
0.030257
0.200427
0.311610
0.039865
0.635409
0.020747
0.007490
0.010393
0.268435
0.023276
0.181944
0.258058
0.021470
0.201535
0.027092
0.021748
0.624687
0.180530
0.007447
0.638587
0.151066
0.008316
0.176963
0.191424
0.493589
0.010090
0.023232
0.009447
0.180712
0.206355
0.025224
0.182532
0.185585
0.023180
0.020365
0.011401
0.009719
0.177833
0.176216
0.193245
0.185407
0.395843
0.177195
0.646364
0.525568
0.010424
0.183584
0.023843
0.010259
0.009907
0.651670
0.013083
0.415596
0.180318
0.024045
0.176208
0.187804
0.635705
0.631839
0.191869
0.176440
0.180859
0.179873
0.022295
0.668096
0.629255
0.189109
0.626251
0.180100
0.008846
0.611314
0.197495
0.185118
0.008401
0.006440
0.023217
0.185288
0.631491
0.014681
0.024227
0.427465
0.010570
0.410617
0.615692
0.012895
0.186861
0.205400
0.013396
0.183780
0.023568
0.183821
0.181803
0.023889
0.021239
0.173441
0.485212
0.264294
0.012429
0.629734
0.343976
0.183474
0.408474
0.197811
0.177095
0.184002
0.010914
0.325990
0.494998
0.262069
0.514815
0.026830
0.186359
0.180835
0.409900
0.655255
0.012818
0.168857
0.012498
0.312422
0.260619
0.408718
0.185961
0.184114
0.011441
0.016550
0.146589
0.185211
0.634007
0.649666
0.441709
0.187271
0.330080
0.019683
0.463339
0.012208
0.009687
0.631745
0.270417
0.026486
0.007991
0.178824
0.627759
0.013247
0.183954
0.024038
0.626501
0.027911
0.192211
0.201900
0.177001
0.631317
0.185650
0.624259
0.190574
0.011692
0.395493
0.011693
0.023530
0.642284
0.264520
0.147837
0.746707
0.026742
0.184871
0.011419
0.413265
0.406724
0.264375
0.212732
0.025365
0.022511
0.186133
0.023367
0.179558
0.021476
0.010390
0.174965
0.188752
0.012728
0.149086
0.624574
0.023529
0.020572
0.010136
0.202129
0.641485
0.013035
0.022601
0.331818
0.189101
0.183151
0.023651
0.016181
0.625865
0.013079
0.022593
0.009968
0.020436
0.455860
0.011841
0.182677
0.010563
0.198409
0.025250
0.392368
0.305075
0.428225
0.188448
0.206116
0.407618
0.183615
0.195844
0.179334
0.629576
0.013227
0.181141
0.011656
0.023871
0.020421
0.173368
0.405218
0.175211
0.618620
0.024538
0.030331
0.678003
0.633130
0.022284
0.616440
0.186041
0.265494
0.010806
0.020531
0.504545
0.635084
0.013612
0.010055
0.630840
0.184668
0.023617
0.011090
0.013852
0.009544
0.200000
0.027127
0.407111
0.619072
0.011676
0.151424
0.190745
0.621012
0.636575
0.398963
0.028334
0.171901
0.010753
0.188134
0.012837
0.552087
0.474277
0.270134
0.175317
0.024458
0.170705
0.022495
0.021275
0.010183
0.418224
0.201805
0.011907
0.022488
0.171565
0.511559
0.621836
0.011893
0.023849
0.009871
0.515713
0.668040
0.178048
0.018020
0.022589
0.395572
0.508365
0.025552
0.021570
0.196076
0.175089
0.010119
0.021834
0.036666
0.170081
0.186000
0.024553
0.398142
0.176255
0.022456
0.020965
0.409827
0.647660
0.193289
0.038289
0.014011
0.184445
0.150613
0.182034
0.627102
0.025003
0.267350
0.627910
0.612924
0.188465
0.011323
0.670255
0.640215
0.012014
0.010474
0.463767
0.008416
0.625598
0.194653
0.178507
0.638304
0.389580
0.008383
0.400520
0.026746
0.421014
0.180136
0.646429
0.391796
0.198888
0.616761
0.150577
0.023406
0.638805
0.180868
0.023606
0.010445
0.009758
0.172328
0.327439
0.013115
0.183984
0.173744
0.631398
0.197402
0.023737
0.260667
0.411698
0.613480
0.643791
0.014564
0.181625
0.174468
0.187484
0.412309
0.028555
0.021669
0.047359
0.015017
0.007947
0.012377
0.029202
0.010086
0.150977
0.257405
0.634325
0.025664
0.630253
0.023060
0.022812
0.021118
0.621062
0.012109
0.637028
0.633967
0.012653
0.010181
0.021001
0.417333
0.149961
0.008244
0.021930
0.162645
0.179154
0.467194
0.179676
0.191977
0.395992
0.179496
0.011020
0.023970
0.010178
0.020488
0.411201
0.065711
0.393505
0.175540
0.176009
0.418005
0.221979
0.187372
0.172651
0.202391
0.009395
0.624397
0.652647
0.013426
0.023104
0.021031
0.007352
0.628367
0.622990
0.071430
0.671238
0.182903
0.008270
0.639935
0.632322
0.177296
0.168017
0.170802
0.024004
0.626819
0.153818
0.402544
0.194747
0.661464
0.026940
0.010838
0.409176
0.192577
0.184338
0.172781
0.010982
0.636558
0.186336
0.172589
0.187123
0.010887
0.404047
0.185307
0.494463
0.402814
0.012698
0.241274
0.012369
0.048390
0.174663
0.023091
0.197047
0.013810
0.624848
0.023393
0.021932
0.633553
0.018109
0.188011
0.639729
0.618311
0.024325
0.190781
0.178316
0.345092
0.175889
0.011313
0.022435
0.015488
0.009458
0.009741
0.021217
0.513457
0.180011
0.390315
0.191488
0.617467
0.174435
0.641522
0.642756
0.657411
0.025014
0.329713
0.196352
0.179048
0.015939
0.173027
0.011364
0.324302
0.175240
0.303608
0.171688
0.166529
0.039611
0.629260
0.012620
0.187498
0.022155
0.022373
0.680660
0.021185
0.011495
0.006944
0.015405
0.186865
0.185876
0.184026
0.268721
0.174912
0.478886
0.628978
0.011724
0.024393
0.189535
0.472528
0.176643
0.016621
0.021031
0.010533
0.169793
0.323831
0.424000
0.192511
0.196352
0.399835
0.303754
0.018265
0.176078
0.209818
0.013217
0.625870
0.011249
0.640081
0.174307
0.170105
0.152998
0.667936
0.013605
0.149264
0.186690
0.642618
0.178081
0.185012
0.190065
0.399814
0.385512
0.165514
0.172320
0.190632
0.459057
0.019623
0.166972
0.177584
0.011318
0.170255
0.013895
0.185346
0.180784
0.016088
0.164437
0.146979
0.616801
0.642472
0.629870
0.027075
0.624648
0.023381
0.180562
0.680308
0.016671
0.011786
0.017048
0.010643
0.145910
0.195376
0.012514
0.462220
0.187875
0.023920
0.173453
0.191288
0.185236
0.176505
0.178165
0.010682
0.626320
0.021968
0.023545
0.177624
0.166010
0.628231
0.025879
0.342762
0.171621
0.022945
0.182261
0.009610
0.179036
0.011544
0.458209
0.011821
0.017456
0.022937
0.175100
0.021179
0.009801
0.278075
0.617706
0.469258
0.030689
0.021999
0.020353
0.191228
0.407509
0.192858
0.008528
0.021632
0.426478
0.188348
0.645631
0.641549
0.402728
0.012359
0.183563
0.184562
0.023929
0.041097
0.396605
0.012893
0.179514
0.409870
0.488750
0.263990
0.410847
0.187171
0.026689
0.178843
0.007713
0.010495
0.006653
0.171130
0.021368
0.021355
0.412572
0.012405
0.010699
0.310236
0.630842
0.011569
0.397253
0.177608
0.148456
0.036323
0.014911
0.396469
0.659633
0.026571
0.613925
0.469930
0.013148
0.613199
0.210672
0.025570
0.621391
0.185191
0.202001
0.633456
0.152488
0.010542
0.189587
0.173241
0.391024
0.191423
0.024364
0.010846
0.007175
0.202193
0.181541
0.610615
0.011926
0.201076
0.179665
0.186603
0.633167
0.641978
0.024973
0.010452
0.034022
0.191437
0.616831
0.174724
0.413003
0.455439
0.632764
0.025384
0.021958
0.183558
0.023795
0.625771
0.195485
0.012203
0.665029
0.177859
0.397093
0.175899
0.642187
0.629880
0.323695
0.183849
0.011325
0.006950
0.262295
0.024084
0.192694
0.637495
0.181201
0.168739
0.193454
0.152785
0.017121
0.174734
0.258704
0.016892
0.322974
0.182146
0.012380
0.023244
0.627446
0.018681
0.011142
0.395757
0.177247
0.171087
0.694494
0.027187
0.045292
0.021500
0.623961
0.402122
0.025270
0.015983
0.520742
0.199967
0.625135
0.622186
0.183477
0.011454
0.218757
0.180789
0.023783
0.179553
0.010654
0.174543
0.169557
0.203759
0.171954
0.189505
0.180892
0.409230
0.266205
0.016351
0.617020
0.204449
0.023949
0.022210
0.609715
0.680761
0.017156
0.178545
0.410746
0.182129
0.266999
0.008922
0.635283
0.009433
0.181865
0.171047
0.167682
0.150791
0.194489
0.398899
0.192142
0.170439
0.672366
0.026544
0.011137
0.187603
0.344989
0.016017
0.191717
0.400977
0.012424
0.023031
0.489933
0.190321
0.151237
0.011084
0.022518
0.009630
0.020425
0.324716
0.028266
0.182762
0.392843
0.022620
0.177611
0.201041
0.177984
0.022843
0.175726
0.023566
0.659892
0.013090
0.023399
0.008249
0.177898
0.195273
0.179085
0.184627
0.641287
0.025015
0.623006
0.024852
0.010889
0.614938
0.522832
0.427002
0.408164
0.025469
0.184444
0.174346
0.167711
0.028279
0.185161
0.188505
0.170628
0.190875
0.023515
0.385723
0.010630
0.188171
0.012498
0.613534
0.292941
0.183524
0.535158
0.633805
0.182834
0.025203
0.175594
0.022991
0.632392
0.190996
0.011445
0.022359
0.020787
0.510990
0.193455
0.012055
0.009309
0.181091
0.404015
0.028589
0.183686
0.421163
0.013664
0.536086
0.389637
0.185185
0.197050
0.184000
0.398143
0.032350
0.010890
0.184349
0.467290
0.188191
0.011885
0.022660
0.017033
0.635153
0.188218
0.180389
0.027606
0.010695
0.180143
0.010785
0.178648
0.198004
0.186732
0.018011
0.314923
0.637864
0.620502
0.641783
0.011734
0.023894
0.479401
0.640496
0.184901
0.195547
0.172428
0.012030
0.609578
0.641900
0.309043
0.644242
0.188262
0.181996
0.195765
0.013417
0.178048
0.421588
0.178597
0.636871
0.631241
0.027484
0.611914
0.204979
0.019400
0.629798
0.652097
0.012947
0.010273
0.013483
0.297953
0.176935
0.199162
0.013628
0.611824
0.025109
0.010562
0.172169
0.186935
0.013193
0.009955
0.617124
0.628565
0.195940
0.011744
0.633053
0.026541
0.187507
0.334774
0.638848
0.025920
0.627686
0.026973
0.619453
0.023287
0.474074
0.403406
0.180717
0.186461
0.025564
0.028203
0.008181
0.632896
0.025369
0.185340
0.021660
0.016815
0.632594
0.183724
0.150393
0.011501
0.285286
0.186455
0.023274
0.393453
0.196464
0.010172
0.010812
0.010489
0.396518
0.011838
0.385790
0.022478
0.198731
0.414574
0.641106
0.013187
0.614501
0.019142
0.414711
0.010345
0.397901
0.262738
0.636387
0.180347
0.625374
0.343334
0.027451
0.177189
0.010575
0.639674
0.388761
0.211872
0.187049
0.614308
0.012478
0.403091
0.191167
0.025277
0.644656
0.647068
0.404181
0.501719
0.634762
0.180137
0.473337
0.179528
0.452991
0.187465
0.011555
0.192149
0.028294
0.642574
0.414412
0.012995
0.192521
0.023268
0.386080
0.020114
0.007219
0.642556
0.326973
0.205049
0.016886
0.612408
0.011239
0.009870
0.177443
0.189677
0.495248
0.026691
0.383093
0.200348
0.621534
0.406005
0.018890
0.011095
0.009415
0.008562
0.011230
0.315881
0.387839
0.210892
0.618679
0.176974
0.020879
0.030013
0.023031
0.011144
0.009865
0.635702
0.175163
0.186928
0.012316
0.168415
0.016433
0.022034
0.170921
0.628260
0.620029
0.167962
0.404944
0.179371
0.008539
0.189615
0.183607
0.022345
0.185350
0.012838
0.182642
0.653797
0.024678
0.636671
0.474209
0.176095
0.024173
0.193213
0.170411
0.178772
0.194200
0.191126
0.179941
0.170912
0.149462
0.184114
0.418504
0.013795
0.341800
0.012933
0.264320
0.409868
0.175530
0.378087
0.011219
0.512550
0.635019
0.031648
0.025301
0.629842
0.025050
0.411798
0.190091
0.664229
0.399667
0.624241
0.026258
0.191263
0.186511
0.179814
0.016464
0.010540
0.630361
0.035528
0.023914
0.179086
0.022664
0.147516
0.635668
0.201202
0.173873
0.024066
0.010244
0.409515
0.013442
0.186606
0.264590
0.255091
0.417737
0.013813
0.640440
0.153224
0.023590
0.186229
0.495830
0.195256
0.412400
0.025981
0.628284
0.025276
0.181074
0.262414
0.021870
0.619031
0.009348
0.620605
0.167629
0.009735
0.397489
0.195393
0.626342
0.030350
0.008902
0.416818
0.412620
0.197796
0.150026
0.185699
0.012094
0.144869
0.198454
0.182541
0.017198
0.263635
0.007545
0.639118
0.013710
0.010063
0.024329
0.181517
0.388856
0.209025
0.027694
0.007585
0.021630
0.639286
0.661176
0.175866
0.185391
0.423595
0.009529
0.399576
0.012535
0.009946
0.623858
0.008880
0.609837
0.202313
0.637304
0.517864
0.189268
0.024237
0.185770
0.020954
0.022359
0.175408
0.202911
0.398891
0.039458
0.022970
0.624939
0.012777
0.007424
0.184061
0.176824
0.184256
0.667001
0.014436
0.387900
0.643894
0.012893
0.390931
0.175283
0.026695
0.177213
0.010961
0.312697
0.011109
0.023318
0.150369
0.401044
0.497648
0.024668
0.148404
0.009636
0.021739
0.196439
0.025660
0.011577
0.022754
0.653135
0.210648
0.395663
0.179482
0.023063
0.022871
0.172588
0.635126
0.013166
0.022436
0.030989
0.188108
0.175623
0.283806
0.620647
0.011948
0.192614
0.025690
0.187936
0.213244
0.179517
0.023363
0.007985
0.183390
0.020453
0.634142
0.399560
0.011338
0.633995
0.623606
0.623397
0.683231
0.019768
0.384009
0.014983
0.481786
0.181441
0.176748
0.184852
0.457152
0.627895
0.190022
0.024470
0.178664
0.170427
0.183452
0.679012
0.185647
0.015437
0.022041
0.634242
0.171746
0.166445
0.007917
0.019645
0.643784
0.311646
0.402384
0.192603
0.621898
0.024774
0.010822
0.539166
0.385212
0.640560
0.012946
0.635203
0.196059
0.182541
0.183269
0.008057
0.148900
0.199137
0.185570
0.024408
0.152596
0.008533
0.177680
0.400411
0.637146
0.025270
0.178447
0.010728
0.006767
0.009185
0.017463
0.325513
0.186508
0.387479
0.008022
0.635953
0.177240
0.179044
0.409600
0.186873
0.011154
0.010940
0.633069
0.180871
0.007470
0.011569
0.009107
0.015002
0.172576
0.179406
0.641476
0.009171
0.639165
0.404168
0.008984
0.191896
0.183543
0.191360
0.188279
0.422278
0.037595
0.437442
0.023864
0.011495
0.638543
0.186180
0.200072
0.012909
0.396172
0.187206
0.010726
0.179728
0.519858
0.012669
0.377736
0.025394
0.021497
0.197625
0.643174
0.013007
0.185990
0.201698
0.037003
0.187144
0.206642
0.014080
0.182668
0.190221
0.027421
0.616912
0.008749
0.325914
0.468306
0.020327
0.630268
0.020552
0.023337
0.010697
0.192431
0.178641
0.263956
0.189967
0.406406
0.527646
0.193466
0.190854
0.175579
0.262680
0.167184
0.191159
0.013474
0.186644
0.010312
0.169550
0.184452
0.408386
0.395981
0.187517
0.170906
0.282502
0.639819
0.477234
0.182509
0.025796
0.186092
0.021600
0.180660
0.195635
0.181732
0.179129
0.012205
0.176559
0.010157
0.629018
0.012931
0.397645
0.026758
0.010312
0.152021
0.200844
0.009609
0.180866
0.354684
0.013703
0.009662
0.259576
0.412446
0.189076
0.262152
0.176643
0.643275
0.034813
0.173634
0.023547
0.185075
0.619588
0.167311
0.012424
0.014125
0.024870
0.022831
0.022042
0.010068
0.290101
0.176128
0.025381
0.030537
0.195400
0.011781
0.015656
0.412961
0.190578
0.188484
0.170899
0.630858
0.039628
0.192080
0.023631
0.178636
0.414393
0.185450
0.185295
0.471649
0.187571
0.642143
0.012137
0.020549
0.031797
0.201978
0.616958
0.179813
0.023461
0.197060
0.458751
0.021979
0.022274
0.178772
0.193079
0.309532
0.619097
0.092981
0.016951
0.023053
0.007164
0.151594
0.010958
0.021460
0.424586
0.009489
0.326325
0.013493
0.017926
0.022443
0.021242
0.020403
0.023978
0.267760
0.187773
0.007037
0.013910
0.146967
0.174389
0.024176
0.021545
0.262657
0.153493
0.398678
0.011329
0.467101
0.026480
0.028562
0.634296
0.076933
0.178098
0.205479
0.640519
0.012843
0.009254
0.396274
0.033824
0.007324
0.022153
0.020896
0.010496
0.623290
0.191140
0.394905
0.024568
0.020541
0.210883
0.183151
0.176948
0.169009
0.186057
0.198222
0.013032
0.151262
0.009659
0.180456
0.025573
0.416802
0.412002
0.502610
0.177183
0.196847
0.174318
0.173374
0.265999
0.187440
0.023705
0.518647
0.641865
0.423395
0.400239
0.640584
0.182835
0.023741
0.412045
0.013966
0.010477
0.010146
0.023645
0.154734
0.023698
0.191122
0.475910
0.151017
0.267010
0.187973
0.010790
0.180116
0.197624
0.026141
0.541266
0.182481
0.198133
0.186001
0.495943
0.183406
0.025613
0.024257
0.022205
0.020543
0.613434
0.178201
0.196193
0.399933
0.179758
0.170868
0.008209
0.010962
0.062341
0.661275
0.013307
0.018567
0.511119
0.312099
0.191594
0.410072
0.009614
0.393297
0.630669
0.026899
0.010711
0.186836
0.188081
0.382265
0.404410
0.215472
0.025227
0.263340
0.030853
0.010364
0.412395
0.315747
0.389958
0.199597
0.620059
0.179022
0.036738
0.396858
0.012833
0.009691
0.384325
0.027622
0.197977
0.027383
0.180294
0.216600
0.014917
0.188699
0.175412
0.201350
0.186444
0.184678
0.633319
0.021628
0.182292
0.011073
0.469486
0.012567
0.179406
0.168459
0.013040
0.023673
0.173644
0.178612
0.023110
0.009913
0.182643
0.021579
0.021370
0.019922
0.478627
0.025088
0.010475
0.007947
0.423740
0.185472
0.010849
0.011462
0.007228
0.404752
0.188575
0.178726
0.280093
0.013064
0.182960
0.264915
0.024620
0.179141
0.171417
0.183348
0.624856
0.412047
0.013217
0.192792
0.417388
0.026439
0.328420
0.395594
0.176769
0.187384
0.011526
0.009870
0.515560
0.187002
0.024053
0.174121
0.010371
0.639598
0.394188
0.187467
0.021450
0.009445
0.483701
0.391202
0.640736
0.012910
0.186007
0.644336
0.635529
0.401331
0.019248
0.180238
0.024664
0.023850
0.021613
0.009503
0.172483
0.010720
0.009518
0.679140
0.266774
0.210064
0.025969
0.615230
0.405538
0.461956
0.025952
0.187736
0.010755
0.009849
0.009587
0.023368
0.191830
0.174395
0.193053
0.008496
0.010650
0.009328
0.007154
0.635843
0.171342
0.648745
0.185278
0.620192
0.011419
0.636733
0.167015
0.636126
0.624372
0.024637
0.022054
0.016045
0.216203
0.500167
0.472823
0.392382
0.187959
0.024345
0.151556
0.022496
0.192414
0.185560
0.451954
0.183422
0.203113
0.620162
0.629656
0.206879
0.631657
0.034329
0.184767
0.387161
0.010569
0.199884
0.027799
0.174622
0.398340
0.174948
0.011036
0.186054
0.171741
0.165994
0.634139
0.014019
0.174450
0.011259
0.642975
0.414403
0.012099
0.316304
0.176275
0.009851
0.010359
0.188225
0.199778
0.027584
0.021726
0.020774
0.021007
0.629114
0.633430
0.181177
0.630234
0.221895
0.012733
0.015877
0.173224
0.010131
0.408081
0.152895
0.026568
0.022262
0.631067
0.504176
0.025084
0.181983
0.172657
0.028356
0.009720
0.046002
0.402581
0.013126
0.025078
0.263082
0.010191
0.646953
0.025669
0.041736
0.156662
0.628692
0.401620
0.264507
0.643690
0.011864
0.178884
0.023033
0.020703
0.010097
0.230973
0.025579
0.018649
0.478609
0.023874
0.190700
0.019775
0.214718
0.399344
0.671955
0.192287
0.404658
0.642804
0.183643
0.173520
0.011206
0.168000
0.010533
0.447158
0.395383
0.012944
0.429221
0.436449
0.010239
0.196246
0.645256
0.632240
0.188205
0.024444
0.187437
0.630274
0.620434
0.281371
0.028216
0.643204
0.643279
0.187052
0.185430
0.414780
0.189621
0.180013
0.014950
0.632048
0.187633
0.152001
0.520083
0.151342
0.183341
0.416788
0.299471
0.023778
0.212030
0.028086
0.040776
0.019566
0.277085
0.188817
0.023227
0.509505
0.318303
0.661037
0.400462
0.027374
0.212336
0.666246
0.534339
0.636368
0.644185
0.194477
0.212481
0.190908
0.013737
0.010452
0.624373
0.224438
0.010636
0.180411
0.024698
0.007064
0.022501
0.219057
0.026582
0.010940
0.430506
0.028412
0.508655
0.011379
0.189040
0.023094
0.181448
0.031041
0.190397
0.624149
0.427762
0.195925
0.173993
0.187522
0.011826
0.024877
0.007972
0.282404
0.183801
0.507739
0.199471
0.010326
0.178064
0.319624
0.012670
0.186891
0.151018
0.030693
0.646534
