# CPU ms: json.loads of npm packuments + latest dependency map
0.081742
5.028751
54.172748
0.260552
0.497361
2.857890
1.101300
1.172543
0.279204
0.140163
0.104709
1.258254
0.240233
4.954736
0.235630
0.068883
1.400184
0.897862
1.394683
0.588524
1.068476
0.166850
0.616846
0.111888
0.336441
3.317758
0.306010
2.620889
2.928051
0.164499
1.594837
0.991728
0.321016
0.241061
0.276912
0.236109
1.544252
0.130722
8.085529
0.273085
0.098862
0.091206
0.063934
0.602735
0.465923
62.715790
0.401196
2.695072
1.067768
0.131215
0.292935
0.252767
1.931056
0.204739
0.177191
0.346791
0.245582
0.287934
0.163787
0.079781
2.040498
0.332592
1.033714
0.567755
0.176455
0.138326
4.227918
1.147642
0.184402
1.177161
0.418297
0.998283
2.668071
0.097747
0.727139
0.092000
5.122603
0.125525
0.644314
1.046404
0.859047
0.774223
0.245360
0.964568
0.271440
1.030913
0.945812
0.145998
0.155784
0.080766
0.663127
0.145996
1.459911
0.144497
2.175629
0.515359
1.560611
1.466963
0.086320
0.288432
0.339905
0.279169
0.067678
4.555000
3.146899
0.879682
1.045577
1.162082
42.543901
0.279527
0.190691
0.583231
0.190603
0.100517
0.093285
2.912340
0.556992
0.373489
0.536619
0.211761
82.033690
8.375092
1.033384
0.872274
0.154904
0.781311
1.246154
7.703306
0.408735
1.920675
0.422766
0.209630
0.088416
0.124397
0.067668
0.215604
0.168272
0.171663
62.643872
3.098692
0.502510
1.399810
16.903645
0.355017
0.419154
0.605924
0.088975
0.488081
2.746058
3.406951
1.809166
0.084483
0.610935
0.862227
0.459043
0.371192
2.689840
0.092153
17.540319
9.958771
0.452088
0.163286
1.650615
0.626735
0.164773
2.192142
1.922097
0.512272
0.100079
0.049301
1.157170
65.809075
0.445277
0.422475
1.232410
0.127974
0.236220
1.282656
0.315762
0.251220
1.877987
0.138153
0.565980
4.083035
2.185892
0.255278
5.507740
0.196639
4.731257
0.084807
0.110225
0.264698
2.175932
0.487133
0.090636
0.165448
3.880267
0.888927
0.126360
0.597337
0.631055
0.152513
0.678276
0.258472
0.269162
1.230722
1.351191
0.868046
0.784053
0.150479
0.109283
0.198363
0.367190
1.570478
1.845660
71.492203
2.559513
1.162898
0.755416
0.220089
4.487386
1.023794
0.385721
0.096147
1.135574
0.160555
0.884447
44.445616
0.286706
5.358136
1.412047
0.486615
0.562914
0.201508
0.099351
0.143785
3.043707
3.035241
8.840745
0.950546
1.230783
0.939707
4.671407
0.085226
0.954163
0.073549
1.673865
0.151124
0.231439
3.183220
0.106675
1.437189
1.449178
0.083192
0.150117
8.727371
0.112363
0.058748
3.029434
0.487336
0.257707
1.204362
0.759663
0.297493
0.916711
1.489691
0.114836
1.360835
0.946353
0.120458
0.345944
0.147668
3.354225
0.091228
0.537135
0.118763
0.758570
0.148324
0.567414
0.239183
0.736453
0.091978
0.065791
0.321207
1.002823
0.604608
0.058752
0.949547
4.884668
0.171462
2.618690
1.547965
0.672668
0.416443
1.067348
0.915632
0.409957
0.964250
0.108674
1.651916
0.924372
2.305318
0.337873
3.533107
0.145475
0.859862
0.114997
0.331576
4.490301
0.626277
0.401764
5.472825
1.040449
0.658818
0.421353
0.482538
0.850918
0.943559
4.588300
0.281438
0.870708
0.134985
14.808701
1.223026
1.423677
0.362391
0.137298
0.689268
3.202718
0.397891
0.070750
0.186951
3.502439
0.292580
0.435078
0.530315
0.163924
0.176441
0.079903
0.276751
0.437825
1.159263
0.063189
0.408922
0.225019
0.309187
0.457261
0.157948
3.956009
2.598469
1.510890
0.728978
0.192190
0.389540
0.115544
0.361987
0.227144
0.077450
0.261197
0.165554
0.147966
0.127847
0.263650
2.307699
0.328649
0.239777
0.640497
0.205514
0.303428
0.549117
2.275072
0.109946
0.223723
0.824683
0.101210
0.146166
1.029619
2.951623
0.304882
0.206179
0.383142
0.625190
0.374867
0.240731
0.168669
0.098625
0.182644
5.129727
1.601295
6.995701
0.182184
0.725356
69.204733
0.190365
0.363462
4.115244
4.282976
2.694489
4.432687
0.105490
0.532794
0.546363
0.201666
0.449511
0.071769
0.670220
0.392880
1.138675
0.763219
0.865136
3.462994
4.598363
0.785486
2.640261
0.574020
0.070877
1.667646
0.589895
0.665755
3.376267
0.992143
0.305618
0.832964
0.381104
9.140520
0.460365
0.343295
2.482194
0.077317
4.105365
0.970332
0.385140
0.423154
2.162260
0.424929
0.363104
0.466837
101.724929
0.989542
0.638308
0.476451
0.193913
0.199229
0.373995
0.125354
0.248828
0.430573
1.232127
0.924364
0.186061
0.322728
2.202542
0.122003
0.990485
0.176191
0.286821
9.068956
0.551126
7.186817
0.185987
0.699049
0.095518
2.820368
0.405353
0.111284
0.331847
0.079582
1.138753
0.367705
0.098681
0.346597
0.611969
2.083395
3.631092
0.216324
1.643425
0.083658
0.164886
1.469929
3.261674
1.852679
3.218162
0.434606
1.265496
0.174314
0.064169
0.270457
0.246566
0.185408
0.159634
2.412670
0.099877
1.088494
6.784221
0.449350
0.605068
0.556179
1.419695
0.259556
0.630439
0.504105
49.729135
2.115794
0.282065
47.553990
4.651087
1.173119
0.386947
0.110641
2.989489
0.481660
1.105451
0.203482
1.115293
0.168467
0.736395
1.008642
92.885094
0.146659
0.215621
0.194452
0.437450
0.063803
0.614798
0.131102
0.566533
0.231200
0.079875
0.168009
0.041547
0.154089
0.330463
0.063666
0.361163
2.288128
0.115518
0.683603
0.549994
2.706642
1.041911
9.069740
0.662376
0.080675
0.267435
0.119093
1.023784
0.407437
0.828807
1.286404
4.647542
0.355250
0.035405
1.563114
0.552833
0.197867
0.540867
5.368457
5.591034
0.160085
0.944842
0.773212
0.514320
0.257146
0.307214
1.191345
0.090727
0.112427
0.255260
0.898423
3.831133
17.924167
1.638806
0.173507
0.287391
0.270291
0.081968
3.346761
0.405632
0.285508
1.561854
0.301768
3.641148
0.956639
0.165052
0.811386
13.824251
0.157544
0.564964
3.736614
2.493384
0.937415
0.125633
0.107358
0.641194
0.979980
3.645175
3.784951
0.125121
0.140439
1.268244
0.395080
2.473656
2.409293
0.205004
0.522753
2.099042
81.062288
0.348218
0.160493
0.148736
5.740711
0.361666
0.114729
0.153644
1.738201
0.299916
0.465201
0.383322
2.307994
0.123143
0.445305
0.364940
3.423876
0.239717
1.461697
0.978721
0.475392
1.771729
0.370954
14.180616
0.258380
63.762295
0.350147
8.363076
3.225804
0.044093
0.379735
0.083384
0.065402
8.158623
0.341206
0.303764
0.096418
0.173329
1.323666
0.148526
0.522309
0.273344
0.174819
0.447356
1.040695
0.645133
0.565853
1.559436
1.554207
0.374534
0.721769
0.100939
4.588010
0.415949
0.959822
3.567131
0.076656
0.600393
0.108796
0.209387
0.084428
1.137399
0.240150
0.238548
0.212647
0.415195
0.156009
0.063093
0.481908
2.316440
17.331406
4.721203
0.199303
0.735811
0.162525
0.978845
0.057624
8.392783
0.545515
2.386767
0.215987
0.087518
0.335827
0.636900
0.742674
2.333395
0.229626
1.971555
0.172849
0.593205
0.640532
1.518693
10.833933
1.566330
1.333544
0.175091
0.169514
0.175459
0.215718
0.063943
0.159775
1.765955
0.314476
0.521584
0.509785
0.113358
0.163195
1.586017
0.102727
3.430723
0.298952
0.427793
0.154229
4.985022
0.440325
0.124834
0.391337
0.233909
0.131015
15.588103
0.515743
0.093745
0.263325
4.851347
3.479327
13.963661
1.167575
1.016324
2.562794
0.348338
0.165050
0.145307
0.522428
4.360522
1.369326
0.088794
1.097677
103.695432
6.602420
1.379742
3.678479
1.066434
0.085563
0.623485
0.166894
0.041971
0.949172
0.918719
0.428771
2.450516
0.148533
79.156086
0.360682
0.240990
0.106507
0.118419
4.193882
0.211347
1.189795
3.462196
1.486614
0.158218
0.203135
0.093382
0.055077
1.440162
0.390054
7.365126
0.139055
4.644050
0.172351
2.862666
0.178804
0.906783
0.062615
6.590012
0.086976
2.377934
0.139225
2.294311
0.203670
0.765134
0.361281
304.302875
3.478539
0.140302
0.300336
0.163103
0.238272
0.090260
0.786553
0.326189
0.647285
0.390950
1.154739
0.236369
0.414945
0.084275
0.225681
0.242466
0.927812
2.306144
0.350530
0.097595
0.979113
0.121047
0.147775
5.966716
0.120501
0.399178
3.517727
0.211430
4.767280
0.157978
2.212962
0.106279
0.168935
0.372574
24.023987
0.179843
0.532971
0.523189
0.158149
1.116644
0.602417
0.398343
0.363377
0.085488
8.030648
1.206006
4.557033
0.269515
0.092811
0.109633
0.086227
0.337839
4.832254
0.413650
0.325015
0.144750
0.197388
0.374433
0.070878
0.135801
2.879687
1.843914
3.736800
0.166984
0.111079
1.619289
0.145487
0.169533
0.589840
0.188283
5.106449
0.225904
0.052337
0.456937
0.130687
0.330164
0.262815
3.829315
1.669863
0.933964
0.221544
0.291578
3.841135
0.911775
0.491171
0.108563
0.456751
0.763281
0.110123
0.585505
1.219775
0.637529
0.769465
0.267691
2.973860
0.503450
0.618581
3.232860
0.801540
0.120172
0.086988
0.311494
0.062157
0.869878
1.780919
0.400752
0.097023
5.210579
0.227056
0.140980
0.250968
2.595661
0.134549
0.185452
0.251271
3.717329
0.124910
1.114765
1.980696
0.182991
0.121033
0.365189
0.584225
1.000136
0.359990
34.386157
0.391929
1.061723
1.560275
5.958806
0.265328
0.138659
0.049252
3.556073
4.626780
0.234776
29.669261
6.210353
8.728729
3.117127
0.215881
0.583303
1.024031
0.290603
0.273575
0.232396
0.512799
0.636421
103.591897
4.126165
1.109832
7.320640
0.648615
0.557341
0.115092
0.831060
0.261631
0.099515
0.550847
0.494478
0.426636
0.082578
2.361399
0.139108
0.118263
0.504129
0.141309
0.169576
0.263798
0.203080
1.011966
0.558134
0.172342
0.214564
0.239806
43.518463
3.235248
2.392957
0.694080
1.228102
0.074020
0.362621
0.236337
0.439934
0.084149
1.327685
316.610509
0.338103
0.170209
4.225573
0.824465
5.979512
0.249417
0.259482
0.492534
0.707557
0.303065
0.192665
0.064957
3.547245
0.116493
0.370997
0.436791
0.565915
2.591547
3.203526
0.095789
1.973761
0.538560
4.632480
10.453069
2.832726
0.502068
1.331209
0.890066
0.194244
0.680464
0.997992
0.124765
0.901761
0.386897
0.116136
0.181718
0.309770
0.210878
0.220009
0.375879
0.331619
2.700027
0.445908
1.935566
0.077083
13.287272
1.277480
4.590049
0.706639
43.983672
0.461924
4.451772
1.517814
0.194726
2.069902
0.660389
0.130066
0.342630
1.038054
0.180431
5.719245
0.234946
0.345462
2.169324
0.495080
0.632892
0.370528
0.066940
0.602379
4.117097
4.404762
0.295191
1.091774
1.376205
1.045494
1.369538
0.094480
5.361820
1.852611
7.511516
0.242859
0.870190
0.160467
1.480859
0.096746
0.265811
14.259755
0.223200
0.289872
1.408324
0.105216
0.189851
0.105532
0.516944
0.230773
0.320520
0.263554
0.123395
3.082144
1.017260
1.256194
0.693791
3.011518
0.351373
9.692045
1.130805
2.758548
0.652331
0.203965
1.131221
0.043627
8.152082
0.419064
4.285288
0.268815
0.333601
12.082305
0.645546
0.125523
0.232665
0.564716
3.821703
0.087358
0.211648
0.697235
0.173439
0.931809
0.313257
0.504455
0.358915
0.421142
1.273804
0.204770
3.472475
0.454969
1.514220
0.147977
2.716688
0.205799
2.804536
1.437492
0.156211
1.348213
4.316011
2.732938
0.131333
0.764001
0.837718
0.118216
0.444795
0.707882
0.386774
45.356223
0.574179
0.119453
0.059255
0.106849
4.339666
1.012134
0.263334
0.189523
0.130140
0.313106
0.201340
0.092068
1.696705
0.271472
0.050066
0.193392
0.252894
0.283832
6.128584
0.199995
0.262182
0.107343
0.399853
0.105779
0.108116
0.118792
0.642819
0.649482
5.250242
0.066353
0.510245
0.106214
0.391453
0.205627
13.259844
2.926052
1.148885
0.803019
1.787623
1.159343
3.705072
0.903338
0.147726
0.064285
0.396345
0.539057
0.037676
4.173498
2.506117
16.584286
1.589680
0.154752
0.104610
0.122425
0.217250
0.287743
4.724239
0.766132
0.119265
0.030547
1.586876
2.703753
0.150156
0.146554
0.199863
0.546996
4.490883
0.645216
0.222385
0.442559
4.738612
0.503543
0.160027
0.137632
0.067691
0.083827
0.350110
0.827436
0.135723
0.533625
0.313250
0.221715
1.008631
3.826502
0.252620
0.169185
0.652661
0.159742
0.372646
0.171472
0.285837
0.265345
0.092983
0.722786
0.245235
0.291736
0.346495
1.103169
0.119343
0.361771
0.177139
3.600242
0.079562
1.126475
3.314278
0.783609
0.154584
0.045795
0.415815
0.378503
0.722255
0.306008
1.540710
1.438423
0.256099
0.438653
1.077812
0.164786
0.167094
0.351883
0.254970
0.169765
0.153528
0.078871
0.279628
0.948865
0.055797
285.299053
0.620254
22.178233
0.272047
0.467810
0.310857
0.078128
1.588497
0.287059
2.571660
0.109901
2.542468
1.421841
0.625581
0.241842
0.207716
0.218973
0.133009
0.413299
0.291704
2.924296
0.144589
2.738740
0.137310
4.419141
1.239505
0.078494
0.099698
0.310545
0.321087
0.579918
1.905095
0.150642
0.402574
0.082834
0.145261
1.341421
0.289837
4.894296
0.145971
0.122641
0.623027
0.189712
0.362937
0.415454
0.462614
14.565689
0.377968
0.168633
0.236638
0.434176
0.587938
2.419434
4.745903
0.199027
0.461022
0.320304
0.096876
34.213272
1.772644
1.168656
1.458606
0.092872
0.732213
0.093660
0.314421
2.498335
4.448902
0.104541
2.573251
1.688422
0.116174
0.142425
0.120154
0.373249
1.220765
0.114128
0.177102
9.903023
1.620813
0.105938
0.097686
0.591867
1.162406
0.069214
0.609847
0.777490
0.110309
1.041789
0.713163
0.068039
0.463406
0.564289
0.065599
1.013870
0.772748
0.226973
0.115250
0.300017
0.329001
0.231803
41.017561
10.385335
1.120746
3.241273
1.790444
2.184105
0.635066
0.045607
0.162068
0.124386
1.149095
1.369603
1.505861
16.181551
0.251793
4.819475
0.248520
41.833099
0.484552
0.594941
0.198802
0.455372
1.623266
1.175991
0.058562
8.817553
98.426823
2.556311
2.377744
0.515426
0.090983
0.230723
0.107552
1.173010
0.093183
0.189104
0.414176
0.074488
0.045710
0.190231
0.044439
0.065350
0.988983
0.588124
0.454532
0.518213
0.337204
0.127944
0.137163
0.496953
8.633103
0.165922
88.677298
2.532735
0.191719
0.158324
0.583013
1.432695
0.183649
1.189157
0.688854
0.072826
6.495206
0.086490
0.184473
0.250027
0.087116
0.745475
16.317612
0.383185
0.129512
0.777647
0.260733
0.468484
0.100981
0.050540
0.054772
95.106853
1.132686
0.656753
0.076982
0.120096
0.094540
2.274083
4.681882
0.527054
0.248482
0.073799
0.352614
3.243100
96.824729
0.446361
1.788899
3.001887
0.578430
0.273182
0.042476
1.291009
1.202140
43.379105
1.424946
0.074700
4.809263
0.257119
0.243497
0.121433
0.321615
0.369530
0.094037
0.042139
0.404181
0.667896
0.117165
0.133994
1.425023
22.535888
0.139544
0.317756
0.163436
0.522685
0.199921
1.315828
0.065207
1.862531
0.078703
0.240469
1.111482
0.115862
2.367806
1.948748
0.110337
0.709083
1.412832
0.061370
0.093472
0.428595
0.161276
3.042093
3.954280
0.160032
0.034947
0.439027
0.276482
0.286170
0.912375
0.125994
5.298753
1.013421
0.128627
0.120913
0.334538
0.154106
0.092694
0.106970
0.272096
0.193662
6.690518
0.130104
1.077030
0.138337
0.211738
1.337104
0.237177
2.192885
0.112170
0.136822
0.293125
2.182297
0.230181
0.978455
1.424682
2.157629
0.063209
0.102375
0.303940
0.081689
0.110850
0.335777
1.265613
0.166259
0.452820
0.099400
0.177361
1.055170
0.148556
2.934462
1.730392
1.285523
0.092634
1.436464
0.315040
0.938868
0.260031
0.208373
0.037511
0.049212
1.311637
0.067008
0.263835
0.138036
0.210482
3.103477
0.171155
0.982252
3.887221
0.103671
0.266549
9.449598
0.402472
5.383733
0.226529
0.271163
0.367051
0.193147
0.348432
5.081662
0.402126
0.058994
0.300414
3.548819
0.167251
0.548726
0.441605
0.218569
0.189424
0.089984
62.542074
106.961310
0.239850
0.367237
0.862977
0.930361
0.947490
4.190963
0.093963
0.297095
0.532345
0.324154
0.115971
0.366375
0.059089
0.235102
0.075749
0.972424
0.294071
35.673433
3.174014
0.192803
0.375524
0.092021
2.417990
3.861418
0.274209
0.765262
0.127470
2.526292
2.566496
0.342358
4.815761
2.436952
0.141459
0.192351
0.134100
0.249048
0.285837
0.187243
0.405356
0.763370
2.890736
1.136115
1.621817
3.733182
1.374527
1.180542
118.318030
1.032234
0.793216
0.131925
0.977925
0.146368
0.091445
0.216383
0.426133
6.674987
0.121403
0.115645
0.190734
0.122478
0.675768
0.147551
1.916603
1.636422
1.117491
0.211466
0.083154
1.023206
0.127305
3.864899
1.001109
0.729973
1.626246
0.120448
6.453546
0.692523
1.148492
0.065512
4.201525
3.227361
0.119936
0.066797
0.175785
0.109936
11.505905
0.539432
0.172493
20.775740
0.239222
0.794259
0.129089
1.376527
1.003119
0.220535
0.288024
91.519997
0.176966
0.028069
1.997200
2.000469
8.096551
0.559601
3.110265
0.255063
0.185672
1.235135
0.135823
0.192051
0.265793
0.081210
0.317628
1.855857
0.336540
0.421146
0.218713
0.175522
0.160764
0.399594
0.291261
0.818081
0.362200
0.171866
0.210235
0.108147
0.672436
4.427215
2.250444
1.718450
1.431718
0.651171
0.344226
0.116229
2.909688
0.074671
0.120244
5.374003
0.288658
0.499731
0.366351
0.118234
1.759929
0.245181
0.063370
0.113574
0.057057
0.327829
0.757549
3.536275
0.258410
0.604814
0.179291
0.258651
1.450526
1.239501
1.136176
0.078986
1.717047
0.320535
0.522504
1.820227
0.795953
4.262983
0.420217
0.607626
2.172900
0.135819
0.265533
0.522898
0.056023
0.160332
0.410586
0.954347
0.063925
90.213142
0.233018
1.433474
4.418529
0.174682
39.488695
0.822812
1.829216
1.259793
0.118777
0.400446
0.067634
0.037052
1.547885
0.162397
0.198171
0.515026
3.817404
0.121321
0.178371
2.267539
0.191361
0.104585
0.272721
3.209211
1.542310
1.839367
0.095518
0.123733
0.866251
0.128410
0.835071
0.396695
0.686705
1.297808
0.274739
0.209340
0.228588
0.748859
0.781889
0.202381
4.049617
13.879866
1.107446
0.553678
0.499265
21.410405
0.422093
0.122709
1.602017
0.071463
0.070096
1.505974
1.470395
16.478049
0.627020
0.259980
0.164979
0.143021
0.218591
0.154331
0.182712
1.080863
1.139163
0.843820
0.842059
0.312153
2.361189
0.421678
0.100416
0.202939
1.309454
1.736919
1.638914
3.082176
1.634786
0.152814
1.432055
1.258128
1.623741
0.686666
1.433556
1.596581
1.072458
1.110153
3.450655
0.163305
0.245471
0.062175
0.308560
3.161352
0.184351
0.104619
0.464378
0.367066
1.566798
3.244547
0.368019
1.248599
1.452410
55.644030
1.706964
1.769791
0.416592
0.460608
3.537614
0.304063
1.500926
5.980004
0.238836
0.376500
0.746625
0.093194
2.829510
0.203861
0.308440
0.071480
9.860284
0.435539
0.271158
3.598911
0.683444
0.468366
93.978658
5.340542
1.692727
0.611605
0.098792
3.253881
1.289991
0.666419
0.181208
4.133648
0.938275
0.925075
0.360119
0.083700
0.384934
0.158264
0.228126
0.619159
0.153250
0.927946
1.019696
2.511225
0.136982
1.695200
0.110031
3.274700
0.871617
0.519775
0.209112
0.487340
0.227506
0.231764
0.117084
0.054677
1.398604
0.371804
0.864347
2.735912
1.186245
0.045768
0.217540
0.116307
0.273534
3.942534
0.085627
0.606221
0.175583
1.044542
0.321618
0.500785
0.408701
0.072490
0.023154
1.404916
2.119495
0.089904
0.508084
0.116969
0.155238
5.528621
0.697819
0.951851
0.337179
1.204662
1.266825
0.961345
0.303046
1.748203
0.346483
0.165301
4.380585
1.027437
0.561266
1.629932
1.613385
0.447057
2.963377
0.219345
0.211590
2.036519
1.859995
4.926813
1.159580
0.810285
0.334476
0.399857
0.216334
0.236036
0.149260
51.691566
0.108918
0.085440
0.239050
0.236250
0.111615
0.094333
0.824559
0.827122
0.353699
0.140503
0.799505
0.270519
0.470207
0.159222
1.477716
0.194458
2.511602
3.152497
1.058695
0.467076
0.607296
2.797350
0.869295
3.230326
1.166996
0.222648
2.803455
0.585112
2.134599
1.562132
10.335690
310.419933
1.226508
7.683733
0.469882
0.441973
0.157471
1.024991
0.106924
5.122257
6.088050
0.222204
58.295485
0.205084
0.955598
2.325128
0.076912
1.143571
1.254146
0.427481
0.146887
0.171592
0.511107
3.774455
0.266587
0.099990
1.011433
0.137595
0.294884
2.698147
0.060501
104.962511
0.888706
1.591265
2.154293
12.147497
4.307994
5.242582
2.279587
0.588162
10.370780
0.512808
0.576273
2.915321
0.331984
0.440835
0.109342
0.070917
0.294523
1.253273
0.126096
1.134872
0.348793
0.788853
0.291133
0.286509
0.120631
5.024229
2.097466
2.103414
1.852396
0.261236
1.334321
1.630155
0.193542
0.106452
0.209403
0.732565
0.272066
0.263014
0.345343
3.850696
1.541702
5.431201
0.859858
0.072701
0.171014
1.102400
10.474252
0.458709
2.077431
0.193995
2.537687
0.111204
3.054156
0.143365
28.732774
2.277368
5.787897
0.604689
72.905163
4.045572
0.116525
1.318993
40.106724
0.464702
0.470075
0.315810
1.145713
57.583922
0.857168
0.263006
0.521894
6.546727
12.397051
0.653675
7.998410
0.511313
0.126134
0.342516
0.573755
0.143374
0.119786
2.245835
2.948558
0.718087
0.171670
2.754238
1.950067
0.310793
0.160377
0.247356
0.428816
2.357488
1.618105
0.312888
0.168330
0.086688
0.094763
0.938322
0.113652
0.243716
0.245697
1.401156
0.477955
2.923405
0.313623
1.159564
0.201055
0.117554
0.205535
0.065336
0.495504
0.453263
14.014855
0.176528
87.273484
0.241681
0.292303
0.140844
1.136509
0.157149
0.056277
0.805300
0.134056
0.728068
0.483321
0.625909
1.381246
1.262009
1.047654
1.163861
2.480001
20.567080
0.765258
1.462291
0.067161
1.367095
0.112024
0.055278
2.908922
0.076632
0.185924
2.336075
0.040389
0.707032
0.911254
0.638009
0.172639
1.139704
0.029687
2.381740
0.177462
4.629238
0.328391
0.315593
4.794492
0.207235
0.842675
0.222878
2.231332
0.693365
0.174491
0.411869
0.908748
0.168332
0.113596
1.233989
0.223291
0.176518
0.096416
1.139923
0.163967
0.270920
0.151233
2.958426
0.200040
0.101137
3.478694
0.072657
0.543385
41.717863
0.327235
1.518122
0.227836
0.872157
0.358294
1.184656
0.519206
0.141358
0.128176
4.409820
0.350965
0.090734
1.001311
0.053383
0.082733
1.233065
0.147074
4.079162
23.785733
0.820271
0.416410
0.174124
1.247159
0.451278
1.078268
0.119707
0.441442
1.128109
2.523363
0.922457
1.117992
0.077802
0.899814
0.141339
0.074183
6.661191
0.316463
0.237828
0.102640
36.535532
0.885298
0.184291
4.692855
2.161958
1.426811
0.361182
0.822348
65.156717
0.144682
0.550519
0.500469
0.208999
0.967591
0.233240
0.153421
0.347568
0.528569
10.707462
4.602577
0.148069
0.066192
0.177214
5.503602
0.283764
17.406382
0.726997
50.088237
2.413700
0.802512
0.241074
1.257046
0.154664
2.942613
0.283686
0.161310
0.260905
0.335263
0.421123
0.985245
0.164635
0.091197
0.215598
0.092064
0.738817
0.210887
2.534135
0.402035
2.769494
0.295739
0.132769
0.051268
0.158673
0.269044
0.263433
0.616869
0.366074
0.192269
0.406085
0.231138
0.085346
0.488750
32.544285
0.511385
0.033117
0.560250
0.183777
0.071677
0.297942
0.493108
0.119385
0.235697
0.362232
0.101239
0.107719
0.233993
1.925455
0.484473
1.580527
0.214062
1.605856
1.183072
0.066757
0.068616
0.514832
0.082458
0.334004
0.443040
1.279848
1.104788
1.072001
0.122653
1.152460
1.190250
0.237275
0.396650
0.199967
0.190386
0.120666
0.135389
2.407386
0.250438
0.091735
2.979672
0.459457
0.816437
4.435653
3.456099
0.254662
0.180112
0.211085
24.876328
1.916325
0.344303
1.489316
0.589189
0.648771
1.214702
0.096733
0.368203
0.762513
0.335323
0.202517
0.746425
1.185367
1.151820
2.692470
0.767155
0.541225
0.501548
0.906005
0.116512
319.279743
0.415885
2.393845
0.618497
3.337788
0.155142
0.789375
0.270694
0.222246
0.098903
2.851673
0.705060
0.279966
1.658963
1.426169
0.634194
0.276742
0.853636
0.175812
0.094871
0.427604
0.086361
0.290750
11.501651
2.448036
0.198450
0.457877
0.474207
0.324304
0.087812
0.372995
0.541898
0.065582
0.245925
1.583979
0.078123
1.680331
0.192853
0.872228
0.192894
1.261140
0.372447
2.602976
0.413161
11.391002
3.703948
0.227324
0.132659
0.235831
3.658452
0.055379
0.109138
0.487845
0.716813
3.975505
1.371770
0.180897
0.902349
0.205805
0.303153
0.687430
0.191995
0.408394
0.105751
0.238615
0.115114
1.618279
2.305294
0.223417
9.346057
1.373584
0.919820
3.709955
0.547338
12.848097
3.897436
0.200378
0.167805
0.289192
1.052038
0.459371
0.432750
0.200572
3.052957
0.244987
0.190276
0.404901
0.143915
0.266443
5.012789
1.238569
0.335547
0.219781
3.971766
3.475521
0.777120
1.157976
19.551148
4.383058
0.244038
4.263352
0.299128
0.095843
1.757125
0.645398
0.684938
2.372386
0.700190
0.822138
0.349127
0.086577
1.691451
8.479914
0.643248
0.128767
0.872700
2.581115
1.634001
0.190437
5.324861
0.230982
0.474401
1.592871
0.271080
0.179239
0.075384
0.613124
0.436795
0.466168
2.055861
0.742931
0.114706
3.387530
2.639347
2.988850
1.621611
0.170903
0.475519
0.104154
3.321182
0.390609
3.097760
0.184807
0.125160
0.635923
0.122500
0.794849
0.382124
0.093509
1.493009
0.133080
0.266845
0.191147
0.037439
0.111530
0.753698
1.856238
0.214349
9.092811
0.206308
0.953544
0.159401
0.110376
14.295824
2.499363
0.716009
0.120516
0.299575
1.549719
6.417508
1.132840
1.014792
0.388498
0.450712
2.001112
22.251722
48.367779
0.189483
1.615303
0.238119
3.546116
0.313562
0.253841
0.212480
0.288064
0.068567
0.146366
68.252181
0.618057
5.661555
0.383564
0.648728
1.239447
0.335588
1.307215
0.556217
1.594322
0.879893
91.599976
0.158369
0.735252
1.099451
0.997455
1.217589
0.108207
0.419662
1.226456
0.442952
0.640270
0.929835
0.070982
0.406380
0.151261
0.397965
0.146339
5.850026
12.077357
1.866007
1.159473
1.904992
0.393338
0.524152
0.126124
0.341944
1.311021
0.250213
2.441578
0.391883
2.762690
0.343964
0.658922
0.285625
1.940223
45.405336
7.193706
3.983458
8.498017
2.975433
0.274238
0.665946
0.147726
1.042380
0.044055
0.486429
4.021310
0.959621
0.360268
0.075958
0.467004
0.104434
0.298257
2.522726
3.342359
0.084292
0.221410
0.322923
0.211674
1.523201
2.701306
1.548115
0.128202
0.044816
0.060091
0.043354
0.329795
0.088917
0.711764
0.805403
0.557125
6.416524
3.238891
4.883585
0.820009
0.297265
1.476801
1.207819
0.276313
0.352252
0.852817
1.527614
0.347078
1.990021
0.619094
4.748269
0.096435
4.116046
1.406963
0.642065
0.610082
25.637238
0.213468
1.328444
1.122346
4.897366
0.240881
0.129878
2.593476
0.523785
2.987489
29.147050
2.775106
0.594318
0.059391
0.312465
0.117963
2.445660
0.080729
1.033889
0.278313
0.478357
0.591377
0.172630
3.978021
0.316268
1.488925
0.188659
0.260886
0.081212
0.243508
2.559557
0.592054
4.034598
55.827656
0.227653
3.152003
3.538063
1.570056
0.738287
0.195215
1.894849
1.393773
1.341188
0.443816
0.127904
0.187304
1.677353
1.422108
2.309921
6.831322
0.682945
0.094391
3.815272
0.099372
1.978869
0.381115
2.258878
2.953957
0.150712
0.287133
4.911611
6.326832
0.077910
0.170117
0.091041
0.311678
0.345767
1.680275
46.370188
3.175184
0.345685
2.762438
4.741849
0.343302
0.110884
0.613568
0.343471
1.659382
5.721061
0.083381
0.171430
0.784378
1.528658
0.127552
1.743664
2.921122
0.538123
0.121090
29.131434
1.390796
5.526061
0.235220
0.120140
4.775120
0.327754
6.548275
0.595750
0.891361
0.108038
4.796004
0.621083
0.138201
0.091982
0.413520
0.146850
0.163937
0.827491
0.096933
0.831032
0.311553
0.231157
0.144070
6.122493
0.111956
1.357840
0.480113
5.645601
2.811100
0.586689
0.228219
0.279770
0.241830
0.163807
0.704698
0.321639
1.230001
0.494769
1.203956
1.661861
0.233799
1.543233
0.312668
0.260670
1.223722
2.543779
0.167627
0.959122
1.498101
3.932636
0.243043
0.087492
0.054762
1.149412
0.785668
3.544244
1.114839
0.117461
4.475233
0.894972
0.175814
0.883036
0.104444
1.879338
0.497885
0.263361
3.056440
0.222303
46.840398
0.608837
1.379194
0.228543
5.142545
0.357101
100.380420
0.195340
0.250300
4.142203
0.575871
0.220004
0.464988
0.413060
0.358792
0.431503
0.370342
0.084413
0.318965
0.629054
0.127210
0.611638
3.889115
0.483298
0.183496
3.198199
1.251406
0.098597
0.115692
1.961335
0.397135
1.844603
1.170549
0.066862
1.257003
0.212622
0.321823
0.405255
2.760904
1.226015
0.265460
0.615790
3.751035
0.637146
0.212536
0.254199
0.253042
2.811857
7.633281
0.733647
4.384098
0.072572
0.341237
0.235711
3.021248
0.194029
0.746683
1.660044
0.616784
0.104513
0.462098
0.286516
0.099926
38.616459
0.126914
0.105000
0.543249
1.936443
0.431229
0.076460
0.600667
0.063686
0.842606
5.263600
0.177277
0.111092
0.292842
5.434481
0.528845
0.089284
0.092418
1.390175
0.081358
1.405000
0.274857
0.150555
14.166124
119.860036
0.157168
1.437420
4.072792
1.414312
2.703778
0.292655
0.748978
1.790706
0.217147
0.089574
92.576040
45.108188
0.243914
0.090047
1.357351
0.701796
0.154107
2.486039
0.957725
0.308142
0.200031
3.781508
0.075328
0.108913
0.189115
8.201323
9.174327
0.187431
0.150208
0.117707
0.644840
0.900211
0.543632
111.535630
0.457221
1.278285
0.215997
5.441014
0.085099
0.418795
1.862391
0.139897
0.204971
0.650670
1.069273
0.385524
0.211197
2.624994
0.516341
7.988242
0.918699
0.064115
0.088009
0.129948
1.063061
0.165706
0.187788
1.666640
0.291478
0.410425
0.125134
0.474442
0.130653
0.102464
0.081194
0.098342
0.055979
3.749904
0.314753
1.361278
5.280159
3.517230
0.296547
0.093228
0.388657
0.065446
0.135885
6.347536
0.267067
1.399663
1.433965
8.245271
0.387875
1.894442
1.692137
0.116389
0.110657
1.282761
1.540750
0.878636
1.179580
3.862729
0.150192
0.409963
0.059741
0.216930
0.816696
3.014503
0.810237
1.534249
1.631014
1.988940
0.892124
3.865657
3.217585
0.476964
0.425244
0.256356
2.239564
4.313269
0.758688
0.134737
0.359975
1.437629
0.256459
4.541514
1.232009
0.609390
0.387802
0.351454
0.083885
0.534008
0.633234
0.290510
0.928710
0.246590
1.418354
0.121788
0.099255
0.976250
1.726930
0.696934
0.296548
0.117923
0.046571
0.307976
1.627843
0.495559
32.756930
0.437015
1.277003
6.048090
0.455719
0.129249
0.604180
110.261899
0.140557
0.291680
0.077628
1.992355
0.454169
1.089024
0.330497
0.357840
0.410507
0.084568
0.202732
0.225278
0.601454
0.491008
0.060523
31.584815
0.261000
0.089702
0.267140
0.224141
4.203708
1.980956
1.676257
0.849527
0.704846
0.140758
1.046892
0.386609
0.074484
5.815225
0.536850
0.836322
1.254374
10.989746
0.184219
0.101513
0.080612
0.121985
0.146283
99.741933
2.040031
0.187812
1.089033
2.969167
0.182070
0.326287
8.142210
0.577137
0.233288
0.373131
4.846331
3.436035
0.081455
83.343155
0.225719
1.724749
0.449123
6.675248
0.239152
0.144165
0.409533
0.259268
0.254688
0.061141
0.663087
1.561550
2.234090
0.311222
1.210895
0.297134
2.531121
0.151225
0.810970
1.843706
4.047961
3.060387
2.579783
0.945413
2.482560
0.378987
3.094945
0.847828
0.775752
0.236455
1.816128
0.141757
5.612647
0.148845
0.312567
1.646928
3.736826
3.661472
40.357675
0.818006
1.053077
0.140097
10.094667
0.135563
0.073040
1.730307
0.261520
0.119549
0.587335
5.343426
0.701103
0.276395
8.099722
67.240838
0.981176
1.162902
1.084547
1.206533
5.589803
3.754095
15.354889
2.749376
3.086425
0.267370
0.076318
0.165339
0.226947
0.341971
0.075883
0.826867
0.216836
0.335081
1.661670
0.589934
0.143421
0.113515
0.132755
9.309798
2.448705
0.175554
0.258139
0.388889
0.077975
0.078265
0.100422
0.297982
0.182312
0.298260
0.710015
0.147974
0.087378
0.128398
3.574882
0.375639
0.089189
3.119743
0.348482
0.448788
1.445027
0.346276
5.100019
0.090023
0.047257
0.414077
0.218520
0.171424
2.273603
13.066922
0.583280
3.796569
1.027277
1.280483
0.163091
5.301907
2.685606
0.123091
2.714239
2.509347
0.830670
0.533806
0.610201
0.098381
0.250465
0.119306
0.096424
0.189018
1.916793
0.803062
0.243064
0.369828
0.192123
122.349068
0.603064
5.299256
0.459410
0.243388
3.859876
0.277651
0.120894
2.782332
0.582653
0.163035
0.617305
1.157172
1.918193
3.535194
7.797292
0.502210
0.579521
5.163617
1.992010
0.368844
1.683660
6.615217
0.529360
0.859880
1.568040
0.531893
116.787160
4.630904
3.893300
0.286124
2.821989
0.214618
0.292295
2.160127
0.689354
6.268041
0.411434
0.086417
4.408224
0.314717
1.280219
0.434037
1.559258
0.644877
0.325602
0.751458
0.199073
1.091325
0.133759
1.634157
1.142313
0.295739
1.070107
3.740846
3.043494
0.575068
0.283574
8.134679
0.472662
1.580912
0.211710
0.093653
1.211486
0.710270
0.210608
0.600080
0.209730
6.068327
0.414942
0.069190
0.138554
1.675894
0.439493
0.594848
0.107346
0.197712
10.449685
4.949346
0.292153
0.122948
6.135140
4.670406
1.142391
0.189541
8.685459
0.102499
0.202399
1.317895
0.137059
0.166631
0.123642
0.257313
0.796832
0.180048
0.036931
0.189154
2.563226
0.878026
0.458117
0.333056
4.092836
1.741812
0.914935
0.931138
0.332519
0.871998
1.511392
1.071922
0.171405
0.533330
0.964597
0.348135
4.838097
1.571299
0.244205
0.239132
0.244805
1.684027
0.421685
0.341043
0.630739
1.779644
0.343519
0.180483
0.395497
0.285478
0.146733
0.997285
2.320449
0.237499
0.782390
8.160671
118.208572
3.518773
0.082982
0.187433
0.133207
2.063074
0.367977
6.288515
0.162939
1.658355
46.980683
0.317392
3.357546
0.128107
0.436154
0.164754
0.337137
0.273483
0.605417
0.036304
0.770378
0.179924
0.083207
2.780393
0.929645
2.035191
0.221139
0.120228
0.343512
0.715835
0.275677
0.818564
1.314753
1.178921
1.047085
0.091408
3.949344
4.196748
1.054872
0.895248
1.839579
5.152915
2.949879
0.510955
0.470869
0.756928
2.280195
8.504936
1.082113
1.625576
0.229802
3.727349
2.649092
0.149276
0.093987
0.517005
0.337271
0.292564
4.233751
0.370503
0.212638
0.178703
0.088619
0.754880
0.422679
1.650581
0.383900
3.100335
0.715915
3.521600
0.139328
0.202402
0.150731
0.524035
0.135436
0.841864
0.082351
0.115019
1.716458
4.225310
0.075825
0.107139
1.533271
3.114824
0.825278
0.699738
0.501236
0.153766
0.116505
0.164288
1.203619
0.307535
3.859260
0.253085
2.983328
0.225123
2.636725
0.602303
1.336328
0.389544
0.950620
0.221922
0.660662
0.346791
0.343700
0.128022
5.918077
0.111599
0.826333
1.095005
0.564689
0.614512
1.119307
0.410594
0.142229
7.674092
1.279135
0.049559
0.161874
0.141969
0.058660
2.238938
0.144549
0.186994
9.496427
4.680840
0.200470
5.935021
0.170782
0.401987
0.816165
0.516340
0.246091
1.498500
0.107889
3.908278
3.125883
19.702941
1.789265
0.175282
1.691228
0.099694
36.550628
7.808415
1.882269
1.111789
1.130093
6.182180
0.229223
1.273368
0.384864
0.073092
0.622123
0.104412
0.159917
1.454406
4.324030
0.393191
0.958998
0.888032
3.080293
0.059207
3.031169
0.251818
0.157651
0.218241
0.261613
0.115197
0.188640
0.085064
15.465416
0.233523
0.094090
0.355927
19.131096
0.640568
0.069742
0.160587
1.969466
0.483603
1.298844
0.530512
0.196865
0.252418
0.546048
0.360274
0.106808
0.186736
1.699143
14.076996
1.462265
0.303664
42.789497
1.752149
1.491367
4.130183
5.756210
79.447310
0.362633
0.911496
11.294801
0.299472
0.143986
2.646285
0.116659
0.163095
0.937742
1.438433
0.188218
0.250206
3.934025
3.536189
0.207528
0.578810
0.448227
0.146381
0.613837
4.569305
0.132864
9.917321
0.176935
0.348147
3.890443
2.170257
0.918734
5.086695
0.207402
0.389999
0.358839
0.362897
0.106520
3.772056
4.124606
0.135119
0.129696
0.383292
0.368129
2.141897
0.678325
6.087151
0.205404
0.331414
2.678941
4.710841
0.246233
2.234088
0.104458
0.102405
1.570475
0.385792
1.983996
0.064918
1.244974
0.090176
2.954580
8.315831
1.061798
0.201506
1.645770
0.203032
0.410339
0.147686
0.379329
0.349676
21.363746
1.412559
2.313809
0.699526
0.248631
0.481991
0.833482
0.103162
0.191023
0.278139
1.777745
0.438687
1.105196
12.221251
0.255206
0.630651
0.428767
2.918374
0.186919
0.482975
3.744368
0.141691
0.467650
3.087433
1.092728
0.322453
0.469259
0.339876
0.492092
0.087882
0.353881
0.964314
0.431403
0.751125
1.082580
1.253441
2.932426
1.219421
0.722918
8.644889
0.486485
0.225158
0.356209
1.114454
0.233812
0.062661
0.105346
3.105600
1.346634
0.388538
0.418619
0.208036
0.060794
0.077007
0.440600
2.856610
0.100832
0.041085
0.339475
0.452475
4.055644
0.171455
0.787625
0.329885
0.149854
0.227931
2.309545
79.835751
0.283949
0.368758
0.555311
2.464713
1.808404
0.118345
1.060764
0.093213
3.992835
0.124252
0.106146
0.183031
0.686388
0.487622
0.281010
2.705646
0.208685
0.716457
3.551377
0.531384
0.971343
0.139172
0.105162
0.739144
0.133421
7.809527
0.084570
1.203388
0.183720
1.613789
1.743053
0.484027
0.302995
0.820565
0.207849
1.104292
1.236044
0.538178
0.081333
4.513753
2.225837
0.336992
0.353865
1.908045
0.268716
0.435243
0.352889
1.974398
0.095053
2.263383
5.475097
0.083097
1.298884
0.224155
0.574350
0.524492
0.282930
0.372551
1.817641
0.320126
0.102938
0.316757
0.587884
0.350194
1.925850
1.709722
2.533829
1.682281
0.853409
1.944493
0.708589
2.689736
1.494258
5.019528
0.584346
0.387797
1.522434
0.207222
0.370406
0.105737
0.121639
0.078538
1.017949
3.631498
0.396714
0.098498
0.844888
0.755162
2.773012
5.694872
0.476780
0.901984
15.438967
0.252221
1.280558
1.127433
0.503703
0.068598
0.222575
0.127406
39.441764
0.441791
0.201089
0.583859
0.216013
0.249781
3.931554
3.504780
4.659115
9.267446
0.278320
0.457114
0.823076
0.110350
0.585879
0.937477
4.694941
0.197897
0.638490
0.184350
0.098472
0.120992
0.109791
0.303318
0.339757
0.420406
4.475508
1.208354
0.318700
0.592740
0.157419
3.572344
0.205701
0.085425
1.036118
0.094323
0.579095
0.081962
2.193959
1.077704
0.373661
1.321016
0.269948
0.507909
0.863572
0.685306
47.386183
0.218393
115.652642
5.961765
0.420764
0.418880
0.077995
1.195949
0.122841
0.283014
0.129009
1.431657
0.224440
0.246740
0.883673
92.158514
0.184039
0.241828
3.948730
0.301389
4.001279
1.005510
7.998774
15.458405
1.217559
0.212857
27.695872
0.125787
2.380122
0.397790
0.060303
0.140077
4.170456
0.094025
0.800255
0.405248
0.360799
0.308712
2.389115
0.090297
2.582475
0.481006
0.441504
0.320185
0.171373
123.581476
1.737045
0.266365
9.500546
0.137452
0.086676
0.088354
0.798119
0.689791
0.120276
0.282360
0.068479
1.233470
1.073785
0.639747
0.162037
0.067240
0.090629
0.324005
0.316247
0.062187
0.907113
0.266718
0.774929
1.032183
0.484602
0.768598
0.094497
1.554983
0.217026
0.893940
0.691138
0.246327
0.370996
0.226182
2.824172
0.271004
0.213548
0.229511
1.429026
1.202460
0.144728
1.063804
0.448525
2.745633
0.152419
4.734230
0.142344
0.232803
0.082087
1.031857
1.013779
0.531731
3.126496
0.841111
0.368804
1.114715
0.286937
0.406825
0.607267
0.185224
0.217065
0.556606
2.324573
0.077693
0.033994
0.696007
0.704538
0.337968
0.537997
0.160295
0.357997
0.360797
106.043030
0.231242
0.210458
0.539671
0.089020
0.761300
0.079545
0.262278
3.999528
0.434457
1.728903
1.964986
0.380809
0.067806
0.354672
5.298422
3.607600
0.217126
0.076112
0.112800
0.941510
0.228034
0.173074
1.102452
0.815516
0.391179
0.273241
4.180304
0.690027
0.188144
0.536377
0.213043
0.931711
0.104107
0.286066
1.781172
110.462881
0.386290
1.963719
0.213808
0.483411
0.114228
0.036082
1.634891
0.093822
0.255895
0.091832
16.386301
0.242765
0.235523
0.410278
0.330297
80.207218
0.364648
0.287294
2.210760
0.066737
1.322474
0.178161
0.140241
0.066614
1.046317
0.612837
75.101015
0.318610
40.986673
0.141200
0.061599
0.264308
0.413275
22.701345
1.598317
11.216110
0.355020
2.991389
0.205427
0.340336
0.518253
0.092026
0.897808
0.380058
0.170374
0.433735
0.582981
3.221569
1.180505
0.441563
0.125834
0.143811
0.234330
54.295907
1.788951
0.159637
0.238428
38.875579
0.414704
114.182992
7.165033
0.304759
0.215345
3.509625
0.289434
0.631796
1.261840
0.588458
0.098735
0.085848
0.160553
0.637861
0.040804
4.250057
0.173178
0.125157
0.102077
0.220822
0.659857
1.691014
0.321419
3.586048
8.030365
0.400743
1.146566
0.113388
20.188211
0.151717
0.163617
0.073374
80.622088
0.811638
0.185750
0.190220
0.070684
0.057612
0.063264
6.655361
0.268981
1.064403
0.083953
0.128169
0.400355
2.606564
3.641254
323.121795
0.496432
0.075190
5.277575
0.155166
0.139523
0.164806
0.312464
2.043471
1.378225
1.332134
0.449720
5.184329
30.123660
22.207300
0.408986
0.130213
0.291945
4.170918
0.638502
1.110781
0.217515
3.462122
7.123362
1.525184
0.049566
0.326122
0.470034
0.294594
0.403406
1.119459
0.247395
0.265539
0.255099
1.094151
7.250764
0.369576
0.435924
0.824088
0.802819
0.163011
0.947338
0.412011
0.091839
0.073252
1.334624
0.934576
0.126924
0.354069
0.945734
1.716755
0.101674
0.880068
1.121359
5.499617
54.228467
0.113905
4.774800
8.630395
0.249381
0.175973
0.476861
0.244087
0.512755
0.982838
0.092473
0.120482
0.330476
0.379861
0.297260
0.505027
0.064211
2.109816
0.758998
0.363585
0.319340
0.186478
0.189176
0.792186
1.211881
0.631568
0.428615
0.495484
3.413004
2.740977
0.412772
0.233170
0.385104
0.120888
0.089569
0.267006
0.513148
5.020179
0.772082
0.379447
0.088602
0.127871
1.534616
1.500933
3.271776
1.163049
0.074931
0.170324
0.254937
6.011918
0.570834
0.070950
2.738015
0.379254
5.279149
0.489630
3.539434
1.146956
3.785814
0.158887
0.300209
0.512969
0.791805
0.126199
0.478142
0.239556
0.294379
1.200720
0.296364
25.149276
2.643087
0.119900
0.174493
0.390855
0.289292
0.057721
1.241870
0.101726
2.334828
71.825685
1.533824
1.167574
4.820596
0.170689
0.128621
0.242336
117.281129
0.496927
1.916775
2.197045
0.214462
1.021307
0.811610
0.295469
43.164398
1.176656
0.507088
0.352146
12.248576
1.372720
2.600855
0.926348
0.103933
0.233921
0.241095
4.221786
0.095788
0.223903
0.161488
0.730783
0.355917
0.231835
1.223323
13.211257
0.352963
0.217710
0.087674
0.151911
1.589650
9.178985
5.123113
0.274446
1.221028
1.096920
0.126521
0.246071
0.320535
0.110549
0.156369
1.652737
1.775056
0.387324
1.144072
0.187264
1.868558
0.771571
0.141802
0.287280
0.082229
0.638451
0.581237
4.481711
5.001974
3.504874
0.533470
0.092143
0.960314
1.376421
0.288910
0.421713
0.803548
0.130034
0.366147
0.061422
0.243930
0.191252
0.152340
0.216411
0.892988
0.394091
0.211962
1.026690
2.260802
5.183593
1.613255
110.067589
0.457539
0.145615
0.199409
0.327824
0.190252
0.262102
0.116827
0.127202
0.202154
0.832670
1.464885
0.176835
0.042469
3.098753
1.908317
2.461301
0.216047
0.199252
0.084781
0.209981
0.074481
0.267351
80.362851
1.279529
0.503108
11.130539
0.969709
0.063273
0.193642
0.515542
0.216903
0.469229
1.268557
0.545139
1.642362
1.235383
33.985855
6.259654
0.204604
11.907315
4.971156
0.596150
0.115362
4.499525
2.844543
5.940300
0.781299
0.108704
0.627669
0.617817
1.744976
0.172606
7.956770
0.314975
0.571899
0.379202
1.279862
0.307143
1.135940
0.264048
0.048687
4.168621
1.339111
0.152468
0.794890
0.175442
0.134535
0.273767
1.000207
0.175517
4.762192
0.132135
1.596633
0.188949
0.059077
0.077735
121.943340
1.556562
0.076387
0.766031
4.127233
1.632247
3.765441
2.567282
0.607280
3.847598
0.252356
0.167668
0.282614
5.079556
0.106843
0.278816
2.762560
0.239372
0.573400
0.322101
0.593706
1.039699
0.444084
0.962924
3.914611
6.623669
0.752340
1.034663
1.475896
0.784541
0.368133
0.664411
0.528593
0.132316
1.448719
0.452847
0.150052
0.719761
0.091092
0.065022
1.188283
1.151354
0.950196
0.177577
2.139461
0.854451
0.124274
0.116338
0.093831
0.527588
0.064127
0.221569
0.306372
0.791307
0.563535
1.226639
0.521290
0.561643
3.194858
10.454041
0.649686
0.253572
0.305589
0.139699
0.664117
0.318406
0.043731
1.067254
0.177664
0.317689
0.552523
3.782405
0.135480
0.415142
0.058360
0.281962
0.665301
0.312198
0.392267
1.135268
0.312915
0.188268
0.108264
0.026157
1.771224
0.134307
0.410406
4.898439
2.675759
4.220944
13.291925
0.179955
0.170554
0.534397
0.982412
0.127960
0.731485
1.149698
0.427155
0.253752
0.379126
0.047957
0.181774
1.161471
0.179090
0.178581
0.040112
0.895295
0.233619
0.655311
0.214898
0.982859
0.929802
3.199453
0.116449
0.324190
4.177741
1.170643
1.893170
0.077799
0.586682
0.078656
7.695146
0.582385
0.225606
0.620844
0.486542
3.297214
3.912354
1.801852
1.294335
0.070701
0.896813
1.316870
0.104603
0.046330
0.133983
7.220035
0.309331
0.344637
0.725304
0.461344
0.255357
0.291897
1.106486
0.206180
0.826385
3.492046
0.315702
0.388549
0.496149
0.370955
1.510993
106.244367
0.299534
1.833277
0.063539
0.257907
0.126540
0.196475
0.106006
4.134902
1.035543
1.250306
1.406694
0.322406
0.160201
1.626354
0.071331
0.956034
1.781915
0.273919
0.089487
0.397222
5.688409
0.104072
0.230654
0.545154
0.030189
1.667674
0.207949
5.447186
1.356061
3.783311
0.838059
0.359184
1.324174
0.736734
0.070470
0.197812
0.077430
1.177584
2.010484
0.110608
0.529622
0.433114
4.809917
3.366641
0.100092
0.348400
0.883940
0.178749
0.156270
4.276352
0.176283
10.779039
0.131106
50.983812
4.014906
1.048778
72.474541
0.141958
1.765931
0.495924
2.367619
0.212353
0.206285
0.231835
0.080378
2.490944
1.088610
0.111052
0.470283
3.156514
0.048787
0.646295
0.194371
0.277925
1.532832
0.144923
0.337480
0.167915
3.021173
0.176306
0.348916
0.127447
0.316733
0.051710
0.419679
2.667388
0.870924
0.582957
0.115539
1.704439
0.116104
0.257272
0.181568
0.586248
0.313823
0.198076
0.109804
4.798654
1.530461
0.457910
1.086151
0.389852
2.639446
0.559635
0.173866
0.407609
0.582502
0.175224
0.244484
5.386911
2.820393
0.136813
0.914410
0.172672
0.429059
1.103795
0.171256
0.204933
0.374078
0.538662
0.758767
0.089996
5.101830
0.609605
0.065613
1.716789
0.316513
0.280089
80.722238
0.814039
0.889527
3.895247
1.019670
0.198672
0.075038
9.731538
3.830790
2.106117
0.202684
115.768005
0.229799
2.877441
0.249397
0.705072
0.126353
0.826848
1.243580
0.094656
5.964056
0.110090
0.457386
0.266423
1.648143
0.191778
1.184111
0.354347
0.545615
1.258844
0.141785
0.328269
0.954751
0.229783
0.097082
0.079971
0.082646
1.050645
2.797250
0.104435
0.409003
0.139049
1.060733
0.442520
0.173822
0.413498
0.487534
15.065517
0.370986
0.076011
3.199588
1.188880
0.054840
0.941259
0.715331
1.338493
4.308874
0.215421
0.217693
3.824943
111.174832
0.730353
5.256298
3.418212
45.243284
0.304201
0.115766
0.370916
1.176542
2.030787
0.205615
0.235368
0.331711
0.621799
10.234137
0.967471
3.306485
2.875165
0.370164
0.239536
0.232514
0.134409
1.193489
0.074147
0.233138
2.759136
0.083299
0.481714
2.385909
0.145456
0.064100
4.593262
0.119153
3.293695
0.267445
0.443741
0.366780
0.492479
4.312530
0.226076
0.443659
0.103411
0.786119
0.180659
0.396174
0.793594
2.195822
0.930550
0.340644
0.296159
4.115188
1.422261
0.098470
1.092204
4.165357
1.573225
0.414437
0.183928
1.641085
2.139619
6.386827
0.447401
0.306541
0.410571
0.062205
0.265522
0.321114
0.093601
0.205546
1.516083
0.456802
5.352625
0.944729
0.259099
2.964294
0.513686
3.607533
0.314348
4.093688
0.625350
0.083757
5.732298
0.870705
6.251895
0.105754
2.127707
3.777367
0.365969
0.140292
1.243232
4.170945
0.756927
1.638661
1.265106
0.366148
0.381637
0.068950
0.185336
0.331857
1.152837
0.220838
0.095440
8.258988
0.211984
0.283238
0.947582
127.374955
0.351545
7.429342
0.116897
1.707510
6.656949
0.283987
0.554082
0.201340
0.378561
3.800313
11.858659
0.658765
2.042470
1.412267
5.107431
0.757966
2.405120
0.657694
1.322852
0.490913
0.096142
332.427422
0.496308
0.139953
0.767833
0.191207
3.947683
0.234492
0.109597
0.271826
0.115582
0.317218
1.039846
86.685794
0.184387
0.067682
0.166144
0.639032
0.261254
0.115955
0.741575
0.101514
0.801765
4.467403
6.928077
8.564515
0.465885
0.383767
0.154401
1.413752
1.379505
2.674242
0.164539
1.004434
0.328937
0.060057
1.110688
0.174574
5.013904
0.357570
0.894108
0.146721
34.518696
0.626696
0.254511
0.112925
1.348690
0.335339
1.973821
0.122468
1.291898
0.630319
0.740164
0.548444
0.644625
0.688521
0.198573
2.307955
0.161656
0.608616
1.029888
1.278272
0.248821
0.579737
1.992038
1.958323
0.506091
0.083855
0.079123
0.688545
5.509177
0.327366
0.363173
7.717847
3.399721
0.218848
1.770562
1.069181
0.207117
1.565775
1.740779
2.854157
11.633781
0.485556
0.120599
0.471073
11.405643
1.701866
0.210583
4.053045
0.129093
0.189740
0.066997
0.429145
0.114188
1.680851
0.081967
0.255206
1.023052
1.162479
0.585945
0.099009
0.448524
0.112981
0.223946
0.043217
2.319152
0.389264
0.071216
125.051651
1.496862
0.411536
0.182982
1.575121
0.260553
0.387285
0.107386
0.146309
5.430835
4.747004
0.208703
1.090815
1.121842
7.480531
2.600193
0.498788
0.144004
0.160637
0.088131
0.328402
0.153267
0.244290
1.355646
2.506525
0.273986
0.705659
0.247952
0.233916
0.063153
0.071665
1.865230
0.335670
303.252621
0.122718
1.454987
0.122332
0.307787
3.746588
0.296689
0.103679
0.373758
0.397580
0.362226
0.130114
0.772290
0.157819
0.161686
0.371780
0.030364
0.609757
1.800906
0.552618
4.663208
5.555810
5.774912
0.123735
3.274133
0.103910
0.658805
0.246700
1.161742
72.453627
0.341333
0.969659
0.533836
0.235705
0.167018
0.109021
1.789569
0.131512
0.792686
2.061742
10.249233
7.206597
0.269635
0.098587
4.882583
0.243493
8.341966
0.271747
0.274926
7.841733
0.233206
0.100587
0.522133
4.438701
2.685277
0.569519
0.293022
0.796380
0.493011
0.122421
0.332206
2.876835
0.134759
0.555020
0.283818
0.350340
12.030611
0.212627
0.156311
1.695700
0.114165
0.245795
0.339874
2.500462
0.274963
77.000650
21.733742
0.115901
4.059072
0.128310
0.081321
1.551382
1.763129
0.328237
0.175062
0.058752
0.090943
0.179750
0.083795
0.402663
0.829732
1.849619
0.098789
0.073138
0.811251
0.485110
0.162977
1.275000
0.100810
3.977140
0.422868
0.523320
0.762976
0.148606
0.658012
0.160362
0.229552
3.067255
0.376527
0.920160
1.246368
0.153765
0.365262
2.653807
1.120948
0.172289
0.099326
12.202714
1.566787
0.518898
3.274046
0.177436
3.297235
0.218384
12.791487
1.245222
1.546824
0.224046
0.294931
3.080051
0.253093
3.803881
0.131320
3.277464
1.815211
0.459240
1.810941
0.744353
0.108992
1.884652
0.071737
2.476210
0.566722
0.497591
0.086362
0.328998
2.087290
5.658180
0.651500
0.184469
1.092849
0.812883
4.085813
1.654377
0.120038
1.059168
0.103972
2.298927
1.287940
4.357787
0.498148
2.103270
0.153038
0.377629
0.526127
0.915244
0.668881
3.393459
1.064609
0.298800
2.347712
3.946240
86.821129
11.830260
0.517115
0.044042
0.576123
2.400772
0.364994
0.269595
10.654873
0.275810
0.177879
7.474771
0.960744
5.599075
0.211620
1.319851
3.739670
0.113830
0.520974
2.834818
0.176278
9.034762
0.388980
0.151059
0.427168
11.045932
102.298911
0.801139
0.161212
0.200250
0.119664
25.438847
1.954318
0.128512
1.160984
0.092184
4.599945
0.793567
0.268551
1.435508
0.102026
4.160109
0.098058
0.316169
0.129841
0.279362
1.288773
0.126474
0.027154
1.040679
0.174802
0.801963
1.403445
0.418658
3.191908
0.055784
1.989338
0.533094
86.380435
0.546457
0.956884
1.005939
88.395405
14.642551
0.485777
0.170255
0.414644
0.187770
0.132250
0.278284
1.964833
0.146474
0.071647
1.344662
0.131468
0.096098
3.913605
0.351522
0.081918
0.094211
4.883458
1.395946
0.244088
0.143180
0.445418
0.162268
0.379703
0.717063
1.159877
0.144629
0.291374
4.361326
0.882785
1.583752
0.275744
0.169227
11.966886
1.206308
0.500416
0.341520
5.693330
0.102509
0.303381
3.329948
0.124879
0.433700
1.842158
19.163236
3.048367
0.476292
0.496132
0.157397
0.197547
0.159797
0.207962
0.091386
0.869927
0.332408
0.190677
0.051400
2.900703
0.622618
0.866224
0.226069
1.806017
0.478135
3.766919
0.217774
0.087839
0.386670
0.493993
0.091506
0.533895
0.089069
0.650978
0.658953
0.093646
0.462899
0.329416
4.527782
119.795263
3.417399
0.502200
0.292545
0.074922
1.293580
0.045260
0.098771
0.599787
0.227660
0.084906
0.967900
0.462971
0.261947
0.601950
0.063854
0.081378
0.426332
22.273617
1.739015
2.476628
9.476979
4.382192
0.242560
0.885851
4.091332
0.544885
1.345878
0.165603
1.692857
1.110050
3.009021
0.864593
0.681997
0.179773
0.532580
0.567944
0.192751
0.791860
0.140772
5.424363
0.086657
1.926463
0.111606
0.781643
0.199216
0.242925
0.130961
0.913720
3.085391
0.731509
1.280056
0.238286
22.568999
0.439789
0.042745
0.710452
71.620701
0.141817
1.418886
0.415684
0.190413
2.915178
4.980339
1.239071
1.163580
0.996834
2.219211
0.105334
0.857114
1.551724
0.421851
1.290933
0.223372
2.211699
0.449584
0.405018
0.104360
0.250512
0.627874
3.000930
2.969333
0.584784
0.171220
0.999654
0.488323
1.068134
0.407857
4.615966
0.587745
0.947409
0.795999
0.085773
5.990803
0.098735
0.099700
0.633859
0.128331
0.114194
0.070157
1.161140
0.346309
0.064972
0.676479
0.384369
0.276788
0.525049
0.737096
0.399263
1.105464
5.768202
1.293451
0.144663
0.328265
1.707472
36.776815
1.369106
0.402058
0.062576
1.485442
0.114606
0.139520
0.281180
0.648251
0.563013
1.367647
0.094371
1.659680
9.139415
2.532610
1.965370
0.506750
1.510688
1.745758
0.155501
4.696933
0.545425
1.453600
0.591372
1.561334
0.771642
0.834249
2.505362
4.535002
0.816402
0.206769
0.380446
0.048898
0.493927
0.190099
3.135448
0.371723
0.202444
1.782829
0.095840
0.099781
1.300602
0.895404
15.802283
0.927495
0.555328
1.338190
1.583800
1.142342
2.482843
0.075647
0.246133
0.206055
0.205891
2.578022
0.289211
0.486179
2.524698
0.630179
5.208989
0.373026
0.240954
0.108650
0.914685
0.289084
7.934882
1.970059
0.223831
0.298850
1.001554
0.118780
5.891459
0.567912
0.063856
0.036763
0.117672
8.652087
4.250173
0.484766
0.112817
3.102395
2.970223
0.464385
1.215875
3.460605
0.464865
1.064042
0.211652
0.139932
7.937132
0.869789
0.233380
0.147380
0.248075
0.857336
4.474928
0.100123
2.095912
3.066644
0.443199
0.432800
4.333930
2.734987
1.299906
0.120933
0.059672
0.528291
0.105213
0.217020
0.213636
0.155700
1.956001
0.106142
0.148725
0.488123
5.107431
0.123909
1.150494
118.537705
0.590587
26.740209
0.370904
0.265831
1.586530
3.759770
4.057018
7.451905
59.006371
0.229259
0.341556
0.115543
0.166700
0.325913
0.488024
0.198507
0.460902
0.171989
0.296525
12.214438
0.279924
0.204208
4.728293
1.211566
2.057362
127.461500
7.186165
0.124868
0.436208
0.299196
0.369786
0.217250
4.004308
1.893637
1.574215
0.835037
0.070804
0.802653
0.650063
3.704434
0.328623
0.711976
105.142317
0.297217
1.415947
0.587869
0.259364
15.612071
0.333849
0.201081
1.271127
0.107059
0.913611
2.509976
11.505479
0.261680
0.118113
0.191135
0.380652
0.605324
1.549747
0.227525
0.341651
0.641406
2.898658
3.931227
0.734158
0.069450
5.583593
0.105013
15.203673
0.070575
29.555874
0.125790
3.182611
3.300662
0.782493
0.082840
0.208422
0.724966
10.542932
1.565851
1.075570
2.455308
0.158601
0.097277
0.319806
0.678487
0.459009
0.144338
0.115950
0.371669
0.664280
0.100176
0.124694
117.613309
0.363894
0.181564
0.880091
0.049631
3.425419
1.398336
0.170442
0.691322
0.233401
0.411648
0.755883
0.149997
0.091268
0.465639
0.132056
0.249670
0.471368
0.102600
1.979783
0.548841
0.213691
0.213780
1.173296
0.067012
4.028681
29.956030
0.569093
0.254877
0.454969
0.331066
1.189193
0.371817
5.508074
0.084155
0.130601
0.160126
1.262019
1.299550
1.100438
0.111933
0.931848
0.302372
0.741673
0.213085
1.676222
0.184215
2.228969
18.657185
0.205240
0.104663
0.134856
21.783009
1.027136
0.795228
1.929445
0.639853
1.597126
0.362041
0.271284
4.737595
0.143575
3.696048
1.310411
1.289818
0.176478
0.148642
4.161994
0.203397
0.364307
0.331804
0.273418
1.149680
1.194868
5.524099
1.015485
0.526010
0.086154
0.278128
0.135190
0.220203
0.072104
1.497784
0.257784
0.158016
1.091419
0.260766
0.351802
0.271088
0.516643
0.242747
3.046904
0.215131
75.569584
5.436774
0.196701
0.094295
0.347116
1.217172
1.377163
0.774066
1.730682
0.113711
0.045916
0.368530
0.491377
0.675420
8.347114
3.391569
0.252476
1.095406
0.528136
0.049265
0.125640
0.161435
0.244890
4.972307
0.304413
0.313544
0.614465
1.229210
0.047549
0.983067
0.148895
1.264964
5.422296
0.439885
2.529385
0.106369
4.632861
0.114044
0.902923
0.113552
0.470352
1.214172
0.068928
0.186368
0.371331
2.781275
0.091529
0.058295
0.102873
0.084564
0.682471
3.756778
3.899117
22.664681
1.164167
0.123878
0.101727
4.937489
0.184546
0.808291
2.881859
0.130362
0.696029
0.754315
6.338662
1.041989
2.782074
4.963331
0.168422
0.164106
1.164370
0.392535
1.375347
0.224797
0.310578
0.058396
1.294600
1.866072
0.231997
0.233118
0.157156
0.307045
0.892032
0.221401
101.218834
0.498530
0.105155
0.157716
0.071059
5.776218
0.255377
1.082972
3.049725
3.788971
0.266116
1.464490
3.780209
0.122290
0.199840
0.497672
0.124498
0.086880
0.748658
0.386979
0.718462
0.108989
1.493309
0.104477
5.124961
4.813820
0.137714
0.409472
0.542387
16.116687
0.588292
0.177545
0.174792
1.723459
1.739962
1.589060
0.939663
0.222549
1.304518
0.179405
0.091129
1.379225
28.197190
0.309319
0.301476
0.254944
0.320438
1.000597
0.151801
1.665612
0.462242
0.115535
0.097951
2.640615
2.269199
0.608449
0.240314
1.689175
0.073426
0.111926
0.217306
0.677593
0.080289
2.381842
1.042219
0.236786
0.641305
0.445135
0.144207
7.677244
0.192625
0.622274
2.102613
0.086372
1.409136
0.210858
3.152844
1.608175
0.147173
1.025333
0.066440
2.281099
1.047996
0.379106
36.370884
0.352005
0.602168
0.123557
4.678323
0.122963
0.884624
1.839552
2.877402
4.203150
0.051633
0.455276
0.454381
0.106119
0.201866
0.053147
1.564573
0.719447
1.196647
3.789005
0.129905
0.148531
0.071866
31.092173
0.992713
1.520223
0.256461
0.778678
2.602729
3.134029
0.457835
1.207670
0.166171
0.211532
0.496159
4.498666
0.438025
0.699042
0.286769
0.041400
0.150412
3.396228
3.397414
0.543306
1.099972
0.129363
0.100525
0.523099
0.174147
1.502193
3.463403
1.088018
0.373889
0.115281
1.601906
1.877242
0.706566
10.409070
0.556431
0.270395
0.352943
1.830724
2.443033
0.431627
30.114908
0.711848
3.298130
0.141992
0.262327
0.151665
0.653201
0.164028
0.128835
1.043193
96.711163
0.323711
8.882241
0.613377
6.310460
0.667940
0.103277
0.111532
0.152856
1.124502
0.827149
1.010905
1.728419
0.520229
0.090102
0.099220
1.567583
95.246027
0.292751
4.834643
0.231828
1.127222
1.616544
0.315574
0.082931
1.047340
1.032510
3.575696
0.629537
0.095015
0.272473
0.243861
0.270089
5.169948
2.906849
0.104363
0.553111
1.639927
0.112715
0.482267
0.078058
84.446310
0.456629
0.081901
2.169420
2.973901
0.374174
0.552121
1.039844
0.895516
0.951226
0.272977
3.065998
0.076428
0.058498
0.101330
0.232619
0.421434
0.662473
0.910290
0.184247
0.071313
0.174315
0.217287
0.182552
0.583872
0.676839
0.210540
0.065033
0.761522
0.193724
0.278374
4.142952
3.777969
0.703340
0.658020
0.296746
5.973931
2.999704
0.266084
0.746852
3.585865
4.738789
0.106638
0.527484
0.671766
3.184744
0.640471
0.293226
0.180472
0.046279
2.402251
0.199596
0.973090
0.999980
1.077929
0.525876
0.237252
9.705880
0.164950
0.330878
0.471320
0.176056
0.193832
0.344366
0.665301
0.257875
0.808011
0.218829
1.538678
0.121601
0.306279
0.210369
0.452723
4.248321
0.803863
0.091594
0.097380
0.276956
2.750496
0.398250
0.399797
0.479255
0.869089
0.176835
0.049361
2.531222
0.223096
1.847268
0.137667
0.784619
1.369916
0.344976
6.854129
0.942698
0.118649
1.617289
1.935208
0.329224
0.393002
0.289715
0.073817
1.586430
0.118888
0.060825
0.784270
0.922393
3.416126
1.563263
0.488534
0.167203
1.590514
6.427533
0.149723
41.347306
0.979461
0.388743
10.127289
0.354852
2.306855
11.018515
0.207715
1.561623
0.217918
1.512439
0.083011
0.104612
0.189922
0.043842
1.293047
2.262973
0.567857
0.424835
0.795410
0.780551
0.441131
1.429192
0.073753
0.072175
1.438287
2.870637
1.615605
1.986038
3.743601
0.487527
8.443606
0.235005
0.067611
1.993040
0.184815
3.002712
0.099896
0.107099
1.000828
311.588428
0.691916
1.066402
1.450551
0.509640
0.353494
0.304096
5.005233
0.514903
0.541232
0.712499
0.065180
4.072735
3.895839
1.040962
0.693913
3.029972
1.065514
0.469894
1.113658
0.137651
1.186413
0.133144
0.761548
0.480079
1.046522
0.184972
0.190810
75.789100
0.256636
0.222941
0.170867
0.083066
0.057581
0.308787
50.003818
0.187789
0.242656
0.120564
0.855475
0.323831
0.225321
0.202587
3.312909
0.159822
0.282697
0.056584
0.469146
0.218239
0.237059
60.054773
2.849719
1.110373
0.844559
0.367956
1.494220
0.130037
0.130378
0.492159
3.666689
4.607720
0.730393
0.066998
3.711765
0.911682
0.191386
0.898907
0.514029
0.164079
0.359009
0.156132
1.219802
0.182347
0.336433
30.993330
0.166862
0.418727
0.180118
0.422423
4.993452
0.400357
0.075451
0.164799
0.061259
0.500157
4.389265
3.759983
4.311579
0.244322
0.782088
0.056025
0.289997
3.682415
0.313918
0.088332
14.564010
1.015756
11.317008
0.995926
28.086946
0.785578
0.279969
0.319650
0.192903
1.087636
0.317076
0.211286
0.111194
0.386129
0.065590
0.312072
0.368581
0.682078
0.261282
0.486741
0.964814
0.131103
0.071620
2.693861
0.215588
0.238809
0.162785
0.151426
2.516227
0.530860
0.884142
1.594280
3.792582
1.788908
1.064822
0.155080
0.314898
4.746342
0.240304
0.519425
0.596202
0.180263
2.623796
0.195669
0.221044
0.120366
1.683933
8.624257
1.054749
0.103197
0.918270
0.601604
3.425923
0.226601
0.178475
0.188399
0.100873
0.069073
0.065726
1.430477
0.108427
0.526446
0.191346
0.160605
0.082533
0.074435
0.035140
0.052564
0.270173
1.198197
0.089982
0.429634
50.948471
0.924419
0.553049
4.367765
0.399950
2.040318
3.168897
0.112133
0.341299
0.276079
8.240497
0.196058
0.257757
0.263515
0.077655
0.116895
1.147160
1.214641
0.109069
0.096943
0.219940
2.337525
0.376702
0.141048
1.155138
112.901593
4.509143
9.771908
0.348200
0.648782
0.476608
1.052864
0.338281
0.243051
0.614289
0.230098
15.379299
0.545861
0.894746
0.179129
1.223459
1.623493
0.054207
0.193827
0.859302
0.737571
0.333380
0.130145
0.198348
2.995273
0.081576
0.098121
0.057314
0.291357
2.379014
0.418384
0.766464
2.940647
0.531839
0.264376
1.106663
0.196000
0.077687
1.104401
0.231564
0.378312
0.831449
0.117012
0.112681
5.267462
0.199396
2.530481
1.632027
0.927009
0.124220
0.122725
1.087258
0.616430
0.735465
0.073165
0.592322
0.213099
1.075178
0.206781
1.709832
1.340398
0.367610
0.055768
1.614751
1.726255
0.071087
3.819914
0.163200
0.410921
0.069375
0.507243
1.465025
1.072973
7.670929
0.314793
2.254190
0.215212
0.155522
0.097238
2.962147
1.017277
0.200202
10.588988
2.624985
2.705030
0.634558
0.087245
6.706212
0.356589
9.329734
0.271850
0.315193
2.832931
0.240358
0.147720
1.115733
0.393394
0.669814
0.410424
0.529321
3.172224
0.739767
0.457431
0.516709
0.602006
0.265661
0.428306
0.102636
1.499031
0.209797
1.272063
0.308936
0.767229
2.773671
0.355212
1.215616
0.158919
0.422772
0.330301
0.060768
0.556754
0.238404
0.162950
1.483086
0.433012
0.290687
3.613513
0.348027
0.062554
0.093977
5.526815
0.112989
0.574687
5.347154
0.170387
41.447078
0.500501
4.208916
2.424654
19.289856
0.131471
2.488937
0.105399
0.317803
0.428107
0.324331
0.402469
0.178698
0.046111
0.201262
0.184135
1.727551
0.634949
2.660895
0.098236
0.200959
0.147667
0.158579
0.377902
0.124467
1.847987
1.692043
3.094700
104.405226
14.393240
0.132527
0.250792
3.002686
0.371499
4.877694
0.364974
0.128141
0.126521
0.213357
0.105676
1.097677
0.337284
0.126220
3.021589
0.101876
0.257929
0.323606
1.547216
0.174223
4.365656
0.839741
1.825108
0.298739
2.641654
101.097675
0.126981
102.491723
1.840877
0.087944
1.004103
0.055554
0.230063
0.212598
0.307631
5.343823
1.271463
0.801033
0.699486
0.140745
0.083743
0.481654
1.227361
1.153782
0.063990
20.267309
0.087382
2.831988
0.078178
0.058433
0.089656
0.537247
0.594986
0.080633
3.605515
45.096708
0.073487
0.271967
0.256461
0.349808
0.119424
0.155816
1.281132
0.350147
0.122134
0.337815
0.106535
0.628803
0.062846
0.383548
2.419656
4.079989
3.157477
0.601645
0.122173
0.555368
0.725018
2.880860
0.602496
3.651685
0.138098
0.114868
0.218655
0.266973
0.600927
3.395327
60.940058
1.251923
1.107930
0.146503
0.498661
0.331459
1.918066
0.261484
0.322640
0.130786
3.840632
0.099165
4.486519
0.130593
0.586930
0.764762
0.553342
0.037981
9.914172
0.536307
0.067636
0.178158
0.859845
0.357115
0.579076
0.061836
40.491722
2.978958
1.067208
54.066103
0.224794
0.938679
0.397010
0.326139
0.046721
0.515647
0.250982
0.469399
0.146930
0.177330
0.458424
1.271259
1.674440
0.338064
0.132815
0.653684
0.264817
0.198638
0.089312
3.881176
0.422280
0.254056
0.764590
0.562777
0.032470
0.120138
2.203307
101.944736
0.227689
11.006076
0.105973
0.089726
1.937726
0.249760
0.081069
0.089421
0.110271
0.130038
0.290635
0.268273
1.188639
0.303266
0.381587
1.241452
0.091512
0.372262
0.156939
0.079633
0.117289
0.050366
1.591276
0.094853
3.104353
2.432833
0.360028
0.097455
0.326484
0.575306
0.300522
0.406856
0.124575
1.022464
30.948727
0.394571
0.455926
0.099010
0.465948
0.182801
0.533499
1.198612
0.787777
0.343296
0.131438
0.379892
0.246396
0.058726
0.136926
0.173039
0.530069
0.085182
0.591618
2.132620
0.576308
0.094290
1.089319
0.099821
10.040997
0.134017
1.081136
1.259230
0.474178
1.504712
0.121265
0.126099
1.612370
1.768508
1.616437
0.669382
3.644086
0.619746
0.320287
1.141208
5.572519
1.597652
0.155608
0.194582
23.333732
1.727482
0.242827
0.728026
1.128139
0.064505
0.418884
107.403708
3.473028
2.553881
0.628520
0.170001
4.082923
3.435119
0.633805
1.911531
2.527899
0.232062
0.673552
1.041154
0.167966
1.115254
1.094971
8.148857
0.247615
0.294584
1.929568
0.335232
0.388803
0.102582
0.079328
0.674627
0.223151
0.153862
0.319130
2.811275
0.470870
0.485817
1.228809
1.566258
0.184400
0.328268
0.314372
2.367739
0.367677
0.204001
1.016245
0.199036
0.404396
0.092594
2.933151
11.296334
0.285477
0.852811
1.246821
1.151200
0.092016
77.839426
1.357048
0.272699
0.756625
0.264435
0.103790
0.355655
0.637223
0.066937
2.326175
0.082406
0.370439
4.706973
0.083557
1.199327
0.045425
2.180067
1.082348
0.115558
0.937780
0.229880
1.084444
0.295969
0.170082
0.105182
1.913143
0.157199
115.975123
0.124326
0.275311
1.814567
0.748106
0.089385
1.319948
0.514779
0.046343
0.093957
36.362359
1.334886
42.838905
0.313008
3.436292
0.661489
7.632098
5.252509
0.637470
0.113260
0.391579
1.107012
0.292501
1.454631
8.975797
14.346781
0.365084
0.078362
0.353132
2.324543
0.239602
0.375302
1.252070
79.570375
1.843898
0.085440
0.247167
0.264971
0.316496
0.063954
15.073201
0.203106
0.412147
0.105609
0.451286
0.183475
1.263829
0.268973
2.917466
0.471361
3.232411
0.121046
0.216468
0.038458
0.947550
0.099080
1.329263
10.314920
0.659162
3.664872
0.148798
0.221195
0.613560
0.373687
0.161654
2.383975
1.746998
0.777276
1.567067
0.824292
0.607709
0.132340
0.583882
0.299619
1.687498
19.046525
0.336695
0.794138
0.164798
70.354397
0.496263
1.057005
0.130920
0.126138
0.339578
0.175254
0.097844
0.339231
0.173726
0.274027
1.427811
1.865555
0.115038
3.837851
0.228616
3.761321
0.699638
0.101189
0.203905
3.435559
0.235598
4.591764
0.360823
0.447666
3.459742
0.834350
0.105433
0.274478
2.016927
0.276173
0.763463
1.889076
0.114647
0.172370
0.669879
0.065065
0.282671
0.131353
0.069463
0.154755
1.011707
3.045202
0.784082
0.892759
0.152215
0.638224
0.424999
2.516670
0.238292
2.769555
3.289393
1.028154
0.187993
0.124676
1.234545
1.813235
0.408910
0.414287
0.259220
0.163201
1.154863
0.131096
0.148627
4.114349
0.189163
0.091920
0.081466
0.358197
0.125386
7.745519
0.378143
0.655595
0.782368
0.117717
0.268584
0.244506
1.344766
0.524339
0.168771
0.531894
2.902315
0.240012
1.190325
0.396128
0.302677
1.379117
1.021244
0.563906
0.229582
0.187215
0.303525
1.898126
1.464358
0.291064
0.226781
0.308345
1.045324
0.240095
0.154829
2.960602
0.082444
0.038841
1.497016
0.445797
1.109768
0.186566
0.059262
5.659450
0.195266
1.265672
1.755547
0.081651
0.340977
0.099602
0.181734
0.299472
0.224110
0.468090
0.333322
0.256740
0.215137
0.277764
0.089813
0.178038
0.219758
0.100974
0.305323
10.498246
0.727916
0.141948
1.400229
0.090684
2.907192
1.475837
0.242994
0.353105
0.257338
4.879836
3.418833
1.398499
0.458783
1.640324
0.148047
0.077209
1.020439
1.037644
104.148109
1.454752
3.121866
0.153075
0.265915
3.056675
0.079660
0.726519
0.346571
0.075548
75.914828
4.288129
0.224828
0.377290
8.767883
1.779538
3.824074
3.986929
0.480397
0.360605
0.439647
0.073413
0.144825
0.570131
0.135447
0.340958
0.351455
0.371829
0.192374
0.111117
0.222654
0.210766
0.128651
0.704217
0.191205
2.015889
0.087007
6.281394
0.080487
0.112146
0.028109
0.245014
0.265071
0.113605
0.153106
1.830125
3.882999
1.499289
0.222472
0.123388
4.585495
0.104683
0.729976
0.159703
0.242208
0.563093
0.209599
0.032761
0.247645
3.880432
0.133493
1.058803
3.863437
0.407794
0.185201
1.313946
0.338438
0.245838
0.083910
1.286720
43.100389
0.396191
0.260371
1.561254
0.263654
0.269501
1.244027
1.290617
0.817235
1.223714
2.887229
1.760912
4.702279
0.200750
0.269618
0.528998
0.879921
0.382253
0.516400
0.383885
0.641936
3.353829
1.706848
2.583821
2.589198
0.170943
1.256038
24.497531
0.537212
0.552528
0.138490
0.339160
0.676448
0.458184
0.146472
0.046998
3.119735
3.124556
14.407282
0.385783
1.617891
0.354132
1.780291
0.230417
0.241501
5.178648
3.805745
0.586813
1.943882
0.257475
4.636831
3.524247
0.166445
0.109083
4.503556
0.093315
0.666641
0.204193
0.371993
0.202926
0.091677
0.081976
2.244619
0.219473
7.729287
2.839547
0.467584
0.523551
0.780368
0.138879
0.810522
1.489138
1.909404
0.132176
3.444093
1.697823
5.009153
0.513240
0.338866
6.057140
0.096921
2.930306
10.512096
2.797355
0.826707
0.582988
41.658266
4.911468
1.191887
1.073670
3.540086
0.116385
0.171681
0.530897
0.385395
13.146350
0.645658
0.103417
0.533662
0.120719
0.800735
0.146640
1.086418
0.108831
2.149126
0.198808
0.153564
2.019774
0.161236
1.769732
0.509663
0.365054
0.072597
1.299327
0.097546
0.302052
2.552635
0.201879
0.690296
5.340693
1.163091
0.795469
0.114378
0.210355
0.389494
101.645153
2.612881
3.059602
0.390093
1.198132
1.872146
4.960622
2.517030
0.139928
0.137975
0.561152
1.763781
0.077614
0.136309
13.401086
1.198251
3.885956
0.257837
0.435532
0.106746
2.349493
0.708375
0.080651
0.126013
0.497025
0.582842
10.761145
1.179342
0.307313
0.290711
0.067460
0.598363
0.098918
0.736480
3.727020
2.641102
1.851292
0.115065
0.174704
0.164320
0.058901
0.393008
1.745002
7.972286
1.295703
0.170013
0.419817
0.114246
1.271346
1.375766
0.047105
1.204354
1.283980
8.681100
0.760150
0.136471
0.363354
0.545094
2.456674
4.590611
0.198204
0.869898
5.211373
0.187157
0.267484
4.766278
3.724672
1.577380
0.082909
1.329862
2.990637
0.074735
0.140377
0.085392
1.102669
0.738728
0.107763
83.146486
0.270820
0.411740
3.521981
0.129792
0.310124
0.877815
0.151973
0.866540
3.860614
2.738743
1.323997
0.142270
0.310744
3.845628
0.297949
0.265829
0.330646
0.506340
0.270351
0.383116
0.826688
4.491952
0.533272
0.261945
1.223659
2.586239
0.662037
0.337554
0.092188
0.278313
40.224415
0.684617
0.074797
0.865830
0.229756
0.269109
0.088410
0.290978
0.083427
0.196807
3.658729
3.416238
0.132958
0.038761
0.124472
8.271678
0.189888
0.560434
0.167949
0.165319
0.451057
0.182313
0.268042
1.167600
5.373956
0.922138
0.652351
0.267272
0.464356
1.713964
0.163548
109.735442
2.455569
0.390069
0.090929
1.651395
0.310147
0.622085
0.179915
0.258841
3.669828
0.101092
1.179647
0.442059
1.281984
112.425950
0.590679
14.543894
16.205519
0.145833
0.055511
0.065063
0.964598
0.255599
0.062529
0.084518
0.138710
0.084955
1.126038
62.955247
0.730353
0.081761
0.398131
0.266485
0.186387
0.073974
0.202064
0.131350
3.094659
111.125199
0.407186
6.013616
0.093131
0.112781
4.591954
1.922168
8.242681
0.706136
3.783676
4.762511
7.960203
1.625778
0.588955
0.399058
0.987760
1.906465
0.277787
1.139628
0.349639
75.588160
4.483403
0.510012
3.955153
0.232732
0.293907
0.517004
3.922801
1.065431
0.193583
0.095870
106.078736
0.356785
5.165513
0.427530
0.077277
2.841829
0.965885
10.946220
2.518869
5.505726
0.141035
0.104157
9.090765
0.507485
0.458390
0.553027
1.693412
1.118626
8.741638
0.113851
0.244480
0.063800
0.344451
0.514877
0.097979
0.393370
0.851462
0.143881
2.296673
0.171929
0.071189
0.433886
0.311225
2.375190
0.181913
1.051458
1.013823
0.355380
2.167892
0.257019
0.101926
0.160067
0.261652
318.213017
0.202103
2.022878
3.113265
0.145691
0.195166
0.562071
1.150318
0.321782
0.527026
0.084667
3.562732
0.803117
1.484622
2.732305
5.023845
1.231934
5.218673
1.226883
14.399728
0.419946
0.745498
0.091704
0.354751
0.806196
0.101001
0.098993
1.114062
0.538935
0.085305
0.713660
0.946058
1.576675
2.794764
0.318671
0.575962
0.384838
0.944816
0.306236
0.072446
0.152870
0.111551
2.932352
0.391556
1.269578
0.598133
1.852237
1.398547
0.741178
0.226773
0.064989
0.505332
9.345788
0.577628
0.133729
0.769625
0.077046
0.512310
0.165549
3.446983
2.341538
4.839290
0.435188
0.507440
0.167279
0.754111
0.203537
0.200532
0.181141
0.485594
0.170666
0.473289
2.666882
3.927059
0.916396
0.144351
0.428203
0.493661
0.179981
0.193995
1.101080
0.091916
0.557435
0.576958
1.681113
1.616756
0.620770
2.174673
0.117208
0.137503
1.236662
0.151768
0.951455
3.812432
0.175497
2.897269
0.081496
0.194309
1.937977
0.961448
0.228455
1.195416
0.118394
3.314212
0.358248
0.105874
0.090313
0.179504
1.150815
0.083258
117.768710
5.352043
0.449381
0.110040
0.169981
0.308043
0.326174
3.391867
0.814911
0.309865
5.829264
0.938588
0.463556
1.724026
1.213758
0.320825
0.068034
0.656010
2.218880
1.297265
0.305186
1.579607
0.284831
0.254742
0.699757
0.088065
2.139065
0.464580
1.216275
1.610210
3.160255
10.875033
0.225989
9.331649
0.583495
0.447194
0.812389
0.082394
0.433844
0.350350
1.552897
3.821749
0.117056
0.394720
0.203861
2.548696
0.219818
0.312316
3.540516
0.867855
0.781051
1.224232
0.559572
2.075615
0.327047
0.068895
1.040824
0.079757
1.362414
2.336543
0.079600
0.354199
0.618033
0.606827
0.349454
105.266196
1.381860
0.825576
0.504757
6.569250
2.577543
0.107131
0.094075
57.614885
0.249004
6.217819
0.174077
15.671462
0.259897
0.407113
0.082819
0.753603
0.113063
0.473386
4.816716
0.074807
0.181206
1.043851
4.937889
0.700238
0.196669
0.941418
0.197077
0.118969
0.651829
0.140982
0.101046
1.255551
1.087938
0.049042
0.251993
0.225657
0.540695
0.476204
3.268455
0.110971
4.239675
0.128291
0.954386
0.752748
2.306593
0.376261
1.697864
0.594632
1.100215
12.823517
1.783067
5.400085
1.224620
0.395087
0.101925
44.388523
0.091672
0.861081
1.340673
1.497522
0.319811
2.446961
1.125291
0.551562
0.055601
0.938728
0.827119
0.253188
1.650639
0.909722
0.446238
1.574162
1.093220
3.125641
5.313884
0.974719
0.651231
9.245464
0.474929
1.153638
2.229256
0.112980
0.363824
0.207764
0.326623
0.393647
0.125868
1.686553
0.932086
0.587400
0.151514
0.391392
0.070666
0.279167
1.226090
2.997816
0.120812
0.125691
1.819849
0.393055
0.316805
0.970495
1.980091
0.224372
0.287252
0.179186
0.777161
0.380116
0.297429
0.378851
4.921834
1.006774
4.892640
13.141120
0.130009
0.295042
0.120759
7.204473
0.278465
1.722043
0.292507
0.936661
0.660945
2.909459
0.621211
0.139609
1.334344
0.703154
0.429042
0.172372
0.220184
4.178448
0.341045
0.402685
1.000508
0.073393
0.127495
1.252577
1.814143
0.433172
0.078250
0.203362
0.045470
0.201322
0.069660
1.982825
0.079621
0.222800
0.861307
0.415743
0.145863
2.236326
0.398348
0.379196
1.329420
0.242718
0.516446
0.167939
0.175728
0.099788
0.266969
0.993379
2.866551
1.242174
2.498770
2.888630
0.105943
0.408928
0.255150
0.176773
0.249849
7.816312
0.560535
0.474621
0.263483
0.100897
2.706297
4.832194
0.606697
1.217051
0.094749
0.882268
0.329283
0.114353
0.161154
0.585075
0.544199
0.116136
0.551318
0.425114
0.349506
3.858032
0.295136
0.042142
0.390610
1.031021
0.109474
53.725082
0.286108
0.459853
0.165748
0.591787
4.941246
1.180578
3.633501
0.418907
0.350478
0.037653
1.077104
0.068822
0.344118
0.236083
0.782434
1.542846
0.252888
3.238923
1.143199
0.408839
0.632545
0.119466
0.078035
0.346210
0.331833
0.161662
98.150751
0.928877
0.182393
0.311451
3.191414
0.423786
1.548244
3.634861
0.151237
0.533919
1.723644
0.243220
0.330377
12.082292
0.171335
0.117815
0.313794
0.513805
0.054779
0.429778
1.350204
12.750724
0.290316
1.163022
0.246126
0.520973
0.123904
4.093495
0.120070
0.300763
0.117661
0.083221
0.422996
3.408553
0.172220
0.249374
0.495971
0.045118
2.850585
0.734006
0.262289
0.955313
0.353228
0.108369
0.151164
0.136249
0.397103
0.140381
0.943630
0.570602
2.871304
4.546877
0.228043
0.136550
4.917160
0.375375
2.491061
1.757770
2.444492
0.104577
0.198553
0.578490
1.620173
41.690356
0.339741
0.199345
0.231618
0.101180
0.469776
4.141884
1.028072
1.942631
1.956660
0.341062
0.392179
0.333774
0.386317
1.618422
0.300390
1.833004
0.476698
0.116035
6.970218
0.389018
0.048469
0.026430
0.176169
0.353997
1.767534
1.357588
0.642232
3.979695
1.081470
0.526458
0.105859
0.073748
0.063881
5.601450
0.290410
0.337775
1.209389
0.206957
0.695286
0.138401
0.125802
1.593960
0.217198
0.522872
0.816050
0.552584
0.676056
0.217600
1.634676
0.847167
3.295847
0.365322
0.162396
0.088362
0.177878
1.201173
0.776118
0.398907
0.136532
0.065641
0.068078
0.203773
9.131964
0.356068
0.069087
1.597004
1.232611
0.086359
0.636092
0.094825
0.429482
4.592868
0.305543
0.452903
1.713683
0.328261
4.556903
34.110892
0.941306
0.213325
0.237389
0.108606
0.486961
1.604013
0.930489
4.882550
0.381630
1.074279
3.740351
10.266854
2.364442
0.372796
0.124169
0.224102
0.899052
0.920057
0.066239
0.443468
1.021187
0.123717
0.192359
0.088221
0.939555
1.184756
0.123496
0.065279
0.506150
0.531283
0.497987
97.064089
1.085483
0.930211
0.634434
1.767305
0.119732
3.457654
0.829183
0.119552
0.153927
9.469502
0.122162
0.898521
1.035064
0.139031
1.937727
0.396052
1.573956
0.576514
4.562363
0.195109
0.103520
0.095431
2.507117
0.153342
0.388260
0.916229
1.461538
0.239793
0.163421
0.085940
0.242177
0.081583
0.249866
1.142596
0.232381
0.689220
3.867014
0.596208
0.078860
0.092946
0.229805
0.070758
0.217646
0.173864
0.260216
0.111016
0.076900
1.212548
1.251676
0.121651
3.270662
0.106550
0.357991
1.525431
0.699539
0.557388
6.388214
0.537964
1.588417
6.751737
0.874035
0.075682
98.461818
0.613945
1.901863
1.264057
0.068742
0.135900
0.148656
0.072758
0.273370
0.349846
0.126559
0.199677
1.158479
0.419696
1.730192
0.185394
8.452556
0.071604
0.319308
0.592088
0.187738
0.061906
0.160490
0.209224
4.342148
0.197252
0.158518
0.298576
2.859721
0.895728
3.810908
0.444184
0.210509
0.370842
1.129743
0.498124
0.085470
0.509480
2.498120
0.671364
3.269674
0.263202
1.056611
0.503697
0.394980
2.218452
0.166816
1.553306
0.352437
1.127639
1.079332
0.456992
2.265589
2.641370
1.629974
0.417006
0.193833
1.062280
1.377616
0.117374
0.276022
0.190872
2.617157
291.592156
0.105944
1.534609
1.850514
1.874712
3.410391
1.936898
0.122827
0.124925
0.192460
0.423974
0.148388
0.359772
0.454426
0.586345
1.056062
0.663561
2.922681
0.232618
0.412518
5.617885
0.243352
0.276132
0.375351
7.451609
1.320248
0.326474
0.607431
0.090048
2.648131
0.118692
1.946962
4.809360
0.123879
0.112591
0.472756
4.557138
0.594758
0.192162
0.215484
1.181968
0.347774
0.095929
1.236839
0.361577
0.225953
0.125493
0.174905
0.248608
3.815770
0.299810
1.254715
0.187300
2.119889
0.136926
0.338974
0.076358
2.562669
2.973804
1.438507
0.837110
3.799009
0.366548
0.300521
0.532025
0.928199
0.148337
0.122056
0.238870
0.567756
0.370725
0.355211
0.140758
0.484131
1.888578
0.667491
0.242862
0.265964
0.416238
0.750160
1.242361
0.085345
0.083133
0.549921
3.846297
1.666517
1.076038
12.182754
1.319660
0.179950
0.355718
0.172073
1.266001
0.777525
0.334829
0.443450
0.169637
0.467152
2.626581
3.876314
0.077819
0.088342
2.250258
0.134001
1.156621
0.450352
0.528771
1.064879
0.240400
0.108315
0.538361
0.209850
0.237220
8.231863
0.975382
0.210283
0.209256
0.140019
0.512436
0.072766
1.176969
0.502030
0.156913
0.192704
0.234636
0.093629
0.973556
5.781819
12.587513
0.347917
1.216666
4.479480
0.113056
3.798323
0.077722
1.575251
1.979572
3.125210
0.210299
1.055803
0.395575
0.792065
0.100481
1.688420
4.059157
0.372605
0.945190
36.819095
0.806706
0.890237
18.054367
0.204914
1.270847
3.812901
0.175502
1.272103
2.486896
0.112666
1.098396
3.549946
1.807467
0.250333
2.344714
0.521012
0.420482
4.607361
1.059358
0.178969
0.486979
0.443781
3.494885
4.894015
0.170058
0.058287
0.373280
0.796353
2.741943
0.138722
0.137312
0.195330
47.691954
0.076365
6.648281
5.084428
1.190176
0.567881
1.124996
1.125756
1.130698
0.094473
0.059121
3.365779
1.290096
2.779815
0.255034
0.182596
0.959725
0.390313
0.149781
6.860752
0.570140
0.634028
4.563081
47.084723
0.292345
0.110641
2.852799
1.604514
0.316128
0.293855
24.095532
0.200229
0.680744
0.997285
0.820780
0.230721
13.247245
0.698145
3.655949
10.560016
2.301009
0.051703
11.176726
3.017586
1.495980
13.645782
0.512043
1.985853
0.721891
0.129352
0.659310
7.157022
1.392251
0.200417
0.117209
0.227821
0.084825
0.070478
0.610802
0.117074
0.274426
0.566672
0.483469
0.188826
1.241574
1.149632
0.397632
0.931826
2.216819
0.305966
66.431998
117.244715
0.172647
0.936625
1.136274
1.444971
0.344336
2.082237
3.128137
0.388940
0.241090
0.176008
1.080295
0.078963
4.315718
1.746480
0.227085
0.765973
0.278728
0.439223
1.533759
0.139050
4.808228
0.277186
2.677956
16.088828
0.140616
0.568150
2.005749
0.208513
76.248562
0.307097
0.915443
0.825743
0.184249
0.382578
0.151090
3.159342
1.146167
0.119486
0.417217
0.100424
0.420986
0.090128
3.707959
0.296947
0.064216
0.061174
0.076341
0.249584
0.693692
0.783523
1.271432
0.212627
0.375810
1.486569
0.885392
0.080714
0.999460
0.304670
0.923151
2.403857
0.138295
0.429198
3.671949
33.930307
0.137000
1.138926
0.308485
0.615289
1.145772
1.386433
0.464719
0.298344
0.283612
40.308441
0.240466
4.052583
0.206205
1.114401
1.662703
0.097536
1.304389
0.195323
0.934839
0.234733
0.707525
0.091006
0.110038
0.413295
6.751322
0.639584
0.291904
0.546341
0.227339
0.985801
2.874587
0.702050
0.968485
1.088396
5.008145
0.200656
1.550650
0.433984
0.417127
0.200477
1.146865
0.316565
1.745494
1.619510
71.056763
7.699927
0.098060
83.785702
0.474691
0.108486
0.296083
0.562210
0.217825
0.072403
0.062042
0.274303
0.419202
1.228288
0.546301
0.087502
0.330983
5.205721
0.330238
5.235222
0.846842
0.951697
1.211597
0.224604
0.089234
0.100966
4.022706
0.127441
1.041859
1.285841
0.341005
0.583973
1.552723
2.878753
2.751447
0.339309
0.124056
0.228839
0.207814
16.344761
0.183428
0.828436
1.278941
0.138460
2.887664
0.094092
0.909448
55.566239
0.150756
1.902123
0.116249
0.336741
1.449018
0.165727
1.259172
1.434582
0.186728
1.027326
5.941669
1.671053
0.291573
3.653712
0.076620
0.148478
0.279209
0.063296
0.237798
2.229486
1.841667
0.997180
0.068566
0.560562
0.112752
0.519227
0.547759
6.652307
0.201428
0.151435
0.354012
0.429672
0.691959
0.507682
0.126699
0.257304
0.187386
0.940552
1.418908
1.120198
0.623214
2.539141
0.366963
1.597140
0.262932
0.057714
0.330043
0.102997
0.191911
1.590440
0.047275
0.138527
0.502696
0.568650
4.495066
2.905195
0.144501
0.691778
0.279709
0.096044
6.142784
4.533329
0.374794
0.481512
0.123842
1.238805
0.508705
31.929665
5.006776
1.327512
0.508506
2.325193
2.114233
0.114998
1.125699
47.331993
0.916092
0.078967
0.227025
0.499631
0.308585
0.168244
0.079084
1.396020
0.198505
0.211177
3.541987
0.194948
0.229281
0.377973
1.259607
1.925849
0.495589
0.363716
0.611166
0.513748
1.238826
4.525129
0.293733
0.262731
0.156910
3.804354
0.241128
2.174601
1.058969
0.164467
0.343959
0.287582
0.815467
2.590944
0.109985
1.281141
1.689159
5.817849
0.162667
0.470700
1.538580
0.313066
5.515971
0.162166
0.396931
2.659765
1.131492
0.190649
0.308148
0.393992
0.746290
3.938302
0.548449
0.157252
4.480341
0.278390
0.296378
0.100565
0.059964
0.250177
0.156605
0.261633
20.332867
0.186833
0.380084
0.229577
0.379315
0.502525
0.376210
0.261662
0.527731
0.580920
1.646963
1.675915
0.319705
0.133353
0.516269
0.128362
4.770257
0.331317
0.430755
0.486471
0.457063
2.260299
0.237671
2.293752
4.591616
15.561651
0.326298
0.092503
2.748718
0.757491
0.550515
1.601798
0.600957
0.200809
0.100233
0.211453
0.288303
0.064769
0.063574
0.398685
3.034356
0.536001
0.177070
3.320891
0.783435
0.235458
0.374547
1.001212
0.237750
1.588975
2.590184
0.173636
0.442862
0.072876
0.183165
0.129787
0.289743
0.653255
0.222928
0.099352
0.621797
0.634503
0.070200
70.889800
0.165124
1.741670
0.209468
0.393090
4.885752
0.753560
0.466224
0.396853
0.314080
0.280394
0.378811
15.341982
0.298621
0.403585
0.883557
1.816623
0.132176
0.247424
2.972876
0.470133
0.181143
0.480189
2.302729
0.244973
5.170599
6.196773
1.049969
0.247972
0.131215
1.035604
0.516242
0.275796
0.099915
2.358667
1.069739
0.072345
0.103461
0.436493
4.211671
0.321315
0.339735
0.542667
0.051625
2.650733
1.655454
0.244594
0.119770
0.102249
0.318689
0.415750
3.443130
15.252420
0.852238
0.071127
0.714736
4.654285
124.195588
1.718506
0.176993
1.312674
0.429012
1.069513
0.112749
0.573318
2.433027
0.155693
125.553290
1.893665
0.300043
0.210818
1.571375
1.297510
1.486952
0.284705
0.845413
3.311284
1.178448
0.206734
1.592547
0.139762
0.563465
0.076009
0.372760
1.673744
2.068330
1.618581
0.347939
0.622881
1.938771
0.554430
2.473820
0.267834
1.371620
0.150779
0.310178
0.171837
1.633376
1.071392
0.106078
0.325573
4.363880
0.160549
0.959960
2.350040
0.204833
1.625778
5.191733
2.885785
1.073540
1.424323
0.324734
0.401064
0.955651
1.516992
1.363353
2.009544
2.834252
0.329023
0.207587
0.162499
0.237560
0.198322
0.036229
10.355340
0.500334
0.894927
0.346860
0.165918
2.432669
0.316958
0.661576
0.567324
0.264961
5.652597
0.249012
1.821183
2.457117
0.448588
9.396527
0.111181
0.489968
0.375378
1.135304
0.537573
0.105912
0.158345
1.636572
0.071009
1.692886
0.148028
0.576364
0.107124
0.256518
1.014573
0.517228
0.241808
0.446538
1.239293
64.390937
0.135889
0.421467
0.259783
0.933405
2.545427
0.072139
0.108008
0.282531
0.322601
3.741180
4.586892
0.836198
0.389514
0.253230
0.110970
0.662775
0.621395
0.119519
0.070859
0.503485
0.761192
0.105938
3.803172
0.160248
2.391949
2.559765
0.397538
0.381695
0.393662
1.164344
2.684562
0.135693
0.950657
4.771611
6.395978
0.431795
0.254678
0.117954
2.271277
1.374289
0.704268
0.201952
0.553646
27.997517
0.246337
1.224203
5.562810
5.669274
1.094741
1.488335
0.074274
0.865381
2.013193
0.109070
0.259182
1.058407
0.076166
0.358578
1.217153
0.645775
0.117719
0.296125
0.676859
0.367356
105.501276
0.656906
0.995514
0.594659
0.701670
0.604668
0.263903
0.136268
3.653511
0.083048
1.238619
1.063776
0.359963
0.713899
0.899296
0.467907
0.770584
0.655040
0.263981
0.351505
0.657291
0.549778
0.186499
113.584464
5.442408
0.647894
0.387559
0.450161
0.288747
0.101694
1.227350
0.262643
0.668681
9.012729
0.172477
9.691619
1.225803
1.136362
2.386938
0.396984
2.862097
0.204970
1.132124
1.199617
1.068307
3.112775
2.691734
0.129859
1.303817
0.378183
0.333620
14.253952
0.241702
0.907121
0.148976
2.579488
1.322896
1.606091
0.179252
4.898147
0.321584
0.263727
0.091406
0.251241
0.414462
0.238931
0.869770
41.583054
0.173838
0.730339
0.822840
0.930804
0.277409
0.324051
0.157250
1.026606
0.623908
0.174098
2.528528
0.242795
1.463770
0.113615
0.314364
0.113408
0.085747
0.130154
120.990220
2.571921
0.334757
0.303780
0.218834
4.766983
0.196070
30.409937
65.396099
0.405499
0.400149
3.755020
6.338024
1.136758
0.742860
0.850973
0.448993
2.931700
0.985778
0.094035
0.072724
8.326677
0.241139
0.656025
0.118037
0.195869
0.180164
0.435773
0.085069
1.250532
0.713009
0.338001
6.136898
0.193508
0.215628
4.350555
0.415124
1.553924
0.420428
0.390086
0.182064
0.094176
0.101479
0.409586
1.452588
1.161330
0.337670
0.984071
0.109409
0.137805
0.388823
0.347840
5.473237
0.171923
1.723536
0.356661
1.258046
1.868905
1.092923
0.110258
15.704758
0.308514
2.964606
0.855913
63.467857
1.088886
0.444680
0.437128
0.112742
4.328643
0.418980
77.383981
2.922806
0.925266
0.080413
0.613379
0.386706
0.582553
0.869017
0.360175
0.146897
5.805680
0.208769
0.289890
2.814737
0.111309
0.616276
0.055887
1.075643
0.802017
0.582467
0.363401
1.588045
0.502359
0.187073
0.257123
0.806438
0.150670
0.554981
0.171191
1.297017
0.811067
0.346064
1.537978
2.716721
0.134003
0.378933
2.858806
0.299593
0.179678
0.827118
0.921639
0.269615
0.191149
0.907115
1.084894
2.618227
0.488859
0.115115
3.513340
0.300579
1.599461
1.229478
3.778998
2.890159
0.170481
0.126698
0.242594
3.151659
1.522818
0.322944
0.129780
0.423939
3.773624
1.763134
0.704051
0.835351
0.163188
0.383375
2.617766
0.118461
0.556721
0.174095
0.503348
0.296075
3.088123
97.166006
2.079900
6.484339
0.246520
1.146789
5.835926
0.189015
0.375986
112.438318
0.370331
1.502036
0.065609
0.222059
0.347420
0.240376
0.076715
89.282608
0.208378
0.368295
0.117593
0.263286
0.780057
0.171799
2.801210
0.153871
0.912928
0.384793
0.343968
5.719707
0.501913
5.571404
1.464912
0.407562
0.556162
1.819031
2.930868
0.120885
0.273014
1.426925
0.914538
0.847971
1.012090
0.320641
0.698371
0.251090
0.917031
1.467483
2.595523
0.105498
72.150965
3.941167
0.069401
0.048754
0.247978
0.211451
0.197823
0.458872
0.444467
0.182743
1.031831
0.123434
0.079970
0.508864
0.134343
0.305395
0.174713
0.046548
0.222647
0.259581
0.176043
0.066755
0.191590
0.376837
0.085942
0.663698
0.416270
0.089620
0.485428
1.153455
0.827953
6.175900
0.370167
0.246556
4.326131
0.421183
0.801452
2.297217
8.280007
0.483600
0.445300
0.116439
2.277958
0.890123
0.364520
1.411985
0.429779
0.534450
0.106461
0.130432
0.102862
0.121479
5.337960
0.132903
0.387900
0.400002
1.422615
0.207074
0.381657
0.213923
0.103890
0.359075
0.105260
0.848685
1.072508
0.283087
2.982219
1.235608
0.807989
0.071177
1.093087
0.131327
5.101582
2.504519
0.261873
0.194895
0.863930
1.843369
0.359958
10.036577
0.141249
1.148990
0.383505
0.203963
1.149484
0.810076
0.194775
0.171588
0.229581
0.115379
0.330128
0.972263
0.662716
3.446689
0.451877
0.137431
0.097639
0.931885
1.110300
0.655154
0.251057
0.176753
4.014447
0.424831
0.353940
2.758735
46.165506
0.328030
3.833354
0.596253
1.687198
1.244531
14.606140
0.561774
1.513686
0.094483
3.366703
0.147760
0.189170
0.088269
0.079184
2.918625
1.178024
0.820391
0.599061
5.991424
0.171655
0.346392
0.786331
1.626243
0.171372
29.928978
0.329750
0.633149
0.281070
0.079524
0.059599
0.053167
0.137486
0.236905
0.330435
0.121435
0.401278
0.990977
47.716270
0.190740
6.927699
5.311182
0.136843
0.240490
50.944582
0.859954
0.213883
0.666470
0.082307
1.364988
0.092658
0.702820
0.283023
5.972492
0.582693
3.173240
3.835008
0.526133
1.575849
3.451133
0.109375
0.341689
0.435858
0.501842
0.153257
0.386895
0.154326
0.695011
0.069187
0.200716
2.555054
0.153273
0.198996
0.231943
1.001832
0.085804
2.300579
0.100029
0.611680
0.096316
0.273973
0.332688
0.528689
0.332328
2.796146
0.174153
3.440975
17.196311
0.385942
7.818228
3.853286
5.142354
0.661000
0.043660
0.516109
25.202634
0.916353
0.135469
0.280448
0.803905
0.542854
0.566980
0.096416
8.708031
0.314653
1.153680
0.445126
17.737400
1.399814
0.961212
0.193485
0.197322
1.084538
0.919953
0.335398
0.319705
1.160660
0.108845
0.733759
75.810175
1.381663
0.180477
0.522955
3.022297
0.094030
0.176223
1.051952
2.394206
1.663830
0.124314
26.286680
5.770167
5.764066
1.719748
0.144288
1.501645
0.044793
1.651005
0.347445
0.226104
10.514983
0.350856
0.100175
1.880527
0.084720
2.303578
3.374543
0.249279
4.756596
1.335901
0.608197
13.939084
0.169010
0.068193
2.888903
2.155523
4.126505
1.016031
4.875548
18.872063
0.092935
1.656582
0.592438
0.192976
0.220040
0.540513
3.696754
0.971246
0.059386
4.731537
0.901385
0.282853
0.705616
0.225908
0.661838
1.125831
0.752722
0.667887
4.501230
0.137887
0.070379
0.711950
10.370637
13.189014
0.164870
0.616797
0.423476
1.075863
1.592490
3.474706
0.182208
7.599440
1.443460
0.107576
0.941348
0.571094
0.246203
0.670741
10.300906
77.747841
0.357156
3.927349
0.836465
75.969135
0.328573
3.865115
0.239015
0.257951
3.427669
0.343761
0.844095
0.393905
0.051467
2.736658
0.082746
0.115606
0.138991
1.708741
0.925297
0.233822
1.461912
0.110002
0.177899
0.281103
1.269971
0.519414
0.791056
0.211785
1.196351
2.947034
0.919043
0.847461
0.518489
0.184239
35.431791
0.653104
0.145436
1.118703
0.477609
1.381559
1.199041
0.486809
3.230469
5.333097
0.331773
0.096009
0.151173
1.061376
0.138986
0.125150
1.061584
0.127355
1.602055
0.296760
0.306845
2.970138
0.234310
0.341338
0.131890
0.077135
8.335988
0.175731
8.852706
2.876290
2.452657
0.534359
1.025103
1.384093
0.390750
0.773962
0.430191
0.715591
0.174935
76.313936
1.369693
0.125886
0.232997
1.219189
0.517984
0.371237
0.232134
1.659842
0.310648
0.752027
0.705084
0.154145
0.044690
0.581188
3.207833
1.940665
11.492279
1.307344
0.155488
309.929713
28.868749
5.194888
0.149456
0.109682
0.145316
0.256770
0.059995
4.616823
3.468378
0.581462
0.534203
0.089233
1.251486
1.100182
0.490870
0.125846
0.142399
3.989757
0.240793
2.545871
0.212696
0.104426
0.070437
0.244767
9.606610
0.181213
0.176502
3.681630
0.173790
1.182487
0.531576
119.166185
0.840779
1.092856
0.376705
0.103219
2.923300
0.163509
0.416479
0.087641
0.925342
1.915302
1.520449
0.600288
0.069745
2.090150
1.322473
0.388500
1.510782
0.157502
0.123299
0.810471
0.367843
1.102591
0.299898
0.363573
0.300083
0.102100
0.078424
0.152536
0.194622
3.761689
0.706806
0.206947
0.135110
0.582097
1.616905
0.466031
0.095057
4.763823
0.221852
0.406732
0.722633
1.561503
0.900410
1.644248
2.254860
1.925280
0.324434
1.425266
1.048585
0.722510
1.906185
0.428217
3.256729
0.205180
1.184701
0.042824
0.095113
1.297804
1.214665
0.845777
0.080186
4.365066
0.083560
0.223776
0.297017
0.320932
0.248330
1.588323
0.212713
0.069086
4.611349
0.160400
0.052298
0.425187
0.102132
72.811586
0.606983
0.403652
1.072208
0.218354
0.593036
1.610810
0.228284
0.433479
1.856435
3.353884
0.164136
106.400505
0.383031
0.314587
1.116673
1.358966
1.324446
1.840724
0.161962
0.142412
0.112186
1.433904
0.479655
0.355858
0.146937
0.852839
0.968716
4.795208
0.223293
0.947080
0.459141
1.058622
2.263695
0.228145
1.777685
3.062856
0.173755
1.104944
0.306985
0.124811
0.080545
0.804623
4.122044
0.371495
2.002484
0.327997
1.737357
6.893899
0.409696
1.449153
5.659694
0.135629
1.229573
1.205388
1.657424
0.331644
0.294180
0.525756
0.220723
0.070964
0.128088
0.350431
0.194201
0.427932
0.147564
0.292904
0.596625
0.165880
1.243019
0.295223
0.116839
1.462560
0.360117
0.037094
0.170636
12.412357
0.099483
0.280945
0.524737
0.140215
0.100528
0.088627
0.319570
0.380496
0.553774
8.990316
1.013674
1.035984
0.248569
0.330960
21.770721
1.499894
0.543991
1.308250
1.076805
0.166385
0.092960
3.727797
3.228915
0.570267
1.086745
0.139373
44.996496
0.369392
7.797956
0.150950
0.171689
0.333323
1.541961
1.931581
0.446148
0.104028
0.108851
0.610971
0.086583
0.233590
1.128796
2.296026
0.215877
0.102519
0.109067
0.138558
0.794096
100.729239
1.056040
0.045502
6.466935
0.439560
0.845633
0.440121
0.312870
0.536055
0.307674
0.119078
1.863332
0.133304
0.301581
0.323058
0.082330
75.858716
0.181326
0.565821
1.255513
0.071322
0.250106
0.110516
0.382058
0.436737
0.471366
0.080325
0.083339
0.282766
32.948484
0.137651
1.860729
4.072632
0.282486
1.675202
1.870025
0.279465
0.329644
1.107458
2.918207
0.633461
0.308021
0.074001
5.812204
0.718540
3.817890
1.281309
0.142810
3.844499
0.329981
0.274043
0.791727
0.359015
0.160191
0.278447
0.234076
0.058337
0.173840
1.192237
0.274024
0.211216
0.178806
0.448825
0.375785
0.378793
0.780983
0.540606
4.876840
31.254597
3.483970
68.951596
0.229677
10.560018
0.358696
0.645217
0.850161
0.223492
0.104813
4.516935
3.133650
1.220153
0.084266
2.824756
4.797973
0.090965
0.631850
0.090548
0.099290
0.449046
28.895290
0.325083
0.494963
0.724511
3.945330
0.113379
0.385349
0.342556
1.885900
0.224095
0.327125
0.082934
0.618624
20.353856
0.361953
4.509441
0.232277
0.355556
0.043550
107.263973
0.254442
2.038794
0.951215
0.269667
0.229999
0.772366
18.978813
0.274123
0.152115
0.726570
10.416666
0.196753
1.556603
0.858983
3.627599
3.642396
0.404501
2.524059
0.492389
0.249899
4.513823
0.416829
0.328451
0.216267
27.801289
1.816580
0.484030
0.122416
3.278429
0.172426
1.849123
1.206965
13.356249
0.530552
0.315823
0.112792
4.853791
97.624310
0.242742
1.942058
0.222585
5.983631
2.032341
1.494297
3.101645
3.884573
1.433660
0.916384
3.435930
0.285044
3.016734
4.444479
0.197258
4.653675
0.290015
0.341308
0.375228
0.257180
0.367317
0.262855
0.246627
0.321080
0.318485
4.719480
0.200385
0.619543
0.127221
85.397317
0.217230
0.110221
3.183919
1.492628
3.500340
1.011156
0.325222
0.179878
0.138044
1.072336
0.432320
1.271690
0.188027
0.432249
4.211645
45.763211
0.809990
0.533748
0.049416
0.345006
0.370728
0.292864
0.294386
2.723766
0.189001
4.696213
0.430050
0.262351
0.103770
0.207819
1.756315
0.114600
0.154573
0.203134
0.228933
0.862860
0.123196
0.116913
0.101976
0.468029
0.706747
0.132758
0.103469
0.644688
0.214271
0.065692
2.426541
0.405231
0.095612
0.358128
0.451094
0.070153
0.597646
5.929114
1.609063
0.207990
0.431822
3.190945
0.308156
1.358063
2.250527
0.479607
1.257698
4.580064
4.629495
0.122633
0.234512
5.892581
0.764482
0.126473
0.069185
0.380587
0.086794
0.563845
0.086145
0.312775
0.405014
24.364303
4.047604
1.504089
0.525652
1.352686
0.109252
0.142128
0.806565
0.580345
9.615134
0.527701
0.102485
0.919064
0.579448
1.119121
0.386094
3.414794
0.921127
1.261231
0.053428
0.061890
0.194107
2.756789
7.082020
15.296777
4.262935
0.646049
0.144143
2.053801
1.364803
0.434489
0.417645
0.289798
2.189837
1.156591
0.081721
1.575620
3.196400
0.044673
1.333730
1.893869
0.270967
4.766391
0.385616
102.185852
0.584087
3.548320
2.509879
0.505263
2.653750
0.307314
0.305459
6.681336
0.797341
6.987308
0.159727
0.226976
65.052814
1.174903
0.594265
3.237927
0.227461
4.029027
4.253624
0.175168
0.166885
0.748903
0.370821
0.193813
0.511460
0.762082
0.132574
1.386400
2.884607
0.250069
0.591858
0.681717
1.651106
0.765206
0.667247
0.581792
5.075796
13.043572
3.945862
0.493677
2.319914
0.152938
0.750251
5.276220
0.351979
0.156220
0.282751
1.793272
0.086593
0.833585
0.918598
0.590588
0.838332
1.060042
1.537152
2.809269
0.307636
0.205224
2.023851
0.772791
0.076453
0.444796
6.160513
3.390726
0.589174
1.780194
0.078228
5.578070
0.863645
2.026900
0.176695
0.604154
0.235954
0.062236
2.350653
0.424731
0.999148
7.321696
1.081746
0.154200
0.205759
4.048963
2.624848
19.846343
0.115271
1.222863
0.478189
0.233952
0.139178
0.706497
0.181432
126.952474
0.183051
0.556207
0.273798
0.287670
6.358831
0.950355
0.131054
0.071375
0.484440
0.328374
1.598476
0.428984
0.096265
0.139323
0.088277
0.880803
4.540737
1.651182
1.272383
2.139659
6.011738
0.705945
0.314505
0.079190
0.236220
0.353412
0.281689
2.359289
1.240068
3.338467
1.561290
1.797922
21.242364
2.061015
1.160309
0.099880
0.377489
0.054564
0.175067
0.405515
0.144020
0.230954
0.439113
0.281053
0.403867
0.215455
0.181946
0.077758
0.282647
18.343871
1.863838
0.176870
1.126997
0.695967
0.522977
0.217963
4.322910
1.501040
0.430745
4.343105
0.406702
4.938813
0.212995
2.507695
0.421067
0.508782
1.070090
2.386586
0.706717
0.172228
0.399261
0.416340
2.458150
0.090656
2.026368
1.645685
40.528533
0.651538
2.437478
0.208010
6.893334
2.347390
0.224648
1.055721
1.528195
0.189931
0.217426
1.938187
0.560240
0.416824
0.152258
0.784068
0.113915
0.175853
0.117615
0.317550
0.989838
0.059162
0.322157
0.111179
0.076691
0.261031
3.816655
3.628300
1.501003
0.715128
1.153833
1.366974
2.703156
0.445379
0.894104
0.296253
0.385434
3.065061
0.834237
0.477775
0.061908
1.608883
5.969000
0.392602
0.266896
0.873814
0.318954
0.892611
0.109327
0.341851
0.553051
13.459405
0.703619
0.135594
0.541869
0.065657
0.399680
2.879780
0.056446
0.156980
0.231245
0.852439
0.958869
0.077743
1.048428
1.426398
1.734731
76.484850
1.087278
0.387389
0.854318
4.058848
0.207039
0.713193
0.699053
0.107551
0.241553
0.919530
0.114952
0.032064
0.139036
31.127809
13.984489
0.345746
0.187045
0.236480
0.117254
0.127408
2.672854
0.112128
0.170356
0.262094
3.773946
1.755862
0.311693
0.161210
0.092427
0.227458
0.783653
0.220585
0.157323
0.211554
40.284142
3.033803
0.283842
0.285086
7.538574
0.329649
0.430907
2.862163
75.367830
0.526762
0.242691
0.241502
19.205851
0.108492
1.068461
0.743691
3.991639
7.150100
0.399085
0.450535
0.468544
1.167637
0.070233
0.178894
9.737028
0.737120
1.076955
0.210428
0.381817
0.544085
0.554207
0.381958
5.777872
1.732429
0.116399
0.045001
0.058320
2.969847
0.133816
40.884070
3.065801
0.068956
0.122679
0.057660
0.205268
0.170136
0.391949
3.144710
0.376154
1.622289
0.696918
0.532970
1.628064
3.051010
0.099573
2.876871
0.500544
5.424990
4.756042
4.183048
0.096296
0.595400
1.235004
0.149157
7.740556
0.631331
0.816506
0.839562
0.045443
0.102933
0.073308
0.145077
0.380695
0.182555
0.515781
1.531788
0.971478
0.327996
0.192341
1.114541
0.607246
0.119397
0.800463
5.219542
21.813645
1.298033
0.910532
0.580562
0.290670
0.529349
0.272641
1.254358
0.282621
0.175142
0.182691
0.188047
0.066085
0.136976
2.323478
0.849176
2.537704
0.256078
0.303350
3.254344
0.075758
0.139993
0.414335
0.098516
0.501909
12.793337
0.083182
1.045598
5.616163
0.543013
0.065770
3.528835
0.668579
0.086186
0.319559
2.883354
0.656366
0.262753
2.871117
11.940582
0.130417
0.998884
0.580160
0.762345
0.408223
4.396299
1.242793
0.573330
5.386511
4.724813
0.449942
0.503387
0.789913
0.526517
0.099444
0.129517
0.977024
0.986594
0.926733
0.091481
3.918406
5.660043
0.416028
0.192856
0.045800
2.783386
0.169967
0.202007
1.335736
0.095897
0.177208
0.931411
0.502194
30.239324
0.505251
1.295106
1.239043
0.265307
0.227350
0.343815
0.377235
0.212051
0.174877
0.148826
3.677207
0.373331
0.261152
0.639952
0.708805
0.269021
0.695020
3.157543
2.719335
0.989557
0.159320
0.517906
1.026026
0.144235
0.276232
1.113765
0.282616
0.212032
0.816653
0.092765
0.788046
0.206878
0.859762
0.211915
0.325509
0.739362
0.166951
2.580622
0.375958
2.284762
0.953096
2.664568
1.688852
0.253979
0.398228
0.162522
3.410617
0.399284
1.197298
1.489390
104.153576
0.148471
0.324188
0.250765
0.520500
1.315925
1.232370
0.326036
0.281070
3.077029
0.321314
0.510627
2.461275
1.943955
0.259296
0.910903
0.198913
0.342293
0.298177
1.072880
2.922937
1.377934
0.074632
0.933165
0.429334
1.073380
0.236214
0.304812
0.112613
1.659903
1.340166
0.378896
45.420026
0.432784
0.065212
0.561149
1.267338
4.265919
0.104706
0.132616
0.115749
5.920770
0.176592
1.642336
0.524283
1.191554
10.772691
0.093785
0.189819
1.577296
0.240700
0.810906
0.197349
1.562209
0.748895
0.417809
6.143023
1.950042
1.157468
0.332176
0.322138
1.263785
0.100273
0.320296
0.317712
0.148001
1.223082
1.870960
1.617103
0.097386
0.238931
0.693605
0.426978
1.705434
13.907292
0.427810
0.110970
0.258517
0.210814
0.391679
1.502534
3.008710
1.283611
1.147306
0.893122
0.412208
7.798087
1.615313
1.115612
1.677944
0.270551
0.092078
0.219663
1.239722
0.434191
2.655057
0.094201
3.048361
0.071551
0.238111
0.476569
0.326259
1.025656
0.317863
0.806236
0.197197
0.277908
0.301327
3.707617
0.159230
0.988347
0.446925
0.163989
0.181940
0.479204
0.240015
3.317731
0.282793
0.294183
3.717593
0.256007
1.720187
0.064912
1.528139
0.170747
0.114044
0.777146
0.133840
0.362345
4.151357
1.611115
0.381021
2.667823
3.858891
1.008200
0.360244
0.205439
0.951940
3.204799
1.021367
0.461850
0.167250
2.242448
1.689397
0.823620
2.895065
2.298264
0.893294
3.458909
0.640595
0.088064
3.155828
0.259641
0.299182
0.900436
2.290409
0.825322
1.055140
0.284831
0.690232
2.697093
1.155313
0.107576
0.095845
0.072825
31.226313
0.410135
1.059345
6.162998
0.332820
0.371152
3.146675
1.330399
0.531524
1.459039
0.911578
0.254391
0.190315
6.163129
0.370263
0.088906
0.388212
0.270417
5.231787
0.183166
1.572169
0.519507
0.553434
0.207766
0.697192
4.421415
2.391619
0.347367
0.086474
3.486694
0.681691
19.566626
0.156321
0.114570
0.237933
39.648605
0.367604
1.400239
1.579450
105.330896
0.811110
14.690949
1.745015
0.183644
0.088771
0.383901
0.202837
0.499181
1.497177
0.287361
0.338040
0.375719
0.130508
0.141905
0.531087
0.750359
1.614085
0.507902
0.936576
0.345902
14.182037
0.417373
1.979797
0.419236
0.190472
0.173707
2.879910
0.410208
0.219175
0.142739
0.056982
0.300874
0.158085
0.223665
1.493176
0.877801
1.190180
0.181368
10.249887
98.867478
0.183209
0.107403
103.549882
12.707628
0.156272
0.254837
0.952523
0.371841
0.115331
0.522457
0.089794
7.513276
80.259462
1.229813
0.414487
0.759334
0.290017
3.500560
0.841461
3.711846
0.289560
0.313882
59.042113
0.329189
0.130835
0.134259
18.099997
6.650113
0.392362
2.828551
10.851108
0.291185
3.433570
0.378631
2.508466
0.084088
0.903522
0.189653
2.854493
0.306447
1.544632
0.352910
0.337635
0.634989
1.620851
0.947040
3.116204
3.118877
0.842269
0.916541
2.503651
0.253193
0.406245
0.052941
0.818967
0.418436
0.282662
1.723306
0.866600
4.526106
0.279297
0.881988
0.661763
1.261292
2.835249
0.207809
0.336491
0.153054
4.384751
0.246882
0.163189
0.825827
0.481646
0.266205
0.117810
1.969201
1.992257
0.077992
0.621480
0.733769
0.743468
0.229414
2.777609
1.312184
4.734438
5.491321
1.494103
1.435750
0.321630
0.202838
0.259656
0.081127
0.122910
1.236977
1.184544
0.416413
1.241140
2.489013
2.240104
2.331849
0.229513
2.840199
0.174859
1.192072
2.407053
0.266244
0.753452
3.084545
2.959552
3.217043
0.428011
0.129917
0.237951
3.387359
0.403489
0.219369
0.077466
1.568275
0.601907
0.309570
0.042311
0.228557
6.906093
0.743902
28.669462
0.401597
0.080589
0.354732
0.125898
0.612760
0.264526
0.234564
4.835144
0.197075
4.188467
0.640357
0.260273
0.600834
2.167627
0.139369
3.892823
0.113000
0.334969
0.495533
0.157061
0.536470
0.364710
0.106566
75.529451
0.636826
1.851165
0.533055
0.734303
0.579644
0.146640
4.170931
0.458132
0.070947
0.233862
0.224492
0.199795
1.522348
1.103541
0.076641
1.255568
1.201808
64.131620
0.088876
0.361580
1.199080
1.026828
0.413370
0.097988
0.672340
0.454743
0.163183
0.123442
10.311860
0.758284
0.252119
0.962076
0.884727
0.110500
7.962565
4.532834
0.150090
0.515756
0.243302
0.111275
4.612700
1.631585
1.287420
3.398977
2.460054
4.120760
0.227897
1.022678
0.814715
1.270276
0.251129
0.790960
1.139310
5.922148
0.087579
0.141089
0.109604
1.026248
5.646287
0.262642
13.801647
0.493249
1.042734
0.285254
0.419010
0.373721
1.471013
2.632820
0.088783
0.055528
0.204385
0.352875
0.817545
1.142742
0.122152
0.074257
3.585756
0.520655
0.319642
0.248436
0.411900
0.282858
1.366628
0.213273
0.383920
0.987399
2.869236
0.438365
0.082205
6.336538
0.121092
0.500672
0.992982
1.284337
0.080425
1.859316
1.385184
97.641812
1.206118
0.711121
0.096140
0.123174
0.401227
4.054292
1.305085
0.216460
7.950425
0.818387
0.211654
0.408428
0.158677
1.089736
0.170723
0.139351
1.011708
3.451986
1.245544
0.320786
3.863843
0.409624
1.142571
2.627534
0.216629
0.139738
0.467737
1.286133
0.232254
0.156475
1.398192
0.357171
0.680934
2.790713
0.662788
4.171878
0.192571
3.564666
0.114034
0.324431
0.597789
1.584155
0.290063
6.252343
0.129226
0.539927
1.240853
0.098863
0.252752
0.275644
0.301792
0.259046
6.985202
0.181498
1.939699
0.897972
0.149643
0.115555
3.474484
1.499405
1.708756
1.865308
1.222296
0.258541
2.278892
3.159033
0.082890
0.728751
0.277625
0.110109
0.076909
0.082292
2.918989
0.356867
0.518621
2.856210
0.390802
0.182187
0.269613
4.827771
3.366937
1.150263
0.240905
1.566805
0.095175
0.919468
0.349066
1.701385
2.970428
0.123159
0.363337
1.535138
0.073533
4.130388
0.247596
0.709939
63.010415
6.069518
13.235082
0.374212
0.108092
1.160207
0.471863
0.198566
0.209829
0.125549
0.184959
1.102105
18.382589
0.319109
0.390798
0.473253
0.128052
0.130514
0.573658
8.554527
0.448049
0.308712
0.095825
0.807954
0.112035
0.439203
0.087659
0.224558
0.463015
0.313867
0.740198
0.410773
1.173945
0.196438
0.394357
0.619665
0.148317
1.052029
0.275039
0.182238
0.658794
3.401458
0.660955
2.927941
0.147741
1.033535
1.086957
0.409161
3.346898
2.756082
0.155298
0.258495
7.582196
0.216643
1.836679
0.171085
0.187343
0.176531
1.021872
6.881221
0.685683
0.598611
0.589430
1.267766
0.582101
1.715564
0.088463
27.259500
0.192573
0.235350
0.100262
1.082951
1.368860
9.242208
1.277870
0.691148
0.248803
0.265743
0.775591
34.655568
5.025563
0.575900
0.077282
3.270142
0.511238
0.118514
0.509953
0.348876
6.241549
0.098042
4.115522
65.326267
1.898064
0.076056
7.559349
2.547664
12.284609
1.113633
3.288740
0.113189
1.705781
0.311479
7.182454
1.220606
2.263941
0.325614
0.090196
5.961360
0.289756
0.181526
0.066142
0.210472
2.851054
0.295815
0.162979
0.112635
0.430600
0.469338
13.564578
4.563594
0.149903
0.524554
1.037928
0.533963
0.411600
3.496452
0.271781
0.115258
2.837284
0.208674
0.174893
0.056341
0.536260
0.110310
6.156151
0.840092
4.625480
0.116601
5.216851
0.111129
0.091590
1.212066
2.555690
0.111571
4.783522
0.286209
0.575883
0.668969
0.678514
2.532185
0.170517
1.472960
0.252213
0.195750
0.126725
0.294443
0.862451
0.063241
1.106015
3.425345
1.640131
0.595811
0.086818
0.595495
0.673422
0.401287
0.413255
1.126331
2.250695
0.079817
0.124638
2.524564
0.193397
0.092722
0.219711
2.900167
1.626401
0.107984
0.198660
0.111651
0.432319
1.043052
0.885323
0.334136
0.777092
0.156037
4.154891
1.257511
4.608656
0.469481
0.293784
0.662786
1.106097
0.236955
5.952203
2.716011
0.203703
3.823048
1.138431
0.827577
0.224819
0.077559
1.388263
0.138595
0.800596
0.388314
15.202156
1.150750
3.034124
0.121641
0.774420
0.169255
0.218892
0.099416
0.426471
1.426189
0.320725
0.132507
0.313781
0.261772
0.087493
1.185638
0.069494
0.532110
0.885780
111.716031
0.658141
1.663781
5.947693
48.275806
3.087657
1.105865
0.055432
0.092237
1.211295
2.453405
0.078458
0.108839
0.107679
0.074945
0.581904
0.070030
0.154117
0.253690
1.043161
0.107183
0.209506
1.731720
0.509903
1.363233
299.168859
0.335690
0.843554
1.100689
2.009354
5.026779
2.755511
0.118240
0.421635
0.370143
0.576756
0.490056
2.693615
0.694111
0.227670
0.226012
0.078816
0.052145
0.247173
0.161918
0.597845
0.682108
0.082887
0.564234
9.649715
0.283093
0.116743
0.834763
0.780061
0.356517
3.723284
1.605020
0.895252
0.218450
0.510473
0.429134
0.516929
4.758905
10.843058
0.121327
4.663281
0.420620
0.811592
0.202716
0.497215
0.274479
0.264047
0.428247
0.103252
0.411948
2.508897
0.445556
0.144063
0.344911
0.196539
0.581890
3.722247
0.200884
0.135325
0.058914
0.155260
0.366775
1.093075
1.508762
0.156240
0.144514
0.187025
0.101528
0.418478
1.180666
0.355918
1.524870
0.110124
0.508460
0.118713
1.739136
0.153962
0.372083
17.186395
0.202993
0.151823
0.110492
3.086300
0.120423
0.350843
0.156723
3.264406
0.178724
0.484589
0.199207
0.098811
0.163199
1.275625
44.226209
0.231570
0.207524
0.118617
2.631423
1.893636
2.673340
107.452458
0.196053
3.068942
0.250867
2.755734
0.149604
0.201865
0.079677
0.477902
0.543816
3.972745
0.136460
0.085958
0.073975
74.420892
1.298326
0.313731
19.574027
1.687679
3.090986
0.105742
0.377428
0.475116
1.206159
1.313832
0.452424
0.302897
0.044716
0.056564
0.107455
0.504732
3.443711
0.401555
0.341787
0.316930
3.818271
0.181485
1.056553
1.438349
0.070172
4.769166
0.304226
0.567155
3.475031
1.247015
0.206957
0.245496
2.796799
0.144570
0.643208
0.210231
5.458651
1.074173
0.265558
0.330843
2.302066
0.188797
0.253909
2.477400
0.253353
0.121305
0.139084
1.291722
1.593503
2.573501
0.079662
1.558988
0.091175
0.249124
2.832672
2.975901
0.945432
0.176555
0.078375
0.068359
0.387088
2.426590
1.109224
0.419196
1.642138
0.078902
0.881655
0.145779
0.388995
0.301262
0.328701
9.208380
0.378851
0.379551
4.555838
2.479933
0.441711
0.183576
0.289503
0.177441
3.274177
0.409982
0.427357
0.426800
0.330020
0.088325
0.149203
1.780305
0.439519
0.250458
1.931912
0.139724
0.082176
0.652308
0.787478
0.437644
0.942686
0.138812
0.663343
7.419994
0.135456
0.174008
0.107273
1.109565
0.507480
102.915618
0.616918
0.105504
0.113417
0.099773
2.879768
1.136016
0.382004
0.675989
0.420878
0.818040
2.899886
3.320669
2.464075
0.379756
0.172251
3.607483
2.475962
0.610967
0.476700
0.108854
0.187798
1.136366
0.322285
0.500937
0.241020
0.497050
0.415670
1.262303
0.090513
1.224327
0.218719
0.442782
0.094304
0.833769
0.207991
0.113698
0.259260
0.210134
1.919969
1.363655
0.466425
0.065185
0.802678
0.217989
0.522102
0.236330
0.263381
0.668183
0.663611
0.135496
5.123347
3.528206
0.240654
0.153234
0.419672
9.111123
7.005661
0.168031
2.911065
0.191400
0.081375
0.346155
0.819153
0.196027
0.498134
0.190442
0.907305
0.375949
0.789808
0.123192
54.260477
0.308378
9.033365
0.753469
0.139888
3.169175
1.373675
1.584883
0.197866
7.817683
0.715013
3.052296
0.116857
4.054139
0.284833
0.259486
0.283214
1.605085
0.427170
2.204411
0.804641
0.281490
0.833750
0.114837
0.085252
0.108647
0.211807
0.076731
5.678813
9.837854
0.505710
0.393963
0.841600
4.094203
0.233621
0.884296
3.089827
2.425152
1.225580
1.306911
0.363879
0.336351
0.081770
0.099015
2.769982
0.160944
0.189160
0.103012
5.062961
0.973026
2.518175
0.092037
0.763200
0.108650
0.638920
0.433891
0.625172
8.107886
0.467225
1.083749
0.574944
99.215937
0.190317
6.572794
0.158251
3.120907
2.313095
0.128738
0.555158
0.048173
1.033921
0.972763
0.333808
0.255746
0.065857
1.109666
17.916227
0.112303
0.432044
0.327377
0.155086
0.648316
0.062314
0.041890
0.314388
0.259025
0.097775
0.348492
0.528985
1.574670
0.089463
1.230497
1.202732
0.228804
0.097124
0.275878
1.745640
0.092092
1.370493
0.254209
0.860292
0.253088
0.405731
0.655393
0.317696
6.270868
0.086525
0.064526
0.251249
3.087397
0.398951
0.386245
0.165400
0.657764
3.896651
0.169474
0.358775
0.695275
4.578408
2.323321
0.085393
0.102912
0.094580
1.364523
0.888018
0.539004
0.239286
1.226387
1.255330
1.233889
0.232494
0.434667
0.830505
0.234069
0.072513
0.035805
0.758763
1.485792
3.118975
0.113835
0.101624
1.734561
1.292423
0.926545
0.620955
0.240070
0.309315
0.072451
0.547365
0.231519
3.779423
0.076852
1.534928
0.436999
0.522993
14.492055
0.277343
0.187835
0.795604
0.903071
0.274186
0.170441
0.384958
0.441737
0.198482
0.136074
0.329726
0.774809
1.692728
2.627117
0.127979
1.176533
0.634848
0.219713
0.135990
0.179040
0.243628
0.371832
0.486617
0.285228
0.521850
0.389676
0.089105
0.579603
0.605482
1.444705
0.145618
1.338260
0.339560
1.397949
0.124838
0.188355
0.210268
2.770609
5.628326
0.529818
0.324576
1.192110
0.178713
0.204548
0.135052
2.459632
0.263377
0.092582
3.886808
0.854199
0.051749
1.219531
0.866537
0.215181
0.166517
0.075728
0.623018
0.430390
0.121489
0.064633
2.987643
0.867693
5.161994
1.341540
3.607400
2.152292
3.493002
0.185632
0.049725
0.075742
1.834153
0.169333
1.561536
2.709635
0.424896
0.122164
4.064027
1.234059
0.091533
0.093650
0.226314
0.522597
2.565352
5.233289
5.279035
1.773870
7.950793
0.274952
0.102213
0.196445
3.512782
1.469300
0.260387
0.338762
0.055810
2.200835
0.138220
0.219327
0.101936
4.028921
0.106622
0.063545
0.136150
0.570556
0.255559
1.597924
4.157632
7.153782
1.404212
3.373836
10.271736
0.934803
0.258782
0.173007
1.566792
0.568723
1.746039
0.446003
1.215116
0.084369
1.882919
0.315351
1.138890
0.244916
0.114507
0.630582
0.050060
0.556985
0.571366
0.307979
0.597031
4.965577
2.932138
0.056069
0.864424
1.199240
2.208923
0.198644
0.157157
0.041107
0.500791
0.173861
7.297016
0.280464
1.721348
0.243356
0.523725
0.032142
4.522891
0.082971
0.031202
0.077689
0.481982
1.581858
1.007927
0.239406
0.174382
0.627119
0.342634
0.116837
11.295239
0.272394
0.071809
0.101592
0.267566
0.944923
1.884736
0.343740
0.268832
0.180233
1.526446
0.895294
0.400818
1.129025
0.931476
0.149040
0.209592
14.601473
30.878838
1.755513
0.075857
0.243816
2.654526
0.532373
0.124795
0.314072
1.007484
1.191031
0.879477
0.447794
0.368546
1.370236
0.084789
1.288566
0.143046
0.773879
1.569305
0.208353
75.055977
0.568148
1.296905
0.143743
0.645467
2.090097
0.191988
0.138891
0.519828
0.225645
11.094640
0.243879
0.104290
0.071519
0.226305
1.242704
1.420484
0.391280
0.185750
1.303207
3.947811
2.284933
0.120294
0.193298
0.367715
3.366816
3.268075
10.920155
0.146956
0.955049
28.775833
0.694998
0.151026
0.147593
0.366004
0.272176
0.593105
0.616729
0.221347
13.470970
18.803527
0.099608
0.305193
4.974735
2.145131
0.654474
1.088005
1.513131
1.371726
9.066832
0.346335
1.460960
0.516127
0.265764
0.891391
0.176396
5.733943
0.298033
0.292902
0.158073
0.087422
0.621144
0.432178
1.851563
0.370575
0.248562
0.348453
0.091016
0.207482
0.091795
1.251939
1.139056
0.134284
0.274189
106.464523
2.577529
0.148525
0.217315
2.947089
0.482202
0.648259
0.563903
1.627979
0.355388
0.286078
0.139745
3.117783
0.299424
0.110957
0.140042
1.512400
5.404238
0.247473
2.252391
4.867150
3.733199
0.130309
0.369848
1.938961
0.163786
0.133012
0.385271
0.606031
4.606051
0.414624
0.129683
0.069391
2.804969
0.591125
0.068529
0.056527
1.106573
0.602154
0.079670
0.596247
0.471738
0.984397
1.703685
0.201592
0.200937
0.567323
0.108497
0.152369
2.577753
0.277863
0.321565
0.686658
0.767022
2.948736
0.851202
0.162841
3.105995
0.995293
0.205699
0.397930
1.068892
1.470279
2.159041
0.928599
0.573556
0.042098
0.210350
0.878989
0.289602
2.358016
1.660978
0.125585
1.136595
0.185259
0.285911
0.099133
1.206554
0.460925
1.247989
4.063786
0.144077
0.152812
0.924410
1.032472
0.613157
0.132407
3.106211
2.317258
0.288509
2.604175
33.482507
0.152531
3.903378
105.733634
0.208860
0.216089
3.994876
1.098936
1.913740
20.576824
6.630951
1.240762
0.147667
19.701042
0.411287
0.088949
0.913969
0.398531
0.187723
1.799874
0.557230
0.270310
0.579385
0.203868
0.327684
1.347898
4.143769
0.312768
1.536666
5.850476
1.353318
0.094196
0.057974
30.242757
0.554335
0.564444
1.313255
0.086615
0.311447
0.602841
2.440824
0.463590
0.115797
0.151144
0.739559
5.596480
0.345687
0.185124
0.565186
0.160479
0.086140
1.355515
1.550535
86.701903
0.149048
0.127945
0.112548
0.838523
0.092610
0.482386
0.272082
0.321717
1.736720
2.382418
0.668133
0.221186
0.075775
3.194823
0.524512
0.100583
0.417899
0.100971
0.062659
0.100374
1.017754
0.711053
0.095054
0.151093
0.075408
0.183621
0.224150
0.911104
1.081504
0.934061
47.636356
0.128482
0.868435
1.551405
0.331207
0.257996
74.027482
3.913654
0.172315
0.220114
0.200262
0.309578
1.300304
1.343109
1.209739
0.091767
0.102203
0.967605
0.176580
0.231676
60.386663
4.396752
2.705738
4.166922
0.254064
0.169039
7.571555
4.348689
0.439860
6.788882
0.149796
1.562202
18.586810
0.101505
0.043127
4.977086
1.298080
0.096110
0.903165
2.663275
2.287917
15.960443
0.672513
0.190531
1.290196
0.186670
0.447749
0.122619
4.024656
0.371255
0.849806
0.295125
0.185307
7.891746
0.259750
0.124639
0.087865
4.060977
0.114893
0.115013
0.120931
3.278230
0.149049
0.305654
0.076341
1.157144
0.273456
0.964998
0.086816
0.198112
0.301432
0.277514
0.575303
1.754572
2.354615
0.331870
0.561991
3.003214
0.112490
0.807765
1.268430
0.100431
0.355480
0.945933
0.705722
1.007627
2.106951
1.128872
0.244059
0.124705
0.537636
0.135226
1.433681
1.108133
2.800003
0.276693
0.194145
0.366097
0.158131
1.684100
0.254437
0.388015
2.405244
1.566941
0.498187
0.719287
0.315694
66.381278
0.232043
0.162886
0.220763
0.319543
10.066197
0.277013
4.187663
0.186732
1.255180
0.828960
0.446675
0.397969
0.947089
0.213232
0.523514
0.174715
0.217643
0.514770
3.675792
71.475324
0.572787
0.057161
1.448140
2.539833
0.220536
0.160623
0.290633
0.945757
0.671511
0.113776
0.221680
2.950583
3.839585
0.077295
0.458796
1.678051
0.132214
0.760319
4.819849
0.132340
0.128079
1.184084
1.130790
0.065024
9.344353
0.569737
0.198001
0.097507
1.535618
0.334286
0.160592
3.360687
0.352593
0.865378
1.414188
0.216264
0.059579
7.349659
0.184850
0.787664
0.252376
3.913255
0.579282
0.195447
0.193782
2.154931
0.148257
0.125895
0.607541
1.458539
4.914724
1.316706
1.004376
0.934466
0.217993
0.105523
0.064073
0.164735
0.206339
0.667238
9.577077
4.590927
0.531091
0.054594
0.355488
1.855056
0.520749
0.162285
1.341555
0.093209
2.630474
0.157013
0.060608
0.076190
0.052004
0.233563
0.960157
0.525767
1.022937
0.825296
4.571590
0.206125
1.133315
0.280648
0.095568
0.311787
1.795761
0.172696
39.651665
0.162348
0.566344
4.963390
0.177322
0.294335
0.220631
1.232409
0.564110
1.600194
0.167975
0.146128
0.097869
1.205864
1.052757
0.284486
0.286323
1.557224
0.748969
0.083557
4.493271
0.088387
0.589697
0.089118
0.165191
0.377134
1.136789
0.530875
0.566238
0.382460
2.396234
2.869726
1.598071
0.171326
0.091540
0.149731
1.548775
0.106763
0.860225
1.554196
0.311222
0.569633
0.543726
0.154427
0.083355
0.360223
0.376363
0.171790
2.510372
0.536883
0.119369
1.039773
0.238095
0.210008
5.003763
0.871053
0.353688
0.237001
0.104349
0.270626
0.386989
1.069519
0.214985
0.308765
2.861451
1.579395
4.502284
0.231429
0.889526
0.468451
1.396826
1.196422
0.143763
9.121080
0.153554
0.072134
1.352185
66.877083
1.950093
0.577820
0.830475
1.022265
3.785614
0.092533
0.074014
0.345566
0.172588
3.061856
3.559258
0.195753
0.570232
4.407406
1.375024
1.564555
2.086085
0.283253
0.133838
0.498081
2.867629
0.238582
19.113947
1.562179
11.933217
1.557781
0.599475
5.126504
0.093211
0.139700
0.047686
6.626042
3.205239
2.972949
0.402157
0.200223
0.170065
0.293205
0.061128
1.162753
1.621182
0.222215
2.478970
0.141148
0.304493
0.098250
1.059861
0.134243
0.507013
1.081355
108.628041
0.509483
0.718042
0.725071
0.679427
0.158903
0.396663
2.355123
0.324835
0.212478
2.758918
0.076414
0.232814
2.129684
0.071335
0.767290
0.369245
3.831342
0.276771
0.880674
0.264075
0.722284
0.134721
0.098704
0.700840
10.969497
1.268522
0.134706
2.451465
1.018359
0.177097
0.101806
0.820552
0.091375
0.357517
0.285740
0.198646
0.806517
0.358155
0.146758
0.156945
0.599281
0.660158
0.372215
0.887496
0.940587
1.083012
1.628585
58.593536
3.848647
0.402241
0.118708
0.069558
0.468671
1.767054
0.766898
0.884898
0.778604
1.689778
2.101736
0.981738
0.806357
5.267973
0.852175
0.278405
0.328592
2.559492
0.150394
3.655781
2.356740
1.814830
0.755216
0.367805
1.493367
0.235188
0.469125
2.544009
0.691430
0.839782
4.528551
0.269596
0.078970
2.016935
25.136290
0.801211
7.411634
1.142945
1.472455
0.133429
8.253277
2.139959
0.134228
0.086388
0.109742
2.101884
0.756218
1.206382
0.754741
0.383124
1.597413
2.234315
0.240569
2.946869
0.084273
0.065563
0.147829
0.107592
1.374340
1.221585
1.490119
0.172316
0.120165
0.121810
0.116856
0.094219
1.284438
0.263411
0.081872
0.810800
0.124032
0.483484
0.422307
4.370078
1.235066
0.322782
0.192507
0.542691
0.203723
0.974654
0.272146
0.474044
0.154714
1.970701
0.569760
0.128579
7.505409
0.195268
0.234079
0.704183
0.350567
0.172970
0.775301
1.017345
1.341609
0.206431
2.960617
0.200603
0.164357
0.121734
0.084093
0.477564
0.122319
4.203166
1.167234
1.349509
0.176780
0.347820
0.085558
0.277024
0.836909
1.278415
0.066423
0.071147
0.848759
0.147545
0.324114
0.049675
0.094525
0.087072
0.197330
0.239785
0.110348
6.133490
0.864331
0.302580
0.125541
0.159846
0.057487
0.054876
0.090164
0.349286
0.726511
0.472464
0.189238
0.731279
2.751156
0.113328
1.053733
0.522767
2.906138
4.805654
0.310044
3.456757
0.530134
0.173433
0.133901
0.468546
0.862943
4.058463
0.782207
0.091691
0.060893
0.035609
0.181665
0.226454
0.369167
0.455827
0.106056
0.087490
0.858827
0.075508
0.781131
104.183978
0.269049
0.170035
1.119918
0.161378
0.122936
0.095183
0.556125
4.105068
0.221941
5.439437
1.105478
0.702177
0.559460
4.615973
1.860493
0.141326
6.275582
2.567576
0.127751
1.635009
1.007294
0.320991
1.529320
0.769256
0.264852
0.156567
1.463652
0.523285
0.264414
0.055803
1.721449
1.010629
0.150052
0.128488
1.742967
5.998198
0.611822
0.941220
5.685445
1.020760
1.211746
0.514012
4.655143
0.480968
0.144452
0.214518
0.303962
0.090493
0.633644
0.134133
10.489363
0.483632
0.122501
3.050865
0.119520
1.846253
0.602880
3.602306
0.629845
0.366174
3.963679
81.652085
0.867140
0.196631
0.854960
0.229653
2.444199
0.073659
0.215184
0.117705
1.427996
0.760276
0.062311
3.830560
0.386029
0.193477
0.247938
0.311878
1.650368
0.119696
0.365197
0.132978
1.018386
0.117342
0.195027
0.438776
0.071512
8.070423
0.466353
0.139079
4.092191
0.157510
0.148786
109.883379
4.646673
1.500565
0.243225
0.596775
0.338142
3.324383
0.332126
0.106079
0.155372
0.186091
3.019638
0.095184
0.094589
0.130334
0.104534
5.322762
1.378467
0.071444
0.067774
3.510818
0.622711
0.385344
0.372406
1.406062
1.098822
0.453197
0.085669
2.734738
1.268198
3.859910
0.110552
1.241891
0.323007
4.625341
1.561872
0.183287
0.346189
0.063333
5.779860
0.619664
1.537810
1.211802
0.143302
14.512631
0.232860
0.110216
0.600159
0.926341
4.992040
0.066789
0.158569
9.139622
0.316959
0.310897
0.127535
0.203258
0.640485
1.298246
1.154446
0.108288
0.323455
2.885556
0.690923
1.141186
0.247305
0.586794
1.559820
0.199457
0.210480
0.602699
3.275398
10.036772
1.389629
0.124437
9.424580
0.601392
0.102840
0.336314
0.324553
1.163641
0.077133
2.509824
1.618115
1.546707
100.801304
0.187551
1.093712
1.127158
1.219496
0.107078
0.622248
0.591499
2.268496
0.355737
4.629078
2.661906
1.559652
2.898440
3.728391
0.165577
0.243929
1.961029
0.811904
0.492851
0.342777
1.464586
0.458298
3.159646
0.195307
0.810416
30.820839
1.018589
0.238797
0.373155
0.147581
1.359342
8.306309
0.146244
0.788762
0.391041
0.395945
0.986413
1.463670
0.318950
0.312250
1.566070
0.855065
0.066494
0.550888
0.077371
0.154502
0.605797
0.705541
0.151763
0.075315
0.361932
1.691631
0.103994
0.184628
0.779006
0.163110
0.267641
2.768785
0.648028
5.209088
0.185242
2.920983
0.331294
0.176256
0.638945
0.124404
0.474133
1.120014
0.362697
0.346342
0.142805
0.156539
0.446435
0.881902
0.090702
3.269890
0.167784
0.203507
0.808972
0.126820
0.148115
0.094022
4.177405
0.135231
0.896007
1.788791
1.540824
0.252067
0.287160
0.124475
3.197134
0.169277
0.973486
0.486372
0.128666
0.101291
9.046544
0.387549
1.847703
1.757802
2.995577
0.139428
0.676076
0.397868
3.195267
0.871809
1.072432
1.038827
17.818805
0.248623
2.401318
3.660428
1.148208
0.427879
1.002327
0.551544
0.456772
0.101759
1.630098
0.070287
2.220537
0.902078
0.430627
0.391936
0.236104
2.139723
0.339260
4.476127
7.245506
45.344969
1.330273
0.108840
0.123205
0.108941
0.318814
2.996913
0.839080
0.196155
0.719887
36.370958
1.225144
0.360792
1.541554
0.413221
0.314904
0.995509
1.421561
0.076129
0.287844
0.097665
0.419613
0.232714
1.547536
2.478245
0.260278
1.173083
0.378606
0.148653
0.509085
12.992256
1.482021
0.864375
0.469420
0.185925
0.097533
0.531720
4.634637
0.671614
0.262654
0.254962
0.105920
0.742342
0.272910
0.647686
0.175094
7.644051
0.437868
0.468449
1.589016
298.545131
0.603876
1.762559
0.082010
0.093408
0.805669
0.125191
0.078363
3.412350
10.409359
3.071351
0.226732
0.147879
0.432214
1.235945
0.107375
0.207743
12.820706
0.272201
0.850511
0.855520
0.158324
0.126129
5.150157
2.724701
0.268309
0.465699
0.332290
101.415300
5.238119
0.193490
0.368586
0.062691
0.402957
0.316084
3.466864
0.119122
1.205152
0.569605
0.084720
2.672928
0.378520
0.834780
0.090976
8.748459
0.115617
0.136686
1.111431
1.667443
4.872156
1.314282
0.107791
1.129453
0.093492
0.040801
0.102097
0.065081
0.114442
2.511118
0.994268
0.182732
1.793195
0.329215
0.342259
3.064032
0.777948
1.224848
0.409978
0.390110
0.443463
0.114974
1.414278
79.211444
0.500973
3.952716
3.797845
22.958784
1.435031
0.340489
0.111751
0.261371
0.611508
0.616354
0.139067
7.797328
0.539699
1.403352
1.601273
0.754028
0.924068
0.237506
0.614230
1.580486
1.771098
1.253063
1.573287
2.630940
2.865284
0.235358
0.280647
9.075378
0.176075
0.064715
0.156863
3.037210
0.217618
0.640699
1.348861
0.748330
0.117080
0.103983
0.184431
0.534474
13.681012
0.336510
4.485192
0.473185
1.124998
1.107657
0.233535
0.090314
1.022093
0.073526
1.255285
0.260919
0.862428
0.647537
116.489698
0.830810
0.818935
1.616042
3.971766
3.248339
1.132200
0.554114
1.121818
11.236650
0.263329
3.998619
1.164579
0.960581
4.072263
0.123374
0.422482
0.054702
4.680061
1.705275
0.317950
1.161451
0.128526
2.969785
0.319354
23.845400
0.436052
0.271614
1.956393
0.198458
6.361015
0.306451
4.297731
0.134940
2.180383
0.706502
3.218448
12.996604
1.518761
0.774970
1.229185
0.291049
0.321862
0.671124
1.778845
0.385367
0.358378
0.216970
1.202391
0.936416
1.044059
0.100008
0.153069
0.868131
0.123195
1.018287
3.478079
0.182969
1.234665
0.400470
2.997592
0.576552
0.097894
0.614551
0.315004
1.274166
1.714475
0.242058
0.518923
0.151744
4.055859
0.484838
0.616037
0.184689
4.864687
0.283948
1.496216
0.134566
1.108813
0.306301
0.132214
0.096413
0.949100
8.295596
0.523240
0.989336
0.590123
0.496616
0.358561
0.796151
1.136313
0.172841
0.192333
5.212116
0.366445
0.283017
0.212725
5.728733
0.233301
4.714062
0.105799
1.545011
0.101707
0.050101
0.904078
0.124143
3.706673
45.204633
0.165911
0.180950
0.149351
2.494902
1.171369
0.091433
0.109640
0.274772
0.084931
0.213971
0.167757
3.762927
3.042634
0.146176
2.436494
0.776223
0.118217
0.129038
0.375105
1.950210
0.167281
99.728786
5.650917
0.865770
1.333071
0.232379
0.111954
1.457000
0.122688
0.747708
1.291881
0.510217
1.806268
0.280117
0.399339
3.462722
3.420691
0.352520
3.177285
0.405031
0.412817
0.338987
4.671814
0.161250
0.712658
0.126660
0.383099
0.706761
0.817000
3.463354
0.105525
0.335324
0.070097
1.134878
3.654056
0.714207
0.083539
0.622007
0.491045
0.316708
0.919195
0.107368
0.088868
1.055252
0.534756
1.381594
0.593419
0.593450
0.459135
4.223836
0.180583
0.068451
2.868637
0.686043
0.100085
1.087452
0.104530
0.230008
0.517050
0.620774
5.311074
1.266289
0.247837
0.367050
0.248278
2.391315
0.422510
0.076981
0.238958
1.442603
0.237182
0.363842
0.245132
3.169135
0.362098
1.438187
0.376861
3.477189
0.514422
4.618676
1.164419
0.180475
0.108893
0.522451
1.678875
0.068151
0.228693
0.147949
1.067808
0.141767
4.360932
0.262199
2.686637
0.129869
0.145884
0.393747
0.528600
1.875011
2.238206
6.815817
0.720036
0.076891
0.304398
0.088307
0.119964
0.123534
6.459626
0.837364
0.097360
0.321303
0.333715
0.314275
0.251632
1.860033
0.204439
0.232837
0.388965
0.190158
2.513791
1.471256
0.048419
0.370422
0.226854
0.093747
0.376442
0.320694
7.583629
0.316287
4.597395
0.738165
4.453936
0.589518
0.122546
0.217769
4.614401
0.403599
0.126859
0.175201
0.737080
0.132966
0.244920
1.312739
1.078459
0.094450
0.547407
3.531276
31.668833
0.914743
1.045995
0.223351
0.074553
38.956427
0.117713
1.387842
1.374857
1.530831
22.964311
0.273290
0.279573
0.174843
0.073626
0.239508
0.285336
35.617197
0.233140
108.342869
0.217437
0.582707
0.861030
0.123543
0.365952
4.131030
0.209491
0.231571
1.332840
0.408350
0.723677
1.224231
28.713389
0.755261
0.361517
0.275918
0.281369
0.145721
0.591459
0.141020
1.575603
0.138874
0.202739
1.402457
3.169836
9.528364
0.422779
0.331793
0.131528
3.329769
0.264725
0.806533
0.608172
0.098896
0.036364
0.320528
0.608000
0.410841
0.148771
5.695807
1.301857
0.333541
1.020844
4.631853
0.405957
0.332534
0.141728
1.004086
1.018258
3.844832
2.380511
0.359597
4.054658
0.165174
0.407378
0.971372
2.643097
0.393099
0.157409
0.202308
6.446263
0.530812
0.462562
0.645545
0.062582
0.747362
0.293485
0.723886
0.293194
0.833517
0.699720
3.558434
0.285295
0.115160
0.587865
0.086168
0.673925
2.773856
0.185450
0.189276
0.089594
1.827912
0.482679
0.125994
1.568353
1.091943
0.102353
0.275376
2.875267
0.137142
0.105798
85.780349
0.324034
0.111090
0.191767
0.835535
4.125389
1.701601
1.102523
0.195854
0.978240
0.292225
3.493892
0.228543
0.371059
28.844586
0.244330
0.314788
0.233919
5.175632
0.789150
0.373060
0.136690
0.149089
0.523633
6.603513
0.606004
5.562446
0.112287
0.293261
0.598094
0.124893
0.113301
0.545309
0.249922
0.431342
0.284010
0.604360
0.310956
3.447086
0.794485
0.328671
14.547624
1.277019
1.021482
1.206401
0.383766
0.081227
1.401200
0.365401
0.483440
1.154590
0.227321
0.142805
1.606130
0.052157
0.453904
0.687892
0.726515
0.766145
1.192616
0.217410
0.162993
0.157984
3.173301
1.369514
0.181391
0.044577
0.972214
0.764743
0.312811
0.151720
1.176455
0.232926
0.979866
0.622510
0.153288
1.159554
0.094258
3.373987
0.372069
3.404956
0.405356
0.480816
1.223647
0.505023
0.428628
0.061139
2.468160
0.097728
0.214391
7.986141
0.129248
0.948627
0.376076
20.759170
1.014976
3.579965
2.764454
0.099198
0.271209
0.147006
0.133911
0.253774
0.950201
0.126250
0.667183
0.064360
0.980743
0.713276
7.180378
3.745391
1.119636
1.105807
5.461532
7.952793
0.484781
0.355118
1.446913
4.817628
0.184160
0.342687
2.600892
9.938926
1.169011
1.303566
3.939452
0.202845
1.587554
1.266915
0.274218
0.125989
1.762037
0.080030
0.622013
0.985080
1.531403
0.249767
0.701109
0.237383
0.435927
0.135691
1.149543
0.058759
0.080080
1.545260
0.513961
0.513177
0.303737
0.098720
2.268486
1.379541
0.151895
0.897273
4.402097
0.430428
3.319300
1.131978
0.295730
2.949590
1.608742
0.401363
0.251648
0.095425
0.438649
1.869585
0.071219
0.850569
0.214726
2.413594
4.166206
0.124929
0.101564
1.160844
0.317233
0.358705
0.085423
3.869299
0.477963
0.929494
0.325275
2.301418
0.114749
1.219885
0.128620
0.292960
0.081978
0.839616
0.062564
0.343475
0.203209
0.198747
0.205983
0.099308
0.227778
0.357943
0.429206
0.461415
1.128065
1.080545
0.236951
0.142004
0.376219
0.331975
0.061138
4.716702
0.283594
3.794415
0.462537
0.091402
0.416518
73.396184
0.387744
0.562515
0.169361
0.557206
0.173274
48.286163
0.075950
0.207592
4.295621
0.074587
1.922366
7.265162
0.773404
0.229515
0.075875
0.078173
0.422187
1.083898
0.113361
1.606807
0.193017
0.251131
1.084164
0.063038
0.404837
0.131744
0.498936
1.211195
0.607015
0.214636
0.124979
0.479304
9.084739
0.979611
0.397886
35.212260
0.164250
0.232307
1.049575
3.078338
1.207538
1.570126
0.891123
0.629376
0.229269
1.688258
0.203965
0.208215
6.298282
1.053137
0.189490
0.411722
3.050588
1.584086
0.746409
0.757616
0.064083
0.821059
4.668243
0.089558
2.475152
0.357062
6.619741
317.815409
0.362443
1.313010
0.739119
0.772947
0.233948
1.262480
0.767852
1.670750
11.353253
0.263304
0.483230
0.647967
1.103568
0.153567
1.421201
1.225756
1.598209
0.684838
1.657106
0.541278
0.139495
9.264359
11.692787
0.419827
0.337927
0.404821
0.120251
0.247102
5.191854
0.819325
0.154139
0.984640
0.589518
0.385411
0.309150
0.149643
0.270315
21.955198
6.029884
0.232106
0.302308
0.071920
0.037738
0.296786
0.582282
0.415116
0.250059
3.698708
0.218460
0.359102
0.086059
0.073307
0.430929
0.157100
13.660550
0.276525
0.613170
1.797594
0.170205
0.743621
7.785863
0.359926
0.322537
0.424291
0.088904
0.215158
1.846771
18.383269
0.154980
0.184047
0.272929
1.030876
3.656311
1.782036
0.454924
0.261503
0.263830
2.312239
1.291849
1.199358
0.339723
63.507859
1.225056
3.679855
0.949765
0.426708
3.117872
0.439329
0.124361
0.237623
0.080644
0.217051
0.634807
0.598137
0.222142
1.534801
0.374539
0.829665
0.918287
0.127861
0.293870
1.469746
0.241585
0.623832
2.131534
0.332035
0.700056
1.942367
0.276312
3.983757
1.315668
0.095186
0.449550
0.159558
0.625531
0.404734
0.129537
0.331096
0.999330
0.168782
0.823402
2.887464
1.367113
0.356919
0.246731
0.344056
0.200087
0.219573
0.538186
0.552534
0.352603
0.038033
0.155825
0.899405
0.781867
0.068412
39.642602
0.651519
1.695395
0.743214
0.884057
0.071234
0.149772
1.356683
0.482513
0.365525
0.238417
0.056947
1.265704
0.275850
0.196441
19.608551
0.118488
1.257491
0.254829
5.528778
5.742216
1.121076
103.374424
0.238410
0.458283
0.816816
0.217329
0.265233
0.061695
0.941089
0.399354
0.179614
0.805223
0.209816
0.479148
5.213905
0.209827
0.519520
0.393898
1.818496
0.474755
0.332116
0.467111
6.478859
0.087988
0.139818
0.318785
0.413921
0.372170
0.974250
0.103551
0.099878
0.189617
0.280433
0.472315
0.174845
2.611089
0.173607
0.151886
0.464034
11.893349
0.125160
1.164329
0.350624
1.247387
1.646707
1.716302
1.035366
5.093205
9.008286
2.349895
0.077161
0.199914
0.096833
0.939764
4.206586
4.138434
0.663164
27.884533
0.971227
0.110502
0.751833
0.276358
0.352597
0.098210
0.168652
1.158746
0.840890
3.974423
0.722800
0.114588
1.556720
0.461459
0.472557
0.261597
0.798268
0.251939
2.585538
0.129318
3.826053
1.514316
0.397186
0.087505
0.618784
0.413630
0.660305
0.180451
0.188344
0.135356
0.675366
5.070924
0.197080
4.457884
7.808659
0.485956
0.500271
1.023042
0.122119
0.206979
0.489831
0.172454
0.175087
0.249954
0.282322
0.365220
0.181223
0.080795
0.499561
0.059530
0.377756
1.812780
1.150282
3.909022
0.446867
1.078723
1.368889
0.123710
1.175028
1.072017
0.152360
0.590084
0.245052
0.238021
0.216106
2.616123
1.489022
1.128567
0.131812
0.083395
0.374213
0.152431
0.206910
111.420694
0.439088
0.287356
1.082342
0.096313
1.197361
0.727044
0.049346
0.401962
0.954375
0.546373
0.292909
0.826023
2.770181
0.460281
0.472961
0.302720
3.993665
0.863959
0.509943
0.097418
0.809483
0.073173
1.660864
1.609428
75.859886
0.782327
67.178574
4.310402
0.181607
0.991708
1.665352
0.462398
1.191326
4.774956
0.299401
1.906311
0.498864
0.527288
0.344016
6.781595
5.743117
0.183697
0.113872
1.246231
1.153982
0.933169
4.766874
2.459006
0.251008
4.004191
0.250600
0.058597
1.402952
1.616948
0.097241
0.101001
3.775903
1.172355
1.054926
0.199898
0.659341
0.098591
0.185636
0.495584
0.343635
0.045204
0.188464
0.178288
1.787562
0.315239
0.110267
0.514857
1.282582
0.226105
0.472361
0.862237
0.049837
0.082617
41.714023
4.861947
1.484282
0.612104
1.847556
0.417263
3.370536
2.553593
0.418330
3.112508
1.170729
5.071735
1.011735
1.447177
0.187208
0.368600
0.071120
0.204824
0.224761
9.213268
5.022138
2.968410
0.082280
0.532677
0.180555
1.383708
0.170948
0.458304
0.186352
0.328898
0.654273
0.654356
0.126615
1.262713
0.179195
0.284523
0.234967
0.209111
0.063050
1.483018
0.151771
0.262645
0.757424
0.387477
0.088091
0.805579
2.055706
0.215839
0.310963
0.121745
0.210928
2.134099
0.211470
27.742018
5.160741
0.407858
0.446077
4.170890
0.427996
0.537427
0.073761
0.287466
0.236892
0.900235
1.600504
0.132629
1.906494
0.160070
0.505261
0.199122
3.428758
0.184701
0.404771
0.139443
0.197811
2.388026
0.387018
0.642860
1.998558
6.237892
0.095644
1.040283
0.067277
0.104146
0.333640
0.184557
0.095189
5.614455
1.322252
0.635064
0.145270
0.254895
0.254811
0.051608
0.366432
2.358231
0.236877
0.148386
0.700351
77.427319
1.137688
0.889083
0.092883
0.115147
0.178218
0.085130
1.363492
0.159458
0.421469
0.971942
2.685509
0.270194
0.323579
2.034717
2.720270
0.908115
0.097216
0.077218
2.759176
0.350691
0.896040
0.693956
0.163816
0.351925
2.819654
0.079340
0.218464
0.317763
5.284953
2.665422
0.209833
0.175202
0.399771
0.493149
2.691743
0.358994
0.277477
0.373112
0.531261
0.533033
0.060670
0.146398
0.254248
2.744534
0.269781
0.377032
0.143556
0.200228
0.247028
1.320849
0.090823
1.151406
0.110061
0.061805
71.600480
2.500245
0.477100
1.774492
1.624938
0.181499
4.110487
9.189997
1.071662
0.208898
0.648540
0.093795
0.352376
3.760089
0.412197
0.127144
0.056483
0.268967
1.451265
3.018042
0.283044
0.277515
1.504755
0.184688
2.560539
0.219648
0.212020
0.192017
0.074926
0.562833
0.185558
0.164138
0.248511
0.280257
4.143535
0.327250
1.080985
0.752155
0.278333
0.198390
0.215499
3.515717
0.348591
0.140945
1.173734
23.820609
0.332354
1.003786
0.255911
0.346010
1.059441
1.491397
9.125727
1.320528
0.174512
1.281815
1.012434
8.108160
1.058475
0.184097
0.740887
0.317504
1.820764
0.295520
0.330960
0.267957
0.283923
0.555584
0.096906
0.705530
0.138850
0.310903
0.284620
0.094863
0.169999
0.437598
0.883737
1.230887
0.281015
0.088212
1.744696
0.776238
0.175000
0.752479
0.281918
0.762506
0.240042
2.591019
0.070837
0.218239
0.125773
3.611695
0.353784
0.191078
0.806657
0.138925
0.959094
0.413573
0.434425
1.092344
0.635662
0.064604
1.089804
0.078897
0.338418
0.723364
8.742357
0.079075
0.052938
83.954114
0.991172
0.385508
0.517084
0.495395
0.309668
0.065533
3.423733
1.689578
0.204590
0.746724
3.330207
0.544681
0.612526
0.112932
0.063104
3.263860
0.300192
0.377087
1.064085
0.323902
0.162113
0.073115
0.348800
0.848973
0.434088
0.174219
0.265499
0.111075
0.273804
0.585285
0.291380
1.261914
0.212874
15.722197
0.790218
0.557853
0.219709
0.869570
0.831460
7.396488
1.067418
1.513960
0.651157
0.634142
0.869691
4.325440
14.525591
0.142660
6.302983
0.129137
0.122263
1.411305
0.200738
0.872904
0.244321
0.178617
0.326767
1.548050
0.149305
0.473791
0.098097
0.072924
20.380817
1.315170
0.114967
1.257523
0.547838
0.131016
12.831800
0.133963
0.059295
0.210709
4.714849
0.140414
0.212533
0.190327
0.175081
0.133088
0.245345
1.303887
1.455715
100.756972
0.486294
0.161100
0.096770
0.162518
0.172897
1.080828
4.171784
0.346557
0.077300
0.209237
3.415197
0.788186
0.164071
2.226030
0.265387
0.115864
0.105642
0.053780
1.835265
0.070474
3.095520
0.782443
0.237519
2.375048
1.209258
1.165804
8.279710
0.805010
0.366193
100.014215
0.216104
0.342511
16.131391
1.225120
0.741498
0.088878
0.111823
9.178565
0.485046
0.078647
0.385236
5.556076
3.350950
0.267314
0.291265
0.115203
0.171910
0.068309
0.142908
12.995421
0.344139
7.056732
0.890956
1.308604
0.063781
2.372829
0.243643
0.385720
3.021113
0.273467
1.497716
0.954068
3.151167
0.183096
0.790846
0.079397
0.068072
0.224022
0.156056
0.068820
0.469115
0.425253
0.997415
1.030460
0.062567
1.101486
0.772255
0.091800
2.830296
0.332086
0.339884
0.241873
0.616004
0.677913
0.220769
0.862211
1.174692
0.383140
0.716470
1.883988
0.137843
0.578843
0.790581
1.346432
0.069571
0.364041
0.231216
1.144087
0.185477
0.268260
2.163736
0.145082
0.181589
3.521078
0.348898
3.513454
0.505250
0.200762
100.343522
0.111954
3.444770
0.270724
0.080971
0.312003
60.355077
3.820369
0.143574
0.649457
1.213495
0.298225
0.147923
0.568615
0.355211
2.189990
0.171339
0.264363
0.064571
0.948410
0.157980
0.177868
3.719711
0.209847
0.427411
0.180027
0.485953
0.380745
4.377898
1.711211
0.118342
0.074685
0.085794
0.715594
0.153267
0.086947
1.588137
1.380666
0.923681
0.189442
0.219169
0.158929
6.723451
2.730485
0.277562
0.120957
1.528344
0.127082
2.479468
0.684201
0.171490
5.543945
0.056659
0.071937
0.137033
0.156908
3.244436
1.146861
0.135747
0.175202
2.744914
2.390268
8.744861
0.340815
0.253091
1.581496
0.555118
0.722203
2.410648
18.166742
0.223908
0.102062
0.666407
0.724865
0.418794
0.062242
78.023383
1.400247
0.205597
1.983489
15.144124
106.152338
0.820760
1.054083
3.559397
4.554463
0.318026
0.122919
0.274700
0.540364
2.292082
1.950565
0.486358
0.565162
0.061018
5.440463
6.613375
1.098095
0.123134
1.638612
0.193531
97.620056
0.226599
0.951555
0.117641
4.071058
0.173789
0.268759
0.459028
0.502502
0.242073
0.236646
0.266343
0.311452
0.582002
0.204151
0.209825
1.330941
0.308255
0.170793
0.068477
0.205822
0.170771
0.173375
3.425384
0.283325
0.748362
25.532611
0.192271
1.014382
0.781510
1.619687
0.838253
0.114907
0.975484
0.116478
0.162631
0.417074
0.135580
0.663002
5.249553
1.078739
1.823268
0.148152
0.243431
3.608665
0.095196
0.502886
0.905744
1.644434
0.140026
0.436784
1.397357
3.770962
2.654135
0.208355
0.073600
0.094908
0.414883
0.086527
0.157036
9.616067
1.818875
0.765697
1.271666
0.817959
3.560363
1.454950
0.324464
2.198664
0.388607
0.152676
1.008066
1.204884
1.219278
0.076492
0.060584
0.116019
0.371878
0.173162
2.407794
0.127223
1.017774
0.263742
1.261484
0.235469
0.902848
0.255045
0.236108
0.101030
0.060151
0.080667
0.500821
0.171185
0.872941
0.202582
4.848785
0.282322
0.586723
6.573113
0.094493
0.944503
0.092117
2.238539
0.551310
0.179128
0.384604
1.096888
0.207400
0.219528
0.786910
1.669973
0.168382
1.362897
10.095175
0.303873
0.175007
0.915461
3.699063
0.345527
1.088797
0.968554
0.412933
0.419194
0.893490
0.258886
0.135270
0.313651
0.613123
0.466274
1.116063
0.163299
1.942489
0.363224
0.413528
0.113042
2.971613
0.104985
2.613619
65.223473
2.992657
1.010192
0.334947
0.105822
0.101003
0.481941
0.106648
0.336137
8.914393
0.071025
0.361606
1.225435
1.475432
0.518253
3.511867
0.171668
0.604625
4.674177
0.706476
26.042142
0.218456
1.637472
1.308100
0.117270
0.211910
0.112697
1.821223
0.130481
5.451899
0.202853
19.212466
0.180868
0.403529
1.232800
1.182022
0.299803
1.280566
1.173054
0.298916
0.157856
2.329937
82.297867
0.442371
11.361449
4.922148
0.566441
1.660733
0.097864
2.413636
0.295825
0.032917
0.597184
0.390648
0.510992
0.234610
0.055451
0.262888
0.056504
0.371644
17.761505
0.156054
0.257891
1.801122
2.422987
75.814903
3.865739
0.323362
0.171008
0.069404
0.581087
1.132039
0.510478
0.533177
0.123119
4.884192
0.539685
1.599943
12.482531
0.277091
2.713153
1.909585
0.095358
0.216080
3.834161
0.083941
0.067506
0.264236
0.339767
3.180947
3.012610
0.577513
0.139862
0.564056
1.673475
0.144454
0.300131
0.184963
0.175781
0.418297
1.719000
0.490702
0.290774
0.762638
0.251035
0.176877
0.376847
0.636159
0.077717
0.263787
0.124891
0.386579
1.243498
1.263330
1.506203
0.832510
2.484094
4.727739
0.111715
0.283615
3.065482
0.466571
2.663555
0.222140
1.557840
0.874759
1.087185
46.965910
0.340085
0.194190
0.995999
5.560425
0.777030
0.648712
0.136624
0.292814
0.362918
40.594992
0.396568
0.152455
2.857599
1.746219
0.097363
2.942638
0.256513
8.543518
0.348970
0.101066
0.135342
7.677830
1.600408
0.256602
0.862143
2.949916
3.329509
0.644500
0.203721
0.165733
1.506877
0.086996
1.495647
1.029384
1.154417
0.304715
1.050971
0.135756
0.393243
0.404022
0.098948
1.633132
0.506315
0.682865
0.094803
0.467122
0.108965
0.427284
4.541948
0.401691
0.812976
0.159332
0.097299
0.058301
1.202247
0.668447
0.329037
1.249875
0.081231
4.863706
6.758760
0.168759
0.372985
0.198691
0.343741
0.232820
0.777035
2.623297
0.248581
0.368470
0.191790
0.291258
0.381771
0.624085
0.198901
0.405422
0.482983
0.100147
0.235161
0.328264
1.667739
1.943829
1.076136
0.464881
0.592053
0.382276
0.204649
0.116570
1.728892
0.513609
0.361705
1.615623
0.143433
0.293922
3.383344
1.450130
0.810777
1.210011
0.785322
1.914909
0.532731
0.637110
0.723070
0.050556
0.137336
1.104227
3.632696
7.340080
35.451512
0.661937
3.347866
5.137248
1.219499
0.374896
0.111176
0.573311
1.148771
0.073381
0.497984
0.281182
0.911335
1.594536
0.180186
0.098809
0.277073
0.981728
0.089009
2.400443
0.667987
0.628952
1.286113
0.345060
37.997295
0.558923
4.922698
0.184269
0.265846
3.667251
0.082503
0.104528
1.225480
0.325392
1.492742
0.127626
0.246505
1.421823
0.323526
0.348123
0.122192
4.757689
0.634455
1.640120
0.305607
0.387435
0.099236
1.006811
0.131560
0.201212
0.100158
0.073060
0.156436
0.663358
0.415910
0.269034
4.976063
0.216905
0.208733
0.252250
3.645863
44.107558
0.748371
0.278234
1.671493
1.291458
0.394404
0.114696
0.969284
0.296989
0.281133
0.164343
1.414447
11.739122
0.367865
0.568336
1.595970
0.188512
0.340415
1.507957
2.780985
4.786086
1.424719
10.285692
0.440177
0.148085
0.396743
0.134470
0.111708
0.443603
1.568231
2.146487
104.768136
1.110984
2.272280
5.080914
0.072952
1.342974
0.389185
7.535592
1.341896
0.104377
0.118274
11.139549
0.366464
0.198254
0.829258
2.907794
1.564661
0.098795
0.444427
74.590187
0.263782
0.243487
0.239555
2.174478
0.208142
1.840243
0.900286
5.757907
0.481729
0.299852
0.228100
0.914684
0.248455
2.497409
0.621914
2.973176
0.189980
0.299139
1.882471
1.115176
5.284644
0.474762
3.255070
1.096830
0.050931
5.929529
1.583013
0.728348
4.005966
3.064580
1.159640
0.047653
3.284117
1.880787
0.746617
3.084641
0.671669
0.121326
0.380530
13.792072
0.521473
0.449566
1.230002
1.704253
0.048916
0.331639
2.638859
0.192994
0.172183
0.176983
1.394973
6.891850
0.758585
0.224483
0.268873
0.931987
0.305882
0.239726
1.946479
0.641378
0.185030
0.662636
0.554948
0.547989
0.631414
0.043079
0.783890
4.808328
0.112762
0.059144
3.273013
1.093569
0.649486
1.806390
0.301165
1.134001
0.215376
0.351044
0.278957
0.269262
29.619954
0.144901
0.302091
2.069770
0.541496
24.878649
0.164074
0.110408
0.527589
0.318304
1.593859
0.660022
0.329117
0.315674
5.856241
1.011696
0.142117
0.295585
2.520151
2.383067
0.335801
3.221458
0.493978
0.121082
3.833501
38.523755
0.345188
0.379310
0.167189
1.157083
0.211477
1.198917
0.076358
0.436799
4.148353
0.130594
7.342359
3.020977
0.071731
9.749095
0.208663
0.451217
0.126131
3.669183
0.340646
0.353030
0.046769
0.660878
0.186464
0.355695
0.373570
0.637935
0.489880
1.669052
1.450510
0.255214
0.121034
0.552999
0.302947
0.128521
0.222561
0.216182
0.684727
2.691896
0.619334
22.027595
3.251001
0.104219
0.037206
0.234113
0.475450
0.341978
0.209172
0.118283
4.289728
1.387013
0.348386
0.249190
0.192348
1.347453
0.132409
1.933888
0.147137
0.704765
1.143407
0.894593
0.288589
0.447232
6.084222
46.184835
0.146907
2.477931
0.117413
0.688875
66.066379
4.158956
0.252635
0.901743
2.015782
0.683354
0.216720
2.825209
9.581547
0.751294
0.332758
1.838697
0.456719
0.801469
0.185534
11.477005
2.649415
0.498730
0.246702
0.769260
1.693895
3.164944
0.556645
7.293980
0.303966
0.559700
1.478530
0.571142
0.079268
0.389073
0.097726
0.165272
0.614615
3.728872
97.775062
38.773233
94.704842
6.797149
2.625213
0.216841
0.076371
0.359054
0.139017
0.027084
0.291362
1.125159
0.163352
1.412299
0.103991
1.011862
0.117007
0.076894
0.126912
0.772511
0.359233
0.346202
0.463446
0.088533
0.471434
0.068430
4.456723
1.345965
1.023405
0.345242
0.386445
4.860007
1.800761
0.318983
0.168976
1.221922
0.134518
0.164866
0.204181
1.085501
2.282473
1.025251
0.180102
4.868132
0.235768
0.342124
0.087794
0.051102
0.570750
0.160207
2.890046
0.991451
1.695406
0.135706
0.169878
0.094990
3.739620
0.106653
0.695825
63.312013
1.161915
0.102420
0.473175
0.163512
0.146417
1.422808
0.778832
0.550999
0.934563
0.092262
0.749011
0.203931
0.144461
0.165066
1.015436
0.077805
0.577613
2.283282
0.240682
0.134834
0.039572
0.400372
0.129126
2.837968
0.258857
1.030498
0.856105
0.129254
0.430726
0.161508
4.673252
0.391014
0.300695
0.126054
0.088910
0.476269
0.264360
0.472773
0.115829
1.594099
2.718935
0.421984
1.282259
0.428784
0.390810
0.514699
5.478428
4.741390
0.140659
89.568972
5.876842
0.739481
2.839208
1.807980
0.474742
0.393881
3.063462
2.599187
1.829391
1.624066
0.313238
1.253810
0.212154
0.161138
0.946203
0.337127
4.458448
3.378896
0.110984
0.451455
0.736144
2.325785
0.107491
0.134383
0.348718
1.636809
0.129121
0.263276
0.120558
1.159523
0.089825
0.523095
0.798571
0.647981
0.170522
0.439053
0.130033
0.083006
1.485024
0.207497
1.125079
1.193836
0.823236
0.071199
0.300195
0.219583
0.249757
0.127628
1.083916
0.089889
0.510483
0.406892
0.132142
0.163227
4.928812
2.587751
2.882587
0.317859
19.424887
0.930773
0.156012
1.357546
0.537219
0.132418
0.081233
0.122210
0.194297
0.357339
1.612027
3.220934
4.342086
1.132145
3.493827
0.079792
3.757218
0.284132
1.038336
5.972462
0.179066
0.376390
0.892193
15.075172
0.542592
0.553717
0.567177
0.266698
0.785419
0.076723
0.601694
0.103121
1.093368
0.131028
1.058495
0.130728
6.027724
1.194417
0.801018
6.791132
4.648979
1.351325
6.326359
38.707706
1.212282
2.449907
3.623479
0.266313
0.085651
0.216051
0.561886
0.071056
0.149137
0.128494
0.464433
5.387962
97.887941
92.967885
1.312537
0.521645
1.463529
8.079364
0.352361
79.653411
1.589027
3.634456
40.121087
33.796917
0.462666
0.353477
0.299143
1.871190
0.317145
0.208994
1.463155
3.507769
0.672894
0.138956
0.949495
4.390106
0.149333
0.087463
0.087035
3.647114
20.296970
0.268249
0.784283
0.223691
0.135164
0.147365
0.203147
1.551302
0.254095
2.298040
0.530963
0.090394
0.113958
1.372924
0.590928
0.088958
4.508075
83.904073
0.392234
0.891080
0.373211
2.721913
0.588217
1.853599
3.822214
1.413883
0.355368
1.486822
0.447156
0.137904
0.547424
0.341667
0.145017
0.619543
7.230335
0.455433
27.041007
0.217237
2.399174
0.116558
0.128436
0.400378
0.198500
0.088828
0.408658
0.482424
0.348398
0.184116
0.053721
4.166014
3.152118
0.090740
2.935615
1.590706
4.385658
1.084974
0.333860
0.221781
0.236703
0.710712
0.077629
0.150755
5.285482
0.461085
0.563877
25.053561
0.407697
0.392212
4.404316
0.382160
0.092909
0.417439
0.096394
0.034911
1.482497
0.089501
0.874108
1.741757
12.273820
2.184795
0.145897
4.242582
2.512440
1.119868
0.289604
1.266234
0.547823
0.132546
1.465024
0.372242
0.067300
0.301872
67.081082
71.236729
2.107257
0.200669
2.505553
0.316955
0.729488
14.173162
0.090690
1.130384
0.381535
0.497042
71.174634
0.375138
0.081378
2.500732
0.520977
0.078307
3.521718
0.051138
0.758097
0.237190
41.019825
0.256277
0.099624
10.047862
1.268116
0.235056
0.088618
2.296154
4.942781
0.632741
0.248641
0.129089
1.899172
5.910241
3.792804
0.585156
0.106581
0.666665
0.299981
0.245611
0.045563
0.251371
3.226951
5.321321
1.637174
0.229000
2.833474
0.108928
0.226752
14.055875
0.172386
0.057189
0.100367
4.895011
0.139924
0.328671
110.570977
0.767419
1.157832
0.319815
0.692254
1.182368
0.220817
1.289792
0.495535
0.270965
0.366268
4.964897
0.081413
0.517733
0.103471
0.547500
0.079309
0.547542
0.208632
1.961449
4.698834
0.127236
2.307908
0.785831
0.421555
0.146682
3.440413
1.865422
0.071841
0.189765
1.325683
2.994487
0.531627
2.014387
0.445825
85.457245
0.550615
0.133660
1.351293
0.324862
0.105807
0.132419
1.817222
1.265014
0.203040
0.180704
0.320296
1.237226
0.232943
0.098863
2.042403
0.673022
0.095752
0.233779
0.173990
3.013864
1.225822
1.565330
2.965221
0.079503
1.145942
0.502166
41.060466
0.903688
0.260061
0.198473
74.998893
2.358421
3.171468
0.608889
0.295184
0.611523
0.953882
0.954807
94.120272
2.848766
0.363350
1.155456
0.205282
0.231960
1.008978
1.058305
0.161001
0.154310
1.233313
0.169719
0.654250
0.208171
2.435201
0.992660
0.201878
0.599338
108.975841
0.642033
0.167529
4.827191
0.576474
1.155644
1.444371
0.049948
3.249622
0.201221
3.866968
0.055435
0.950219
0.283175
2.737307
0.657529
0.703080
0.114019
0.083446
3.723433
5.925521
0.307762
0.261481
0.670555
0.581016
0.651440
0.081154
0.141631
1.056457
0.385465
0.123618
0.061654
0.063791
0.176049
70.566830
0.446307
0.149959
7.042290
0.187212
0.344036
0.493836
0.556481
0.222967
1.000477
22.379420
0.672308
0.110940
0.469384
0.099805
8.181234
1.797020
0.110765
0.090644
2.183662
0.206364
8.874111
0.072662
2.323509
0.311403
0.169035
0.079931
0.190022
0.124064
0.101064
0.058453
0.060131
0.683724
1.326077
2.302800
0.276054
0.281216
0.236600
4.018485
2.899079
5.471150
0.624889
0.294115
0.404268
1.682457
1.525003
0.325897
0.287041
0.981805
1.526474
0.386647
0.566735
2.940492
0.999527
68.766413
2.605115
2.811750
1.216097
1.366149
0.901794
0.209121
3.389724
1.585254
0.108985
0.384750
1.322395
1.960552
0.851510
0.314187
0.644354
0.215180
0.385971
1.419722
0.502552
109.186703
7.922349
0.133883
0.967465
0.799352
0.092731
0.617794
0.683628
2.579090
0.232385
0.188443
0.335364
1.181252
2.802268
0.429224
0.088779
0.114147
4.122641
0.225404
4.094386
5.214493
0.918680
0.901862
3.935109
0.212045
0.569818
0.389920
0.109704
6.722856
0.799970
0.289252
2.013074
0.709726
1.245584
0.555347
0.524778
0.231616
0.073909
0.384303
0.395573
0.202621
1.151133
0.545640
0.470905
0.075937
0.287671
3.271432
0.230214
2.377179
0.461622
0.875416
0.706451
0.768524
1.998490
4.832442
9.859041
1.031439
0.207814
4.064213
0.486173
2.896514
6.932375
0.651255
0.385321
110.794954
1.559732
1.133465
0.590298
1.547135
0.581224
0.337222
2.793864
0.058381
0.079144
0.088218
3.892268
0.842893
1.455711
0.940616
2.957144
0.187977
1.402542
27.010565
2.528360
0.134706
8.913208
1.050217
0.483510
0.042476
2.681094
0.781134
0.245274
1.227229
0.074916
0.228481
0.171070
1.179963
0.373904
0.203392
0.243227
2.397686
0.283723
0.092944
0.266427
0.367520
0.455085
0.590112
0.168209
2.692722
1.854409
0.410074
0.395815
0.360271
0.741572
0.416380
101.824895
0.178473
2.570385
0.507118
0.245003
17.319034
0.088825
0.087377
0.145419
2.772768
0.238462
1.514700
0.195662
0.532808
3.295706
0.230867
27.420906
1.241981
1.534394
0.262013
0.144177
0.322807
0.239438
3.514007
0.247676
4.328415
1.386934
0.210784
2.101861
1.336797
3.775376
0.352261
0.327200
102.578804
0.148393
0.265096
0.180774
0.397174
0.284426
2.130806
0.204686
0.542411
1.811634
0.432014
0.205691
0.321843
0.959441
0.769640
0.120454
0.395578
2.588779
0.375048
1.334798
0.691961
0.173540
4.459007
0.861108
0.182195
0.320688
2.225756
1.713315
2.306743
0.268295
1.583095
0.132237
0.075736
0.675626
0.138410
0.307347
0.294804
1.434896
3.896121
0.597079
0.071990
3.115629
2.385438
3.481935
90.918491
0.267005
0.512424
0.087907
0.107084
0.393805
0.640107
1.387977
3.019432
0.604622
4.542243
0.073145
0.117044
0.188196
5.017994
3.638726
1.609608
0.255518
0.084060
0.089737
2.837749
0.138451
37.424776
0.130698
0.582193
0.320968
0.059982
1.540339
0.375871
0.088772
0.217283
0.394421
0.537290
1.002081
3.260152
0.128218
0.680586
0.087288
0.115760
0.253651
0.136529
1.366248
10.927561
0.897669
0.063356
0.150031
4.659414
2.074243
39.663756
0.542352
2.876820
0.164786
1.601715
75.601417
0.282644
3.582294
0.125073
0.071431
0.111028
4.844000
0.531638
0.059391
0.225886
1.520048
0.223260
23.335927
26.245548
0.151137
0.119305
1.245772
0.120980
0.081851
0.459507
1.123615
0.178397
0.216020
0.051421
0.084640
0.164570
4.406804
0.217168
74.255392
2.898001
0.525958
0.071154
0.247697
0.580849
0.091190
0.903758
3.596579
0.156057
0.222520
0.816079
11.092125
0.648963
0.288250
54.667703
0.551853
2.337125
0.131249
0.465357
0.379712
0.106778
0.389641
0.247978
2.162032
0.132795
0.785921
4.351693
0.446177
0.192379
2.894675
1.364974
2.239693
0.330571
0.977310
3.155905
5.834273
4.533869
0.125299
0.498978
84.767594
1.361066
0.376973
0.274275
4.762283
64.534047
0.597106
0.109137
5.198460
2.349649
3.325280
0.171382
16.820639
74.873816
0.976147
1.281077
0.970844
1.152914
1.021895
0.170439
0.169310
0.140539
0.727432
0.121876
1.327489
87.666781
1.410523
0.432308
0.069296
0.164604
0.246513
0.238519
0.330825
0.151874
0.977967
0.720161
0.630858
59.695707
0.214353
2.189582
0.102054
0.375496
0.481197
0.080354
1.865992
0.088548
0.243327
0.190468
3.975016
0.199946
0.089343
0.076871
1.379884
3.573537
1.409523
0.087222
0.096885
2.056729
0.142423
2.300275
0.046603
0.180781
0.162214
1.723912
0.097663
0.215666
0.374959
0.486747
0.078179
0.057296
0.381252
0.095762
37.014091
0.486977
0.052584
8.741852
0.560044
8.128829
1.480200
72.941387
0.166516
0.267249
0.091399
0.195532
1.197636
0.734623
0.198139
66.968013
1.261942
3.695967
0.342557
0.370473
3.256780
0.226329
1.699802
0.067998
0.839458
3.788684
0.282197
0.335511
0.500599
0.487855
0.092733
0.103760
37.374717
0.414259
0.459462
0.069125
2.441281
0.228162
0.315929
0.192007
0.056137
0.202938
0.312254
0.069309
1.155382
0.154375
0.368065
0.261166
0.151055
0.638047
0.370993
0.528145
0.229306
4.039696
0.660675
0.101454
0.111931
0.085047
0.064654
2.002078
0.366193
0.069312
0.058557
0.931129
0.822060
0.339514
0.122685
0.383230
2.246360
0.082867
1.173339
0.364424
1.431580
0.207764
0.304542
4.395545
0.095350
0.101430
0.075563
1.083460
0.320754
1.550772
0.338396
0.271334
1.253352
0.126149
0.226229
0.173178
105.199860
0.252298
0.302308
0.339797
0.367425
7.060681
4.621335
0.466402
0.539435
1.797144
0.227363
6.192460
0.693854
1.555180
2.277882
0.069756
0.424338
0.415751
0.575303
2.349742
4.035505
0.202121
0.198414
0.378920
18.609025
0.641551
1.285102
0.399510
0.538312
0.260786
3.839930
2.621766
0.496857
1.312089
0.299906
0.300921
0.259821
0.263878
0.309597
0.061374
1.000299
1.622258
4.555488
0.831442
0.753805
0.436615
5.736294
3.835991
0.094605
0.602736
0.175447
0.202373
0.467835
1.796535
0.673767
8.825278
1.682072
0.062695
3.329639
0.950507
0.108690
1.365578
0.185824
1.196576
0.154505
0.114958
0.310136
0.113538
0.222788
0.283406
0.223109
0.360611
1.582601
1.515202
0.137760
0.380634
0.236325
0.320367
0.139612
0.185754
0.222761
0.206178
0.580223
0.140535
0.127679
0.097527
3.277482
0.193201
0.303662
0.902591
0.058666
0.365737
4.458326
0.598680
0.213329
1.432124
0.233118
0.684053
0.628207
0.202182
5.136066
3.431785
0.274449
0.070568
0.063687
1.159449
5.252257
0.283775
40.841311
0.799284
0.089204
0.158505
0.106527
0.788523
0.031767
0.073706
4.267195
0.583386
0.221026
0.587704
0.073660
1.350553
0.125018
0.674780
3.279171
0.324565
0.262314
0.702754
0.473139
3.006834
0.258272
0.104078
0.312405
1.222951
0.299798
0.111231
0.043398
0.081615
0.126060
0.189868
11.791782
6.523293
3.327828
0.122399
0.138509
0.103884
4.121629
0.056277
0.369561
0.099523
0.099385
0.437571
0.337983
0.701477
0.333296
1.908013
4.512080
0.107258
3.404810
0.126290
0.960262
0.289092
0.084169
0.363750
5.490035
0.493579
2.398969
0.784770
0.321274
4.781192
0.142656
3.841058
0.074557
1.584111
0.347633
0.563816
0.339190
4.081070
75.016711
1.196115
3.801554
0.199883
0.377950
0.539547
6.084287
0.158414
1.950528
1.887487
0.267413
3.926498
1.049851
0.648611
1.287217
1.453910
0.861662
4.015878
0.584144
120.236715
4.718195
2.858373
0.119731
0.333301
1.455520
0.091472
0.197510
3.012811
0.075281
0.339262
0.763904
0.511930
0.122473
0.498946
0.169409
0.305542
2.366757
0.298450
0.359839
0.636208
3.681029
0.219614
0.217108
0.108430
1.391419
0.372461
104.139927
0.417699
0.837598
1.234531
0.075022
0.769786
1.202301
0.532573
2.060613
0.265522
0.405558
0.231966
0.660202
0.894673
0.400031
2.377383
0.687080
0.400566
0.624011
0.552754
0.089034
1.087392
0.262469
4.234441
0.112881
4.090543
0.047313
0.087362
0.272467
3.283103
3.104231
1.182841
1.032991
1.087325
1.714159
0.182374
0.090710
0.116872
0.820258
0.221922
0.480837
1.190864
1.097351
0.081666
4.784228
0.444264
0.278594
0.243950
0.036750
0.734254
0.191281
1.001602
0.208787
0.162511
0.163705
0.467480
0.143111
98.776446
1.287768
0.261745
2.684361
0.468136
1.095674
83.479438
0.384844
0.132175
0.918117
0.090060
0.198906
7.277639
2.670527
1.799907
0.113899
3.958624
0.347705
1.653687
0.163886
0.151424
0.328022
0.190413
5.005330
2.308124
3.694995
0.311898
1.149938
0.246861
0.240051
0.234782
0.097824
0.055249
0.178465
0.134018
0.757934
13.353163
1.307320
0.453454
0.305783
1.076103
0.083255
4.406430
0.840332
0.150954
0.066283
0.077795
0.397200
5.716826
1.337148
2.600255
0.223678
3.147054
0.207926
0.359569
0.347308
0.647238
0.275557
0.767671
0.083633
1.654152
0.366099
1.860576
0.547716
0.285455
0.388040
0.159404
1.941495
4.278132
0.089261
2.689977
4.823016
1.061220
0.450176
0.168921
1.909112
0.182148
0.921798
0.179988
0.521484
0.299468
0.537215
0.120792
1.241594
0.144792
0.221458
0.389389
0.795065
0.600942
1.445675
0.126863
0.351396
0.197708
0.140933
0.127177
3.800650
1.654411
18.061569
4.795951
0.198933
0.109473
0.566933
0.394173
0.111233
0.295933
0.078869
1.098943
0.213243
0.307735
15.467850
1.058129
13.325492
0.162327
0.343464
0.221059
0.856458
25.605153
0.528667
0.091376
0.638868
0.237799
14.708977
7.676370
0.508779
0.203155
0.139986
0.123638
1.035081
0.501534
0.075072
0.367922
4.516032
0.122566
0.159106
3.836793
0.179296
1.511939
1.320731
0.257663
1.024954
1.246663
0.349278
69.990344
0.212170
0.451205
4.318661
1.246432
0.191239
1.743563
0.473036
0.569792
0.597069
0.143049
1.283573
5.175490
0.063261
0.857643
0.923395
1.487428
2.521866
4.526535
0.254319
5.316241
1.736601
0.871903
0.679090
6.328349
0.401394
0.249011
1.559470
0.419317
1.204093
0.220632
1.246945
3.639922
0.398427
1.064255
0.296895
2.525044
1.076073
0.128499
2.525013
0.215605
0.347757
0.665833
4.489010
4.635452
1.718285
2.635415
0.438988
0.065864
0.052287
0.442100
0.226050
2.123188
0.187468
1.237750
1.444800
0.240575
4.261766
0.052286
0.175550
4.604089
0.138214
4.827105
0.441341
0.082620
0.329521
0.240296
1.968453
40.597490
0.435005
0.196523
0.127207
1.352143
0.471798
0.121786
0.626137
0.388869
0.851749
1.048921
25.907562
0.458106
0.197233
0.338622
1.693464
4.750437
0.361482
76.641726
1.687314
0.248023
0.244836
0.085938
0.585423
1.032518
0.183313
0.286025
3.900420
0.066958
0.409000
3.521747
0.089415
0.050452
1.613061
1.702598
0.138865
0.131028
0.151431
0.581145
0.744538
1.879074
1.685297
0.188033
3.112505
1.329908
0.624741
0.380504
0.070780
0.361563
1.099780
106.486889
0.209570
0.518337
1.179707
2.716403
0.213950
1.045099
6.130734
5.278495
0.455568
0.104117
6.477205
0.423007
1.261956
0.142184
4.470274
0.389259
0.219042
8.131276
0.359223
5.859219
2.031387
0.388246
0.095465
0.079928
6.715337
7.662675
2.793043
3.175545
0.472825
0.197514
0.174111
0.173959
3.863823
1.101709
0.062171
2.851831
0.138460
0.331741
1.103908
1.088841
0.192316
5.173757
0.992411
0.640008
3.399439
0.563304
0.057628
3.793166
4.644187
0.300999
0.342965
1.858352
1.893883
0.208902
1.452971
0.304764
0.392367
0.162695
4.703541
2.106097
0.323133
0.061234
3.926441
0.219818
0.099113
0.346039
1.356651
0.100216
4.614793
5.591785
28.583696
0.369654
0.120454
0.134523
1.238643
3.887352
0.879505
1.961490
0.291475
1.387319
3.756484
0.454800
0.159838
0.269470
0.606205
1.667230
1.141736
10.320706
8.851170
5.101329
0.343253
0.085555
0.086068
0.431821
0.302205
0.239597
1.232848
1.004054
6.567895
1.494018
0.179739
1.242736
1.183397
0.117991
0.457406
0.232027
1.085398
0.388226
2.635330
0.414826
0.457703
1.446979
3.367503
0.146669
0.107903
1.462365
0.177098
1.406795
1.214392
0.396291
1.211936
1.023506
0.498067
0.030996
0.120476
1.026352
0.081675
1.111464
1.099332
3.346471
0.336859
0.192344
98.178410
1.316456
0.618427
0.082087
0.158561
4.770836
0.785734
0.092226
1.159192
0.354242
0.260146
0.374898
1.301985
0.046174
0.931157
0.241289
0.090062
0.447219
4.150955
0.662669
13.138381
0.685189
1.646491
21.965445
48.195525
0.176946
2.445027
0.557662
0.262302
0.682380
0.070208
0.099570
1.109469
0.228380
0.116498
0.434412
5.789577
0.151729
0.176155
0.496995
0.065400
1.210209
5.562292
0.556260
0.241983
0.509933
0.511298
0.347258
0.171639
68.143086
0.226107
5.489669
1.272552
4.402500
0.159393
16.163678
6.641904
0.084402
0.459853
0.560528
0.155450
0.588438
0.513467
0.092003
0.697240
0.238040
1.043533
0.506804
0.919396
0.931238
5.187311
0.416705
0.385694
0.165781
0.748500
0.166898
0.578295
3.349947
1.116714
2.708554
0.049705
1.252008
0.136585
0.424271
0.112229
0.797501
0.344960
0.239397
0.334079
0.503214
0.489547
27.094593
1.560261
0.058482
0.039857
1.952123
0.562420
0.116838
0.094316
0.104361
0.138188
0.419443
104.531179
0.279350
0.647962
3.631261
0.555667
0.539159
3.218233
0.196749
0.268926
1.234775
1.393157
0.432583
0.156398
0.095745
0.095275
0.414395
0.116753
0.334901
2.421659
0.392671
0.147634
0.120379
0.459443
0.172475
2.583283
0.093461
0.304199
2.586466
0.457964
1.057090
2.684653
4.916029
0.264731
0.092138
4.483646
0.451207
1.048491
0.909433
0.218101
1.334095
0.348516
0.195206
0.112961
0.413662
0.269944
0.090910
0.306679
0.191307
0.361890
0.334280
0.760233
1.061635
1.225457
0.068915
0.235863
1.773697
0.419934
0.428220
0.913575
0.915177
0.046886
0.621232
0.219774
0.396213
0.485000
0.324489
0.100222
0.341288
0.372552
0.347310
0.123444
0.254538
0.064442
0.079342
0.087812
0.371951
0.614949
0.182169
0.238981
0.253992
0.317867
0.611310
0.305778
1.336889
0.491273
0.111611
3.973210
1.350639
2.852172
0.119903
0.214448
0.103884
1.110666
0.094288
0.273879
0.046837
27.381767
0.272946
0.034573
77.611180
0.213351
0.227207
1.313061
0.160875
1.354888
0.810131
0.368745
1.480163
1.599475
0.107931
0.282858
3.596886
11.445905
1.793688
0.624730
0.765680
0.215765
0.068061
0.183643
1.773434
0.091798
0.177905
0.654416
0.208413
0.096748
0.361404
0.377131
0.481214
3.274951
1.110863
0.922280
0.066568
4.567493
0.054720
0.097440
0.419057
4.649164
5.120364
0.150540
2.417701
3.446917
1.725876
0.147302
0.562832
0.098593
0.150272
0.403941
0.204378
0.069200
0.080276
0.112823
0.593375
5.882903
0.056544
0.076780
1.219897
2.250661
0.485691
0.199022
0.178373
0.550575
0.108104
0.089082
0.302217
0.629307
33.235697
0.196800
0.109693
0.204974
0.128593
0.355802
0.564239
0.041413
0.234502
0.056786
0.057414
3.966134
0.163957
0.383655
1.449398
0.346576
0.095712
0.536360
3.794358
0.863883
0.103627
0.199102
0.937296
0.388640
70.054750
0.102896
1.404460
0.352355
0.091377
30.445812
3.919509
0.447306
20.080343
1.270744
4.551695
4.706625
0.201162
0.365669
0.088085
0.313559
1.809515
0.298407
0.112423
2.406964
0.208879
0.089976
0.538731
1.676894
0.283109
0.138332
0.556075
0.592558
0.954830
0.189100
0.627351
0.530147
2.306983
0.543098
0.227039
23.683228
1.192775
0.623832
1.464770
0.115297
0.146500
0.430215
0.368945
0.172417
0.140295
0.088278
8.691524
0.269612
7.169027
0.390082
0.062345
0.225076
1.396894
0.405565
1.647216
0.272169
3.270728
0.101372
0.509328
3.901658
0.220501
0.715619
0.491396
0.322712
0.361285
0.453952
0.378863
0.477875
0.208016
2.237707
0.250635
0.117975
0.154912
0.098451
0.123902
39.486647
0.817666
5.793155
1.081520
0.109675
0.277151
4.746238
0.593922
1.110136
2.256308
17.890873
0.134299
0.199075
0.039809
0.825170
1.719475
0.118851
1.307284
2.077059
0.391380
0.083783
0.239564
3.509949
1.416756
1.262002
0.233997
3.759459
0.441238
0.658818
0.359048
0.434234
0.110127
0.212704
0.099654
0.183439
1.405202
0.082456
1.147399
1.348151
0.049655
0.136043
0.061501
0.182870
2.226054
0.345157
0.131894
6.382012
1.647036
0.423703
0.160798
0.670252
0.454031
1.121100
0.982861
1.260019
0.554473
0.217496
0.498434
0.142768
0.930667
0.472090
0.075950
0.447732
18.235110
0.412503
3.055356
0.170154
2.302812
0.319436
2.734572
0.511171
5.570732
4.844784
1.188262
0.197763
0.137396
1.821868
3.834618
1.451274
1.318628
9.509441
0.313765
0.231572
0.169906
0.387008
3.472392
1.516865
4.040116
0.773409
0.709649
0.642649
0.207543
0.401750
0.490435
1.016174
1.062053
0.504162
0.199508
0.081689
0.097520
10.372997
0.315390
0.148984
0.109884
0.267571
1.031971
0.398945
0.311372
0.919749
3.720837
7.861164
0.220936
0.216142
2.194689
0.319285
0.082647
2.554081
0.302850
0.150531
0.678532
3.453346
0.317921
0.081337
0.064004
0.271177
0.311623
4.342668
1.278345
0.206883
1.061260
1.177456
0.530388
0.178653
0.492822
0.165884
0.467546
0.240958
2.225309
0.264535
0.213475
0.114005
1.044597
0.147581
0.889200
0.199048
3.662682
0.331613
5.696774
0.422380
0.221779
2.912280
2.971406
0.347181
9.935917
0.088844
1.114374
0.090009
1.137012
1.100993
1.569988
2.562467
0.199523
0.205286
0.253133
7.630803
2.963485
4.151424
0.355083
0.503782
0.118963
0.820010
0.731278
0.205737
1.626710
0.181859
91.398468
0.262344
0.115830
0.253377
0.147375
0.264561
0.287342
0.117331
0.582174
3.397893
1.634293
2.577386
0.119028
0.649245
0.367345
0.131229
3.138529
0.309041
0.097843
0.896051
0.250441
0.357044
0.095176
0.814169
0.127772
0.782246
0.096441
0.063971
0.209687
0.778312
0.064113
110.467912
3.427429
1.149585
0.281190
0.393176
0.087836
3.576920
0.863101
0.197237
0.177009
0.296056
3.412221
0.248378
1.825460
0.473115
1.803324
0.177929
1.865894
0.156015
1.307660
2.243182
0.106791
0.619548
0.551018
0.189447
0.108371
0.157546
0.044926
0.111504
0.292231
0.069738
0.751781
1.471547
0.155812
0.162879
0.247445
0.147488
0.281993
0.466146
1.676206
0.261302
0.113967
1.176218
0.509161
1.000914
1.110655
0.403278
2.134423
0.366858
0.303023
1.037520
0.241600
5.308500
0.523497
0.395748
3.689604
0.317951
0.942631
4.994847
4.481067
0.396121
0.097816
0.134556
0.304513
0.538717
107.189954
0.252466
0.123660
77.014091
0.426699
0.979926
0.675111
0.431568
0.068378
0.348211
102.478347
5.258332
0.195472
0.163900
1.401737
0.802970
1.009898
0.753071
0.359968
0.132680
0.269084
0.506685
0.115300
0.551312
0.961558
0.161743
0.405318
0.147842
14.499791
0.097129
1.045522
2.857980
0.274889
30.687718
2.527818
1.085821
0.270311
0.162889
0.388974
1.288209
0.131162
0.916667
1.034246
1.556072
0.199008
0.084420
1.018606
0.532284
0.114960
3.009823
4.007732
1.295722
0.079990
1.226869
0.111049
0.113528
0.431702
2.942429
0.240191
0.225948
0.036738
0.119452
69.559051
0.550516
0.257517
0.177895
0.115733
0.123353
0.085670
2.499583
0.854530
38.161691
0.385208
0.047145
0.681515
7.980140
0.481735
0.306096
0.097276
0.104495
0.290533
1.483075
0.863658
292.033093
0.609781
0.145696
0.739995
0.176700
0.111903
87.288849
0.498235
0.203635
0.775092
0.460456
0.260238
0.395210
0.138733
0.192664
0.101002
0.505232
0.428091
1.031956
0.134211
0.651344
1.618582
0.267768
0.216051
0.196580
0.133141
0.104816
0.101222
1.056948
1.723560
0.711157
1.798476
18.672095
1.248749
0.090208
1.564846
0.633670
1.847525
1.602600
0.270379
0.118559
0.187501
4.925841
1.754589
1.903928
0.797458
4.544736
4.766343
1.194573
1.017164
0.231193
4.829225
0.330687
2.981319
0.462729
0.764912
0.567003
1.096477
0.294186
0.869812
2.586804
0.109766
1.005613
0.208333
0.129577
0.553857
0.426842
75.042575
0.354578
0.385719
0.152428
1.031718
0.862642
0.387230
2.569201
0.699925
0.242834
1.741603
0.362036
0.253261
0.099247
29.898842
0.985605
1.441356
1.070615
0.404797
0.166281
2.561585
0.098461
0.249104
3.279251
1.457685
1.155532
0.961965
4.602540
0.618869
2.991916
1.251762
2.814225
0.364447
2.372213
0.081152
0.460534
0.109601
0.115416
0.901165
0.481711
2.764692
0.114593
0.938694
0.156395
0.178416
0.108440
1.433192
2.551864
2.381873
0.099976
0.669528
1.118762
0.984183
1.509942
2.346909
1.460380
1.478827
99.645737
0.605580
1.131253
0.268595
0.207389
2.498183
1.408350
0.181862
0.135567
5.608843
0.305477
0.529978
0.308266
1.072525
0.107215
0.189780
1.902540
3.212205
0.182135
0.105146
0.249626
0.124471
0.366659
93.378237
0.271792
0.202270
0.429879
0.660449
0.898734
0.072538
1.478831
0.546598
0.288231
2.578939
0.098593
0.111980
0.148595
4.059739
10.825580
0.214202
0.089655
1.130040
1.126647
0.293262
3.257943
0.321514
0.082517
0.142137
25.016139
0.176196
0.084206
0.208588
2.900120
0.216769
0.860797
0.581246
0.488370
1.767045
0.194630
0.700292
0.095502
0.090299
0.107893
0.086742
0.107734
0.163466
0.048245
0.304246
0.146744
0.378528
0.176653
2.592414
1.116781
3.360607
1.619149
0.274870
0.140985
2.238231
1.193477
0.160642
0.244523
0.198157
0.196287
3.919240
0.642234
1.019890
0.056375
0.242390
0.293571
0.976459
0.173310
0.103622
1.454335
0.342868
0.301088
0.782169
0.214960
0.652223
0.377036
6.347154
0.132873
0.263652
0.241850
0.066756
0.568384
1.108380
1.190006
2.523748
0.223976
1.167152
0.318058
0.226367
0.390271
0.225966
0.258361
1.434003
0.514142
0.058859
0.370502
1.224316
103.013467
3.395943
1.307795
0.494393
1.177011
0.093334
0.288579
0.373164
0.283334
1.769407
2.952029
0.909334
0.219809
3.895308
0.562625
0.100261
0.253036
1.008984
1.249490
0.078074
1.094792
2.640693
1.224933
0.074244
0.467175
3.661693
2.257693
0.763871
0.630211
6.301115
0.263636
0.293598
1.268247
0.833265
1.713872
0.414104
1.724570
0.231415
0.088242
0.652887
1.860308
0.125033
0.072823
1.357762
0.522895
0.242964
0.953865
0.359868
8.678952
1.265693
0.218116
21.893857
69.892007
0.344463
0.803047
0.234227
2.027304
3.028759
0.129278
2.255463
3.230343
0.246425
2.760439
0.612908
0.104620
0.467023
8.291745
0.801834
1.255237
0.329532
0.314774
0.315528
0.936970
29.977046
0.300964
2.706298
1.480573
0.118961
0.167855
3.181462
1.165211
0.306920
0.252217
0.072908
9.941941
1.039858
0.405963
0.362260
1.044228
0.136290
2.169324
0.095898
1.610551
2.355263
1.126034
1.440337
73.989392
0.274583
0.716416
0.362222
1.446888
1.943949
0.310396
10.010159
2.004487
1.086521
8.362785
8.442816
0.158011
0.080335
5.305290
0.270450
0.102169
1.242135
0.183383
4.797643
0.246122
12.736560
0.125052
0.155202
0.966691
0.407000
0.696012
2.352544
2.523542
15.790353
0.687903
0.293510
6.007701
0.476413
0.275958
0.683855
0.167523
2.092403
0.912829
0.240104
0.831705
0.435632
0.561344
2.834689
2.056683
2.009571
0.293455
0.158588
0.280653
0.113901
4.978947
0.442232
0.945161
2.541645
21.751677
0.253599
1.225762
5.705042
0.370370
0.845243
0.303420
0.125726
1.130709
0.713680
5.976572
0.136358
0.204906
1.515579
0.902392
0.497747
2.643853
5.558900
1.213128
0.513557
0.915658
0.226737
0.381452
0.718873
0.621984
0.306435
0.644516
1.618888
1.135361
4.695455
41.265036
0.117068
27.743374
12.582841
6.251832
0.582592
0.227970
1.089520
0.502044
0.122417
0.113710
0.392001
0.524599
0.436174
0.136368
0.029769
0.065007
0.770735
0.529103
1.289928
0.432921
1.263552
3.091272
0.651217
1.004211
0.259100
0.116672
2.945654
0.135073
0.095403
0.108082
0.744641
0.232411
0.228234
0.844057
0.219404
0.107276
0.064689
0.239666
2.150707
0.230405
0.304283
0.532967
0.072222
0.113195
0.099201
5.727653
1.148621
0.170424
0.800998
0.262492
0.796295
1.062960
3.277389
0.096132
0.516395
0.340387
0.283816
0.161168
0.237056
0.121832
0.157021
0.157805
12.025470
0.117834
4.757671
2.817367
1.132651
0.271033
0.275463
0.077296
1.198114
0.469472
0.063674
3.638874
1.036371
0.330972
0.182394
5.561478
0.201817
0.153532
0.100694
2.548270
0.529615
0.256402
0.485605
0.042206
0.060331
1.528996
1.544410
1.846299
1.030979
1.078543
0.904230
0.428362
0.470393
0.349167
4.400512
0.451831
0.485495
1.539221
0.994741
0.601396
0.107232
0.225959
0.322391
0.198075
0.175744
1.440878
5.127370
0.172812
0.085450
0.114896
0.131016
0.335294
2.720951
1.168137
0.640152
0.391304
0.328368
0.103881
0.106403
0.101618
0.200968
0.861214
0.497981
40.838464
0.602061
0.077269
0.101742
1.102087
0.254450
0.136300
3.720349
103.666128
0.675928
0.221120
2.804913
1.622243
1.059049
0.680664
0.100114
0.530497
1.027128
1.194943
3.005905
0.157385
0.074975
1.253639
5.209607
1.244115
0.142263
1.533327
0.218592
0.151106
0.139147
1.098544
1.180952
0.296934
3.862724
0.166262
0.830888
0.234249
0.230548
0.270203
1.036842
3.808642
0.545218
2.842388
1.444389
0.513091
2.717976
1.092305
0.323027
0.182008
0.287620
1.093978
0.671079
0.149843
21.410270
0.834464
0.200539
1.319977
0.420300
14.446905
0.721463
0.364086
0.285678
1.871560
0.173391
0.088536
0.316401
2.353322
2.584378
0.553700
0.127127
3.031696
1.365792
43.338150
0.514525
0.164499
0.204337
0.068835
10.228131
0.545938
1.850728
1.054545
1.720119
0.109017
1.499395
0.152175
0.739138
0.093375
0.620203
1.932399
0.820205
5.175833
10.276580
1.599902
0.405150
14.630191
0.362185
0.946349
0.464340
0.375471
0.048374
0.683088
1.048806
2.691332
0.937752
0.124543
0.046826
1.469655
0.398798
4.641112
0.102970
0.420250
3.643329
0.863779
0.991114
10.184037
0.181006
1.512750
0.083710
0.081489
0.470737
0.170967
3.959117
0.156499
1.151056
0.352252
0.248627
4.539450
1.130285
0.395436
0.370109
0.191940
0.756617
0.666134
1.980584
0.949782
0.115056
1.395680
103.041319
0.234637
2.556605
0.234310
0.217288
0.830223
3.082679
0.388609
0.169993
1.241235
0.130988
0.304423
0.685823
0.093223
0.481048
0.491416
0.887125
0.317019
0.067507
0.225147
0.181744
0.076551
0.774079
0.228215
0.151425
0.130503
0.137629
3.676224
0.189182
0.666287
0.403099
2.648495
0.657476
0.077188
0.410663
0.068456
0.980013
0.560564
70.886731
0.371621
0.129880
0.137382
0.829707
0.061731
7.571225
9.336280
0.111261
0.352295
1.515927
0.146335
0.110384
10.108623
2.662979
0.348057
1.347769
10.880360
0.856372
2.621657
1.465852
3.762019
4.122658
0.227186
4.800772
9.811478
0.091398
1.025207
29.502464
0.157561
1.778756
3.471014
1.169801
9.008641
0.384859
0.334052
0.198082
0.309025
0.423758
1.101531
0.399944
0.335617
0.474513
0.125240
1.384451
0.344390
0.366597
0.132425
0.885369
1.405178
0.149680
2.452484
0.351591
43.129604
1.225405
0.417293
2.732953
0.121652
4.084425
0.097634
2.344456
0.392968
0.551975
0.096672
1.502763
0.105453
2.376389
1.430508
0.288359
0.243840
1.415820
1.203562
3.619733
4.807086
0.214818
1.350406
4.556944
1.958008
0.160708
0.254194
0.553658
0.381174
0.364032
6.019401
0.153013
0.200375
0.302445
0.837921
0.992250
0.284141
0.148026
3.378744
8.745864
0.263658
1.021431
0.186280
1.471390
0.385494
4.129321
0.129920
0.120383
0.863970
0.372389
0.100972
0.415324
4.032418
0.367743
0.201539
1.055899
1.532967
0.589390
0.083735
2.150865
0.131710
0.042625
0.305542
0.220141
0.060633
0.663695
0.519148
0.358544
0.280397
0.397835
1.540356
0.181238
0.981023
0.301803
0.221975
2.934113
0.207490
0.684044
9.606544
0.084550
1.232758
0.156206
0.166274
0.373563
0.113818
3.799429
0.735825
0.540709
1.298967
0.194287
0.772012
21.565947
0.181896
3.308970
0.243941
0.798072
0.167884
1.125584
0.529442
0.060491
2.866439
6.849165
0.449420
0.296536
0.081648
0.736725
0.276124
1.040090
1.478537
0.769886
0.227893
0.089026
0.354061
0.322773
1.218383
0.983549
0.183452
0.221713
0.177910
0.301483
1.305307
0.221998
0.836356
0.213309
0.628341
0.144051
0.999349
0.190013
1.169935
0.249322
0.308722
2.533150
1.567882
0.990159
2.224766
0.914098
0.267229
0.144097
3.068562
0.097592
0.302483
0.214768
292.170295
1.940797
2.285178
4.697084
4.155133
2.179640
0.141018
2.172754
0.504542
0.995218
0.342531
0.333494
0.227830
5.114500
1.188072
0.184517
10.702523
1.721366
1.480637
1.010026
7.028488
2.021858
0.230163
0.967269
0.493507
1.681748
0.099020
2.786284
1.039892
1.234667
0.842426
0.203961
1.130089
0.599383
0.396029
23.770945
0.301176
5.033316
0.499810
0.130948
0.371053
0.129803
0.459789
2.901149
7.410493
0.408370
0.242935
0.500276
0.406905
0.552942
5.817956
0.189851
1.649705
1.306675
0.616513
0.170606
0.122865
0.115621
0.046560
3.421816
0.079082
1.260909
0.205185
0.290815
0.061414
1.273920
0.102867
3.306705
2.330458
0.301153
0.125313
93.956697
0.525364
0.120681
3.986822
2.315171
2.616612
0.099039
0.250975
0.093844
0.683601
1.068294
0.128502
0.098443
3.745737
0.516140
4.991267
0.237530
0.040234
0.264568
0.282667
0.448257
0.189467
3.437813
3.230678
2.924975
0.064278
0.179624
1.511381
0.564659
0.285630
12.261563
0.932074
0.157125
3.924517
0.213518
1.071266
0.103127
2.943732
0.191526
0.081367
10.598830
0.221846
0.434557
0.047976
0.398441
0.284310
0.297940
0.295532
0.262860
0.910121
0.073860
0.502938
45.816266
5.194636
0.110937
0.431204
2.845980
0.111908
1.307917
2.006948
0.632850
1.034890
1.553748
0.257605
0.494518
0.205492
1.672470
0.305068
0.451316
0.306882
0.241829
1.154322
31.509885
0.444188
0.232303
0.962255
0.048120
0.632456
0.465187
76.742377
1.247636
0.133993
0.159363
0.852665
0.554471
0.597046
1.521322
2.929242
0.556392
1.635576
1.859372
0.339742
0.721356
1.058733
0.475849
0.300408
0.117272
2.480890
2.290255
0.694935
4.582769
0.276924
0.095719
0.355954
1.151345
1.255099
1.561489
0.275820
0.289136
0.493181
0.243893
0.116196
0.424320
1.112390
0.783257
0.751901
0.622087
0.494062
0.102117
0.121969
0.715653
0.152081
1.608930
0.073542
0.263877
0.062674
3.437013
1.844007
3.632586
0.194041
1.237416
0.086235
0.992151
0.505290
0.778872
15.122525
1.515064
0.401000
2.916468
0.605051
0.086539
0.320834
0.338914
0.387430
0.038591
6.469106
0.893984
0.097636
0.270936
0.257124
0.166177
3.115231
0.345158
0.112104
4.224794
0.172713
0.419566
6.261268
2.345921
1.180221
0.789905
0.778753
2.790106
0.129688
0.433183
0.082772
0.249668
108.478448
2.179736
6.557693
1.314654
0.118738
5.618246
3.036639
0.327102
75.384911
0.688929
0.709082
0.636823
0.152526
1.482656
5.443360
0.090855
0.187650
1.108721
0.192205
3.309038
1.206673
0.168003
10.526652
13.734502
0.245810
7.175676
0.421101
0.088201
0.338122
0.200143
1.893664
0.803888
0.156761
1.039414
0.851888
0.324220
0.078179
0.301680
0.082924
4.672650
0.578134
0.860049
0.603663
2.381093
0.400100
44.742132
0.144451
0.285326
0.685960
0.320569
0.236553
0.175495
1.621204
0.082246
0.215957
0.375840
0.120222
0.521585
0.129672
0.627678
9.396922
0.188343
2.883415
4.136667
0.288979
4.857464
0.601621
0.399829
0.564285
2.496748
0.116275
0.171148
9.925887
0.144941
0.358002
0.190428
20.045767
0.269996
2.130007
0.225612
0.139822
0.339515
0.427025
0.583430
1.382242
0.545829
0.381956
0.136366
1.875881
0.215319
0.608923
0.465704
3.161043
0.490850
0.834899
0.116488
1.451245
0.087555
0.355941
0.301300
5.977709
2.464931
0.129805
1.304687
0.801568
0.221680
0.276223
2.298520
0.102969
1.090257
0.088101
0.338107
4.593694
0.136927
0.126734
0.657465
1.583154
0.431108
0.165931
1.462313
1.862217
0.106542
0.506454
0.115537
0.475519
1.090567
1.632908
0.249912
0.086903
0.794879
0.103896
0.060369
0.302289
0.733471
0.697682
3.741753
0.305181
0.247856
0.264742
0.110594
21.820282
0.589984
2.966830
7.190277
0.083480
0.912017
0.501336
0.159856
7.978684
1.974382
0.175867
0.120307
1.194489
0.919870
0.480295
0.765449
0.632060
0.278115
1.016806
0.154657
1.239637
0.286277
0.405757
0.070346
0.072495
0.175873
0.679147
2.254220
23.467851
2.697605
1.225259
2.436829
0.109975
0.639127
0.415372
1.270985
0.234452
0.197515
5.423869
0.258211
0.882466
0.887459
0.223618
0.189423
1.394775
0.261137
5.085808
0.232438
0.091649
0.168893
0.333247
0.751686
0.120408
0.066979
3.437590
2.973377
0.258409
0.165631
0.708440
0.259643
0.421358
0.585914
1.312304
0.234517
0.212884
0.415341
0.164755
1.173429
0.413466
0.218163
0.348180
0.853832
0.251575
0.195593
0.117205
0.226677
0.056994
0.435979
8.022811
3.519832
0.262856
0.479415
0.138355
0.383737
0.642140
3.890635
0.368871
0.384106
3.564909
3.020507
4.107897
0.393116
0.327000
1.020017
0.547118
0.145518
0.652565
0.186898
0.776313
0.142352
0.216517
0.400223
5.645157
1.210707
0.134095
105.496493
0.225250
0.069644
0.446646
0.410117
0.078609
0.286010
0.370182
0.124216
0.795413
0.101360
0.460438
4.918887
0.648384
0.166048
0.368664
0.092507
1.577747
0.189602
0.284370
0.402768
0.061894
1.116618
4.193493
1.234841
5.870162
3.483983
3.001128
3.120567
0.096848
0.514733
0.183079
14.941133
0.291417
8.938907
0.092646
1.409147
0.330341
0.218517
1.036509
0.185433
0.158031
1.114408
0.305993
1.026798
0.139825
0.709018
0.425252
6.870486
0.433810
0.223050
1.721061
0.338225
0.486211
1.136727
0.159725
0.083930
1.000929
0.348308
0.115166
0.170961
0.868596
9.678663
0.750744
0.747100
1.085030
0.198553
4.779951
0.414195
1.955888
0.752092
0.127900
3.476042
0.389934
0.115783
0.207101
1.185924
0.402472
1.101590
2.162080
1.642724
2.764764
0.057262
0.183009
0.086698
3.964451
1.215344
0.180290
0.545821
0.677224
0.292860
0.354312
31.893116
0.853598
0.872203
0.547450
0.156563
1.056578
2.161590
2.399642
0.908726
0.121175
0.786702
0.553294
8.605229
0.270451
0.286811
1.792847
0.247493
0.297341
0.363794
9.543358
0.217272
0.099706
1.218476
2.341564
0.127039
14.154468
0.342955
1.312674
0.287207
0.278906
0.172361
0.423543
0.751223
0.118909
0.560999
0.486643
0.232654
4.474752
0.652482
0.266135
2.907918
1.286029
0.125105
3.816660
0.121876
0.314746
0.221674
0.451744
1.546254
0.247210
0.214312
0.902138
0.418845
0.138910
2.316645
0.230812
1.403596
0.082103
0.382810
0.582211
8.817110
0.862219
2.857781
4.648766
0.118519
0.340845
0.635750
1.892803
5.159648
1.040163
1.569168
0.822806
0.287411
0.203384
0.631841
0.429050
0.061068
0.648204
0.543914
1.718806
1.213971
3.852539
0.221233
0.231626
0.200322
0.041461
0.123966
0.160753
0.578737
0.063302
1.091273
0.299051
19.173461
0.668585
1.223666
0.148931
2.882539
0.581768
0.214412
0.575845
0.130881
0.250080
0.419993
0.429690
0.564546
0.177647
0.565580
1.723831
0.250134
0.571828
0.880487
0.158385
0.960300
0.041062
1.340478
0.748199
0.084896
0.196637
0.129877
0.211155
4.881463
1.853883
1.885014
0.642019
0.090289
0.057063
0.161682
0.533500
0.550896
0.922955
0.182622
2.905692
0.434311
21.484903
5.038564
1.898538
0.535285
0.468548
1.189642
0.123817
0.389173
2.126755
4.815648
0.150203
3.349147
2.574925
0.143387
0.237943
0.912575
0.153751
0.299663
0.161692
3.349107
1.193324
7.103840
8.476587
1.502784
2.872997
0.915091
0.135549
0.066947
0.472384
0.235047
1.142516
1.837454
0.133977
0.081766
0.275621
1.114038
0.316070
0.246425
0.060179
0.110752
0.133100
0.771108
0.070901
0.116755
4.470230
2.341097
3.705489
0.373104
1.957307
1.420406
0.137963
0.113991
1.262649
0.556107
0.966286
1.915156
5.160779
0.111455
0.307425
0.467294
0.252288
0.286251
0.295642
1.520058
2.626156
1.080935
0.242886
0.241602
0.696297
0.398458
0.118726
1.244277
2.342384
12.048338
0.442943
0.213960
0.121081
0.420277
0.430982
0.103330
7.430795
0.296438
0.207115
0.626377
0.181185
0.314693
0.542407
0.575613
0.107879
0.129223
0.091018
0.090614
0.152420
0.231959
0.133318
2.230386
0.418067
0.160396
0.357744
