# CPU ms: regex findall over CPython stdlib sources
0.086697
0.080206
0.180836
0.064830
0.744915
0.125477
0.007848
0.175589
0.161594
0.195985
0.085077
0.107490
0.036385
0.243540
0.032244
0.001228
0.051919
0.084943
0.001716
0.069134
0.165090
0.155502
0.016349
0.044733
0.839564
0.007070
0.057152
0.002711
0.011178
0.123849
0.162624
0.066441
0.007127
0.001356
0.028037
0.101928
0.026341
0.081201
0.213486
0.013288
0.015500
0.016126
0.011224
1.210222
0.029979
0.010200
0.006081
0.302478
0.008725
0.061017
0.167191
0.014929
0.107734
0.103399
0.006815
0.114654
0.011244
0.014754
0.287627
0.005745
0.054320
0.010174
0.116944
0.001915
0.041102
2.721907
0.076615
0.922369
0.040190
0.019719
0.044906
0.159727
0.101594
0.247654
0.060660
0.019550
0.179131
0.005773
0.159410
0.459486
0.178148
0.234149
0.047851
0.012792
0.101174
0.232291
0.038169
0.017147
0.066231
0.175422
0.024411
0.580962
0.458814
0.007420
0.750495
0.492809
0.019212
0.003733
0.218685
0.008406
0.073048
0.015726
0.397306
0.096106
0.013626
0.008762
0.009934
0.037791
0.627332
0.033033
0.003915
0.095043
0.095575
0.016215
0.253368
1.184646
0.048032
0.022843
0.060449
0.011002
0.106005
0.058107
0.401287
0.028810
0.027040
0.008429
0.429151
0.321133
0.016243
0.062720
0.024485
0.128161
0.790737
0.004627
0.033122
0.059540
0.032412
0.136802
0.274868
0.334538
0.018284
0.111269
0.067674
0.066817
0.052771
0.023158
0.008978
0.267631
0.288445
0.004109
0.201069
0.003633
0.006588
0.034440
0.015108
0.010456
0.038066
0.067087
0.084851
0.030026
0.009527
0.246536
0.006799
0.172508
0.076577
0.015490
0.285546
0.031800
0.003748
0.085230
0.051251
0.025725
0.008709
0.247766
0.005052
0.064348
0.059693
0.031352
0.001385
0.142994
0.600485
0.001627
0.060019
0.179747
0.019433
0.437017
0.043717
0.147614
0.068965
0.015917
0.302141
0.046584
0.205268
0.300596
0.012313
0.661184
0.006653
1.106751
0.102452
0.010300
0.005024
0.008708
0.489536
0.026393
0.359515
0.067050
0.028561
0.006350
0.311556
0.017296
0.011642
0.035246
0.019246
0.009273
0.082529
0.142801
0.032709
0.005990
1.240288
0.024629
0.168835
0.367992
0.066200
0.258000
0.111705
0.012131
0.123072
0.010247
0.027784
0.207065
0.191657
0.307340
0.076318
0.010073
0.150865
0.037634
0.043811
0.012493
0.013230
0.801695
0.713042
0.003104
0.037904
0.029610
0.305995
0.095712
0.354383
0.105723
0.033319
0.059238
0.223725
0.043624
0.064052
0.027222
0.024305
1.007780
0.136178
0.163557
0.002629
0.045494
0.184114
0.012225
0.007214
0.008476
0.010902
0.015331
0.136001
0.035675
0.004476
0.016119
0.255577
0.001095
0.008175
0.042207
0.037329
0.029989
0.009430
0.005837
0.149070
0.543606
0.010651
0.092945
0.105785
0.008256
0.368451
0.018936
0.047712
0.955499
0.002717
0.096391
0.082320
0.042151
0.051122
0.008978
0.017937
2.390881
0.095877
0.040012
0.229128
0.037472
0.013747
0.123477
0.010263
2.377200
0.369424
0.613280
0.242008
0.007212
0.234960
0.209319
0.031156
0.072923
0.020891
0.004264
0.240351
0.491052
0.048356
0.067988
0.001232
0.059206
0.144940
0.070509
0.149286
0.020799
0.055063
0.272196
0.015261
0.082379
0.498950
0.006596
0.019955
0.008652
0.430267
0.005634
1.265458
0.060456
0.050064
0.027285
0.018119
0.596094
0.180107
0.035134
0.052421
0.011578
0.020684
0.095210
0.015228
0.360089
0.029258
0.031029
0.241215
0.302647
0.025709
0.009953
0.013236
0.041486
0.092617
0.038353
0.308316
0.836812
0.016685
0.045237
0.094916
0.042887
0.308618
0.590353
0.134819
0.001970
0.040904
0.461284
0.049773
0.010064
0.901566
0.013310
0.128442
0.836144
0.026700
0.443293
0.093345
0.059290
0.303306
0.320278
0.228318
0.120679
0.001095
0.013939
0.021028
1.172333
0.158876
0.118008
0.060983
0.195382
0.213713
0.847092
0.019154
0.001708
0.001192
0.128211
0.097954
0.084532
0.008633
0.070405
0.029206
0.159167
0.292024
0.703867
0.025584
0.273138
0.031249
0.012153
0.498212
0.015585
0.180279
0.094511
0.634166
0.179306
0.009341
0.002549
0.004897
0.028212
0.027553
0.106751
0.111522
0.038344
0.030143
0.080284
0.001790
0.018524
0.062701
0.005628
0.111762
0.191491
0.017200
0.299755
0.055692
0.039994
0.006539
0.270313
0.004232
0.179202
0.263914
0.073450
0.884842
0.036767
0.077605
0.655348
0.798020
0.222761
0.205337
0.192678
0.004843
0.159796
0.070516
0.007944
0.005060
0.011990
0.016577
0.017527
0.142743
0.144380
0.054878
0.017273
1.570333
0.306147
1.495583
0.246771
0.048561
0.323971
0.019374
0.095318
0.229667
0.074638
0.009059
0.021826
0.021645
0.005023
0.385548
0.056912
0.010918
0.239632
0.015845
0.004978
0.011814
0.010527
0.014623
0.311759
0.061743
0.476600
0.094035
0.827359
0.002065
0.222519
0.192297
0.065270
0.026536
0.003652
0.240967
0.012681
0.155079
0.118851
0.166384
0.094979
0.221802
0.011132
0.051540
0.007175
0.026745
0.106155
0.005530
0.077096
0.399640
0.260363
0.002317
0.083094
0.034063
0.006013
0.308076
0.842440
0.111785
0.005915
0.005727
0.006396
0.071152
0.066015
0.091994
0.017077
0.046944
0.090124
0.073647
0.046799
0.052444
0.095197
0.654406
0.038358
0.110247
0.023699
0.133368
0.001299
0.183246
0.084863
0.071525
0.701285
0.005562
0.020206
0.639719
0.050453
0.030274
0.214150
0.315977
0.009430
1.016298
0.118077
0.001484
0.087759
0.002128
0.090807
0.028041
0.003192
0.814249
1.015023
0.089576
0.011040
0.065542
0.008302
0.129439
0.006295
0.020290
0.037930
0.037621
0.001319
0.046329
0.014986
0.476620
0.337280
0.453527
0.019764
0.012983
0.050415
0.157256
0.021055
0.008132
0.005408
0.370062
0.002875
0.031346
0.084325
0.024991
0.007645
0.044516
0.001437
0.116441
0.278788
0.616066
0.049603
0.125652
0.347214
0.244523
0.084977
0.001229
0.063366
0.703103
0.006594
0.150508
0.105160
0.675174
0.100449
0.029844
0.075170
0.050319
0.043252
0.259385
0.000930
0.024733
0.001321
0.013961
0.066090
0.032780
0.138889
0.015340
0.008148
0.086820
0.006486
0.006735
1.294148
0.008497
0.001591
0.142883
0.281959
1.304477
0.258067
0.057032
0.241801
0.098883
0.962774
0.712006
0.061223
0.063362
0.642738
0.048935
0.008790
0.268192
0.001239
0.256168
0.239861
0.027587
0.009212
0.653910
0.208586
0.011274
0.622118
0.035292
0.129493
0.046596
0.085430
0.575701
0.011824
0.149719
0.203398
0.058381
0.017423
0.238361
0.085319
0.015075
0.919293
0.029247
0.029215
0.073923
0.012473
0.007988
0.109400
0.009433
0.001087
0.052508
0.021008
0.065798
0.032889
0.014898
0.133547
0.038464
0.082460
0.003728
0.085085
1.497597
0.020966
0.011330
0.072015
0.015011
0.300422
0.674772
0.007690
0.020699
0.027859
0.025454
0.015608
0.300714
0.079542
0.001326
0.052872
0.005758
1.036397
1.247444
0.258179
0.001652
0.004994
0.058309
0.045243
0.447614
0.044580
0.071891
0.017396
0.268280
0.322872
0.084582
0.322115
0.034144
0.326899
0.200418
0.119562
0.043435
0.033502
0.157481
1.059712
0.076925
0.099323
0.186694
0.274930
0.009609
0.194117
0.066184
0.059178
0.073620
0.270805
0.008154
0.019477
0.486563
0.002708
0.085223
0.172039
0.018521
0.026398
0.643453
0.103960
0.009467
0.002995
0.001434
0.058256
0.009671
0.281507
0.006544
0.255057
0.007294
0.057342
0.113849
0.974458
0.046955
0.256984
0.017498
0.039773
0.144262
0.026870
0.012955
0.003687
0.016424
0.012188
0.351541
0.096708
0.305606
0.244172
0.014184
0.243014
0.319588
0.084387
0.263064
0.132820
0.002594
0.064732
0.036175
0.009918
0.262710
0.005775
0.069266
0.009128
0.058138
0.014647
0.203377
0.116247
0.033930
1.198168
0.006180
0.040623
0.070064
0.055689
0.172720
0.001775
0.091990
0.014009
0.007581
0.135088
0.109955
0.240950
0.024370
0.003871
0.081600
0.046225
0.021584
0.212228
0.129625
0.276689
0.013116
0.004064
0.016786
0.008558
0.372809
0.047221
0.664437
0.007545
0.057701
0.094872
0.008023
0.083709
0.040118
0.348382
0.026085
0.144738
0.257662
0.005996
0.010422
0.076621
0.083540
0.003534
0.261852
0.019632
0.102041
0.015609
0.021620
0.611300
0.781660
0.120121
0.067255
0.724551
0.020054
0.028007
0.098178
0.081011
0.173834
0.491103
0.085999
0.150521
0.098789
0.084544
0.001798
0.621978
0.009448
1.178076
0.267088
0.074845
0.111993
0.165384
0.034508
0.064017
0.004249
0.030123
0.177736
0.817107
0.023431
0.023563
0.097816
0.003188
0.024157
0.007667
0.083985
0.064318
0.035921
0.158044
0.008464
1.232983
0.075083
0.133831
0.017454
0.066070
0.023641
0.010026
0.281521
0.032177
0.047613
0.148609
0.001455
0.041544
0.024080
0.013572
0.174155
0.018081
0.060632
0.066545
0.026904
0.072385
0.261830
0.625060
0.045496
0.096966
0.008413
0.126023
0.214615
0.298433
0.040850
0.155287
0.001543
0.006120
0.024438
0.658194
0.032379
0.014228
0.023689
0.029829
0.031873
0.352791
0.424676
0.036351
0.192568
0.008120
0.074414
0.004142
0.333533
0.056815
0.269835
0.036066
0.152945
0.158291
0.051742
0.393353
0.536285
0.007864
0.095706
0.006466
0.088380
0.061218
0.931891
0.231280
0.095166
0.066591
0.277112
0.023642
0.081467
0.168470
0.000812
0.030274
0.258194
0.045402
0.105540
0.013804
0.218799
0.057342
0.007009
0.039508
0.062628
0.018647
0.048530
0.234902
0.525061
0.015946
0.015255
0.166507
0.117235
0.444703
0.306431
0.004871
0.131598
0.009214
0.060044
0.018473
0.095835
0.071028
0.024725
0.005519
0.022035
0.040541
0.082702
0.068820
0.187399
0.181915
0.085606
0.014197
0.275756
0.069176
0.007539
0.179249
0.025312
1.020886
0.078424
0.120882
0.110517
0.640132
0.261056
0.002427
0.027278
0.039513
0.125900
0.010341
0.004120
0.330206
0.113271
0.311800
0.041426
0.101999
0.001063
0.151425
0.360872
0.104092
0.050722
1.081714
0.247598
0.042605
0.190288
0.058362
0.000733
0.022795
0.023646
0.005164
0.004439
1.023342
0.188629
0.571386
0.008078
0.050750
0.404240
0.704598
0.217350
0.032844
0.086034
0.110567
1.405987
0.052404
0.014716
0.156026
0.359582
0.011449
0.001018
0.085135
0.047534
0.045093
0.031029
0.241316
0.004864
0.041335
0.045987
0.018292
0.001997
0.182831
0.006983
0.103714
0.121889
0.459423
0.249170
0.093520
0.014371
0.004378
0.553292
0.005669
0.026313
0.023219
0.087728
0.015192
0.042081
0.020465
0.325772
0.031793
0.005058
0.088572
0.007433
0.333521
0.001466
0.042532
0.044717
0.083581
0.034600
0.031929
0.271509
0.009554
0.106900
0.077696
0.073361
0.667591
0.350319
0.196508
0.012004
0.290173
0.062958
0.117635
0.004635
0.097244
0.007690
1.527791
0.029873
0.004849
0.026952
0.337347
0.250278
0.624053
0.001836
0.012265
0.321577
0.059239
0.000883
0.004766
0.384382
0.003705
0.001032
1.197195
0.086458
0.253172
0.029298
0.411668
0.019712
0.003557
0.027375
0.255446
0.030872
0.035524
0.216199
0.017115
0.054623
0.121135
1.008686
0.027385
0.048768
0.073233
0.069453
0.082475
0.056890
0.031388
0.036564
0.015974
1.030846
0.017824
0.002843
1.015968
0.398882
0.076620
0.127407
0.058796
0.105539
0.058588
0.012105
0.009562
0.065942
0.413932
0.025246
0.043127
0.035753
0.020859
0.292350
0.632604
0.004517
0.045487
0.003945
0.009927
0.058098
0.117647
0.060600
0.096280
0.019641
0.031152
0.237217
0.001058
0.038073
0.278950
0.006874
0.260216
0.008569
0.112390
0.016649
0.105017
1.390184
0.075396
0.102307
0.007318
0.185768
0.081266
0.059224
0.657689
0.027365
0.024767
0.496995
0.002042
0.014512
0.093511
0.024730
0.064872
0.000950
0.000887
0.401885
0.004097
0.292419
0.214225
0.069809
0.028285
0.004355
0.034547
0.154154
1.314069
0.027447
0.058745
0.064921
0.060421
0.001116
0.000740
0.645940
0.073154
0.297413
0.151408
0.119082
0.037811
0.780929
0.077945
0.124160
0.078745
0.246138
0.024356
0.910086
0.042722
0.001147
0.010827
0.013022
0.011689
0.097953
0.079886
0.037986
0.010317
0.071169
0.082783
0.083115
0.013382
0.001269
0.954389
0.010442
0.001273
0.000857
0.001291
0.020240
0.019022
0.020137
0.001382
0.011544
0.803192
0.050688
0.020168
0.106730
0.016396
0.096513
0.218047
0.074860
0.379803
0.529434
0.108031
0.088919
0.057314
1.098691
0.378361
0.003871
0.117726
0.034615
0.310199
0.085369
0.022397
0.000918
0.343024
0.111126
0.086877
2.299297
0.005964
0.102367
0.047977
0.010965
0.045951
0.058730
0.602171
0.156810
0.028475
0.057510
0.097864
0.012720
0.654704
0.283984
0.058579
0.037038
0.034052
0.022032
0.012162
0.012467
0.027937
0.041642
0.015601
0.005500
0.324019
0.006990
0.110076
0.462829
0.134830
0.190540
0.016819
0.006535
0.034011
0.152092
0.008567
0.005027
0.121410
0.370998
0.093831
0.127923
0.009772
0.070790
0.332805
0.037807
0.365452
0.054418
0.029548
0.014209
0.152157
0.016030
0.011470
0.092931
0.347672
0.010947
0.003851
0.203329
0.003328
0.016859
0.504691
0.162683
0.004727
0.122135
0.048510
1.163951
0.298181
0.098716
0.297897
0.028685
0.410733
0.150790
0.019785
0.102123
0.017230
0.008147
0.211210
0.009136
0.125667
0.383605
0.005208
0.247233
0.003330
0.361951
0.023866
0.005940
1.139284
0.017744
0.457241
0.003737
0.070705
0.146718
0.558028
0.127086
0.007075
0.138822
0.194077
0.017221
1.331342
0.202856
0.164384
1.186118
0.012322
0.094854
0.191368
0.298772
0.102957
0.386867
0.108822
0.975789
0.115941
1.107373
0.013158
0.080980
0.034191
0.043557
0.046856
0.046775
0.034390
0.666067
0.080421
0.077467
0.029476
0.636998
0.002106
0.072677
0.007509
0.054625
0.436921
0.239787
0.320108
0.197199
0.049356
0.097653
0.009582
0.128376
0.118653
0.026046
0.177622
0.023733
0.025912
0.020123
0.001086
0.007625
0.041854
0.113956
0.069642
0.116172
0.385814
0.707644
0.005266
0.509832
0.337119
0.085740
0.807008
0.387298
1.028899
0.075200
0.013260
0.031357
0.065802
0.015207
0.031893
0.010336
0.098132
0.000935
0.065619
0.002421
0.000967
0.011022
0.028409
0.056671
0.151327
0.641908
0.037038
0.055635
0.284891
0.273061
0.162367
0.009525
0.047329
0.435400
0.197343
0.337586
0.315188
0.004512
0.009728
0.031005
0.108596
0.660884
0.272526
0.149122
0.075698
0.042947
0.005927
0.068061
0.127247
0.055102
1.347575
0.098840
0.000804
0.045493
0.027847
0.041521
0.026943
0.005708
1.526301
0.006553
0.028687
0.034968
0.008638
0.258823
0.003467
0.127431
0.678088
0.022415
0.006214
0.482711
0.006455
0.141960
0.608728
0.001772
0.015759
0.431597
0.061392
0.131641
0.043450
0.012234
0.173818
0.051806
0.071395
0.255744
0.347696
0.128495
0.028154
0.056115
0.050127
0.001187
0.174233
0.086700
0.573627
0.009099
0.007378
0.103549
0.063009
0.011662
0.509999
0.148864
0.008717
0.001339
0.035382
0.450725
0.237161
0.112828
0.009783
0.009955
0.025079
0.187583
0.058817
0.026632
0.393490
0.017279
0.005875
0.000956
0.327889
0.123864
1.010407
0.034178
0.008173
0.366706
0.016278
0.007167
0.139324
0.005515
0.005560
0.000934
0.268009
0.671774
0.014312
0.266558
0.104022
0.307067
0.286185
0.036276
0.041797
0.135907
0.051931
0.126553
0.028415
0.245415
0.033545
0.113410
0.393896
0.248933
0.022932
0.219494
0.257440
0.005663
0.068670
0.004401
0.022158
0.027878
0.159195
0.679240
0.369831
0.006148
0.279554
0.406877
0.103590
0.003934
0.011960
0.066092
0.004569
0.220778
0.074712
0.078600
0.198318
0.068471
0.309024
0.005783
0.019792
0.007623
0.007859
0.007842
0.023860
0.047251
0.096016
0.007108
0.125268
0.001440
0.106055
0.002809
0.151190
0.051536
0.045644
0.011596
0.073692
0.064785
0.006284
0.508263
0.093087
0.116199
0.010418
0.263799
0.150370
0.222848
0.030750
0.038158
0.025879
0.161418
0.011920
0.004872
0.005923
0.013451
0.094462
0.064052
0.121143
0.591659
0.076321
0.027297
0.056284
0.084442
0.385815
0.067596
0.010140
0.075594
0.000937
1.027167
0.214740
0.060019
0.054490
0.590120
0.044455
0.024842
0.085935
0.156866
0.048290
0.190753
0.038835
0.630204
0.083149
0.058382
0.084881
0.010670
0.073851
0.028028
1.098012
0.280532
0.028325
0.121085
0.048279
0.064708
0.051864
0.013933
0.024676
0.083771
0.008079
0.003766
0.973490
0.030582
0.209192
0.006782
0.276539
0.017930
0.064094
0.003651
0.202180
0.565737
0.663881
0.028493
0.034976
0.154697
0.151034
0.106982
0.024770
0.131437
0.071777
0.009231
0.158919
0.021115
0.071131
0.206569
0.104169
0.031326
0.196127
0.013150
0.272960
0.007606
0.047111
0.019039
0.034614
0.001174
0.033609
0.006692
0.227741
0.228890
0.019612
0.082327
0.069924
0.003882
0.200276
0.048619
0.821843
0.015452
0.246088
0.015556
0.047381
0.010596
0.381569
0.182483
0.005447
0.212267
0.243503
0.246932
0.048200
0.080127
0.034948
0.008965
0.230202
0.000923
0.013536
0.205396
0.083893
1.339528
0.042445
0.028689
0.106445
0.010939
2.710150
0.207194
0.051976
0.029479
0.006549
0.005275
0.674115
0.158268
2.561813
0.001789
0.045461
0.276167
0.323890
0.251960
0.018878
0.062024
0.232205
0.059635
0.057146
0.034199
0.049557
0.089418
0.056110
0.035463
0.164615
0.379985
0.128411
0.031292
0.103383
0.002203
0.003947
0.006507
0.021243
0.081770
0.014572
0.082683
0.019815
0.107877
0.103227
0.108396
0.201416
0.027376
0.025405
0.395226
0.015579
0.224963
0.700080
0.006552
0.012487
0.072899
0.083873
0.010888
0.063914
0.008112
0.016569
0.042924
0.083890
0.008908
0.086803
0.027127
0.384262
0.085320
0.094917
0.012849
0.058267
0.183429
0.088249
0.064970
0.003357
0.042218
0.073170
0.023495
0.022947
0.274857
0.080250
0.107666
2.686230
0.108351
0.062839
0.021320
0.023927
0.030511
0.080691
0.011996
0.006692
0.035988
0.009370
1.060541
0.115005
0.042671
0.617609
0.032114
0.022515
0.021070
0.018655
0.084359
0.069760
0.024636
0.004015
0.066787
0.058003
0.107425
0.692508
0.010713
0.006639
0.025213
0.204555
0.030178
0.013629
0.001107
0.079042
0.059323
0.062871
0.002892
0.376852
0.078024
0.370874
0.441184
0.232586
0.344571
0.325923
0.125585
0.004033
0.014966
0.001829
0.065983
0.991626
0.341889
0.051792
0.174368
0.381077
0.091614
0.004444
0.021077
0.022636
0.010918
0.065810
0.037999
0.007212
0.423900
0.248201
0.020833
0.226813
0.007151
0.191860
0.002461
0.321245
0.115417
0.013950
0.243947
0.013224
0.003626
0.183086
0.001048
0.002638
0.689567
0.124582
0.096252
0.057772
0.583880
2.386450
0.302805
0.126456
0.039214
0.016829
0.006806
0.328496
0.008498
0.002720
0.093949
0.204638
0.045068
0.224172
0.001941
0.013489
0.029409
0.080587
0.093983
0.006383
0.098133
0.091187
0.015983
0.015692
0.384033
0.171804
0.286150
0.006768
0.057460
0.002890
0.251675
0.005630
0.015739
0.011569
0.271678
0.015190
0.240952
0.024903
0.039699
0.033422
0.003322
0.043609
0.022496
0.015084
0.023125
0.007803
0.080928
0.028600
0.212193
0.071001
0.005672
0.246292
0.013922
0.572457
0.085786
0.264889
0.498422
0.043913
0.006542
0.007761
0.000785
0.227476
0.101066
0.034412
0.014567
0.004876
0.250591
0.073142
0.016095
0.225325
0.055545
0.267342
0.039699
0.422517
0.017902
0.035190
0.137741
0.022527
0.067614
0.029063
0.020162
1.330471
0.059808
0.001229
0.001365
0.022615
0.065292
0.371551
0.251659
0.009302
0.008454
0.012064
0.005452
0.008848
0.100814
0.019665
0.126701
0.266312
0.139187
0.038533
0.010227
0.099546
0.083509
0.093912
0.143657
0.011433
0.106232
0.014197
0.972833
0.154493
0.441824
0.001285
0.104154
0.148926
0.275329
0.098548
0.278035
0.509150
0.150758
0.043250
0.070690
0.030596
0.006033
0.276574
0.009718
0.006616
0.001193
0.004525
0.658263
0.927680
0.678717
0.012828
1.022412
0.006241
0.019500
0.055221
0.214173
0.227454
0.428351
0.006450
0.081685
0.061886
0.135187
0.071097
0.060499
0.006901
0.014376
0.001829
0.219583
0.010949
0.011227
0.013900
0.019947
0.102142
0.006009
0.408771
0.011430
0.279303
0.026809
0.022661
0.535351
0.004960
0.018165
0.033536
0.927030
0.031371
0.016172
0.028416
0.233549
0.029915
0.407980
0.053051
0.181795
0.070995
0.027706
0.160677
0.028429
0.306509
1.274297
0.152509
0.158071
1.020235
0.029559
0.005022
0.001521
0.533473
0.012962
1.503238
0.087815
0.016505
0.083507
0.263695
0.101756
0.025974
0.022936
0.129154
0.015849
0.021968
0.122993
0.257649
0.143312
0.287808
0.028908
0.224761
0.573599
0.028877
1.390899
0.001997
0.026510
0.001128
0.001428
0.008996
0.115572
0.038210
0.156404
0.008532
0.153861
0.002584
0.009583
0.347368
0.289554
0.031042
0.006890
0.014098
0.003462
0.210597
0.006597
0.007927
0.266216
0.050766
0.005347
0.021598
0.027079
0.022550
0.164125
0.248382
0.003877
0.255822
0.589897
0.025813
0.051427
0.042313
0.001506
0.023618
0.133557
0.065288
0.236537
0.026546
0.027782
0.095738
0.033531
0.063598
0.019989
0.086719
0.137502
0.053705
0.221440
0.342125
0.641952
1.067787
0.014924
0.062117
0.495072
0.099408
0.015359
0.042985
0.805545
0.082527
0.034259
0.114298
0.084559
0.042363
0.105776
0.153916
0.122480
0.070565
0.084768
0.202217
1.011319
0.090260
0.067463
0.814839
0.139717
0.267042
0.187815
0.253410
0.001602
0.006952
0.012074
0.233258
0.111788
1.153890
0.028235
0.270699
0.277060
0.015629
0.063344
0.006355
0.083027
0.014754
0.636152
0.014905
0.001418
0.125726
0.299218
0.021428
0.044597
0.019100
0.959013
0.038115
0.006565
0.006737
0.037343
0.097031
0.001933
0.006112
0.009391
0.231845
0.054575
0.617974
0.045708
0.308170
0.220349
0.247101
0.003182
0.616352
0.021511
0.005074
0.012561
0.062668
0.008430
0.067447
0.045569
0.301012
0.235853
0.204081
0.023177
0.183077
0.010275
0.013480
0.080328
0.029950
0.075757
0.019440
0.004571
0.191814
0.035443
0.227358
0.286438
0.010139
0.011667
0.245878
0.009750
0.272454
0.025286
0.327968
0.354579
1.378640
0.008418
0.016268
0.064086
0.028991
0.003184
0.027435
0.215130
0.033102
0.005402
0.233240
0.003116
1.254896
0.067465
0.012889
0.084868
0.084975
0.010248
0.000814
0.217645
0.321282
0.256404
0.111203
0.003381
0.035512
0.180573
0.694588
0.001913
0.624337
0.147060
0.015271
0.027579
0.629766
0.089978
0.002442
0.113352
0.040930
0.004740
0.002209
0.125823
0.007732
0.102828
0.095352
0.120267
0.032273
0.105989
0.004196
0.015614
0.084877
0.114926
0.033831
0.143507
0.006720
0.073405
0.005018
0.017192
0.306697
0.230138
1.270629
0.036282
0.328941
0.023297
0.001136
0.038126
0.491867
0.677088
0.011528
0.677245
0.149521
0.039703
0.068851
0.067454
0.012775
0.006091
1.010870
0.032870
0.060849
0.938551
0.974661
0.949708
0.004261
0.163091
0.507598
2.385454
0.011510
0.010057
0.008673
0.997074
0.032838
0.005134
0.007011
0.012371
0.661233
0.365497
0.313898
0.326738
0.021609
0.116599
0.005315
0.413770
0.087913
0.061593
0.017421
0.034826
0.095822
0.007387
0.007853
0.005912
0.119302
0.010677
0.037743
0.220996
0.254617
0.257062
0.006478
0.201373
0.063212
0.014400
0.088849
0.349482
0.117507
0.035425
0.010246
0.066160
0.012181
0.032606
0.030331
0.133425
0.603884
0.285199
0.001912
0.024862
0.066368
0.275569
0.141170
0.010258
0.096651
0.080979
0.148548
0.038486
0.004161
0.137273
0.003402
0.029532
0.000868
0.036275
0.004981
0.014177
0.476981
0.129604
0.177760
0.016252
0.011088
0.043461
0.686766
0.031626
0.075774
0.353374
0.660940
0.040176
0.062195
0.414933
0.091515
0.011840
0.104384
0.198806
2.775016
0.088053
0.302350
0.011024
0.503952
0.013171
0.999814
0.002198
0.794613
0.065976
0.005516
0.627469
0.084136
0.010630
0.063808
0.010621
0.250804
0.022572
0.450220
0.011061
0.250597
0.230676
0.001609
0.439685
0.003778
0.001162
0.012077
0.003832
0.013427
0.059562
0.007147
0.375749
0.035674
0.001966
0.022004
0.018639
0.004962
0.239576
0.079780
0.002747
0.438077
0.009761
0.067122
0.006142
1.363605
0.071907
0.934144
1.001564
0.271626
0.299823
0.254832
0.009846
0.003766
0.029872
0.019200
0.003051
0.082348
0.352460
0.119171
0.016317
0.001200
0.003913
0.074224
0.141172
0.185487
0.023708
0.284598
0.128373
0.028624
0.059417
0.589312
0.028455
0.012892
0.028071
0.008855
0.015517
0.841100
0.020599
0.017520
0.031652
0.177165
0.086356
0.148688
0.011930
0.088099
0.017166
0.062734
0.001220
0.256899
0.008489
0.508942
0.278797
0.308276
0.118216
0.002775
0.000781
0.091542
0.682402
0.001937
0.064749
0.158053
0.053956
0.047324
0.004308
0.006863
0.025481
0.023018
0.033974
0.044457
0.003854
0.980781
0.420183
0.017256
0.785747
0.234979
0.082722
0.048831
0.034037
0.084405
0.359570
0.022166
0.900429
0.014902
0.000964
0.065539
0.012424
0.077519
0.105366
0.040298
0.013112
0.372288
0.324680
0.311485
0.277514
0.019781
0.006308
0.140854
0.269623
0.014591
0.096610
0.056112
1.076319
0.018215
0.010695
0.151582
0.122556
1.062706
0.001905
0.073001
0.068893
0.050869
0.006499
0.019109
0.379930
0.247429
0.006016
0.118040
0.019155
1.536734
0.016368
0.037007
0.007527
0.018813
0.005837
0.033495
0.003002
0.004790
0.035402
0.107081
0.016579
0.064485
0.008895
0.000841
0.079065
0.014373
0.078538
0.289097
0.310136
0.237650
0.017754
0.007942
0.434665
0.366109
0.114539
0.241235
0.003982
0.194640
0.067271
0.002876
0.005858
0.013074
0.124805
0.443209
0.091200
0.064496
0.034135
0.020663
0.038796
0.071919
0.004472
0.098446
0.130230
0.068835
0.085144
0.198488
0.320863
0.004451
0.038203
0.010466
0.033583
0.100485
0.115244
0.011944
0.028456
0.000819
0.005361
0.000916
0.008788
0.006459
0.210912
0.083042
0.006456
0.286966
0.049775
0.125785
0.031989
0.078708
0.002603
0.057178
0.012989
0.001602
0.154063
0.027713
0.008766
0.010995
0.072464
0.008948
0.136633
0.013757
0.006007
0.005680
0.042740
0.027103
0.049145
0.100234
0.132983
0.125201
0.266656
0.081551
1.000851
0.045715
0.017886
0.189382
0.050057
0.261975
0.068112
0.087770
0.056509
0.016556
0.059710
0.014861
0.069999
0.004549
0.212318
0.083533
0.188277
0.059554
0.633148
0.072983
0.572409
0.576280
0.313307
0.025810
0.027378
0.062836
0.001016
0.013719
0.257428
0.152496
0.010495
0.189085
0.030690
0.159287
0.000816
0.010077
0.167594
0.058274
0.010498
0.053373
0.018621
0.021571
0.007116
0.010926
0.269339
0.013068
0.881648
0.015991
0.608610
0.018811
0.059270
0.002197
0.013269
0.264065
0.115777
0.639534
0.008193
0.138037
0.139240
0.075860
0.122740
0.023770
0.268911
0.000874
0.377176
0.225503
0.685279
0.005393
2.724854
0.347515
0.244323
0.004718
0.433523
0.048788
0.014777
0.160697
0.039771
0.005463
0.392970
0.084043
0.050466
0.085088
0.004467
0.000956
0.069907
0.009363
0.245142
0.826150
0.072945
0.004155
0.006727
0.646662
0.081941
0.446880
0.098620
0.002552
0.016703
0.022760
0.024557
0.008936
0.084635
0.083708
0.115591
0.040932
0.341674
0.128003
0.014296
0.045965
0.877682
0.008361
0.048310
0.004398
0.274708
0.236375
0.049270
0.023436
0.221889
0.277654
0.090324
0.108081
0.627003
0.259889
0.009960
0.019579
0.604199
0.005870
0.012772
0.085717
0.048561
0.023818
0.172016
0.068891
0.058628
0.051211
0.031781
0.060122
0.159951
0.027118
0.044371
0.025349
0.011701
0.005280
0.021669
0.908238
0.013701
0.000984
0.181815
1.032746
0.273841
0.033879
1.122773
0.124964
0.001335
0.013315
0.007529
0.033913
0.001091
1.140011
0.268747
0.101251
0.022160
0.013412
0.437073
0.007083
0.006677
0.008931
0.223819
0.005725
0.008434
0.366863
0.009749
0.009230
0.021528
0.354038
0.036722
0.021975
0.019193
0.320006
0.004163
0.010627
0.007487
0.029937
1.180794
0.031024
0.005948
0.028271
1.136113
0.088094
0.017264
0.237298
0.269799
0.276377
0.062420
0.121095
0.003010
0.012281
0.007342
0.130546
0.026929
0.001215
0.004206
0.029946
0.089427
0.000730
0.084318
0.275552
0.070974
0.121116
0.009789
0.015693
0.031796
0.015041
0.501500
0.015696
0.166227
0.218182
0.046104
0.085004
0.015510
0.085029
0.662928
0.006999
0.668307
0.031356
0.359635
0.038578
0.603174
0.138482
0.270088
0.130002
0.008847
0.059782
0.092771
0.067608
0.094246
0.184452
0.127875
0.011235
0.021536
0.346610
0.020178
0.042723
0.114134
0.047198
0.073239
0.116012
0.052827
0.028419
0.009291
0.585143
0.001253
0.026093
0.964108
0.061471
0.256291
0.073386
0.051137
0.038701
0.814760
0.005815
1.024142
0.069344
0.249058
0.003698
0.699659
0.071239
0.029916
0.050629
0.621440
0.002518
0.230474
0.959518
2.386869
0.005547
0.040405
0.382742
0.118791
0.006130
0.096158
0.476932
0.023459
0.088394
0.327444
0.123843
0.277746
0.106183
0.086804
0.013956
0.022799
0.077445
0.229243
0.096888
0.358256
2.349965
0.049722
0.013268
0.355410
0.064629
0.010572
0.300490
0.024458
0.006379
0.083977
0.001357
0.004424
0.499163
0.058720
0.103335
0.007766
0.321875
0.011657
0.005534
0.030104
0.006931
0.054202
0.014416
0.007799
0.929868
0.530558
0.037397
0.364662
0.064367
0.013111
0.013103
0.446772
0.007886
0.044739
0.117771
0.092955
0.005450
0.041975
0.084830
1.327443
0.004042
0.800278
0.161986
0.001938
0.049018
0.854187
0.022088
0.318365
0.100368
0.007891
0.216698
0.080953
0.028793
0.034244
0.687492
0.001899
0.647177
0.011030
0.028924
0.005961
0.034049
0.007945
0.031186
0.264984
0.438306
0.046911
0.224078
0.361684
0.297199
0.660217
0.134616
0.027175
0.055815
0.335062
0.219073
0.089598
0.004187
0.067496
0.034733
1.280966
0.064798
0.092123
0.094304
0.028800
0.044537
0.037485
0.006088
0.315451
0.271137
0.142685
0.056737
0.006194
0.115872
0.039822
0.001844
0.033107
0.093644
0.015850
0.018685
0.023352
0.336764
0.014140
0.215979
0.327174
0.013826
0.083502
0.125386
0.011393
0.810301
0.378918
0.001732
0.017137
0.001284
0.205335
0.024743
0.094672
0.009286
0.222109
0.023919
0.024349
0.084418
0.004379
0.012094
0.070424
0.146659
0.020151
0.167693
0.030881
1.410848
0.041733
0.046116
0.016059
0.298400
0.129171
0.119030
0.045655
0.128200
0.215750
0.037883
0.249149
0.877760
0.213662
0.062089
0.014826
0.023839
0.002581
0.001761
0.389902
0.024451
0.014784
0.181742
0.266415
0.012190
0.011174
0.051257
0.003436
0.022013
0.004000
0.010067
0.140362
0.004317
0.478602
0.038043
0.009661
0.035893
0.052061
0.423029
0.067907
0.178262
0.957837
0.297239
0.149750
0.024583
0.004688
0.004280
0.012146
0.003185
0.074956
0.453487
0.092755
0.258156
0.273656
1.211942
0.001596
0.612786
0.026689
0.149778
0.015441
0.033689
0.033728
0.020332
0.046634
0.026499
0.356281
1.257868
0.008179
0.098526
0.058443
0.008631
0.170812
0.312571
0.260476
0.303056
0.245729
0.034776
0.260704
0.180412
0.068142
0.371007
0.025688
0.006622
0.064861
0.008946
0.005918
0.060929
0.826093
0.017022
0.053343
0.049195
0.089634
0.014644
0.288876
0.911310
0.065665
0.893909
0.003158
0.139180
0.001894
0.159526
0.233961
0.014859
0.071206
0.036714
0.213887
0.098109
0.594172
0.235191
0.018796
0.001705
0.023724
0.450109
0.509561
0.012291
0.122547
0.017475
0.165830
0.000815
0.013585
0.132044
0.103492
1.701637
0.020695
0.042261
0.027145
0.017932
0.184953
0.698103
0.194974
0.641525
0.256164
0.071995
0.011852
0.555461
0.105398
0.034935
0.213244
0.048512
0.499469
0.133184
0.066213
0.046795
1.014456
0.299515
0.229789
0.002476
0.086153
0.310350
0.009460
0.255139
1.198254
0.039946
0.017634
0.051572
0.385461
0.001347
0.033514
2.404358
0.007023
0.025137
0.162150
0.195013
0.001628
0.232503
0.108674
0.058416
0.487029
0.011672
0.019421
0.018518
0.002179
0.409120
0.030900
0.062011
0.083197
0.022843
0.008857
0.268072
0.005475
0.057760
0.085843
0.012759
0.000862
0.050445
0.084018
0.054057
0.007133
0.220232
0.688885
0.055985
0.007930
0.111069
0.052246
0.015470
0.045478
0.006454
0.133826
0.000922
0.132794
0.071743
0.023227
0.033968
0.063815
0.004923
0.004374
0.001074
0.069114
0.022012
0.021197
0.044188
0.006534
0.001069
0.088265
0.023887
0.214101
0.016296
0.680928
0.189820
0.236099
0.509371
0.026832
0.015747
0.003892
0.093812
0.005283
0.094304
0.038316
0.042132
0.189260
0.005863
0.078798
0.508490
0.021254
1.066399
0.030769
0.988972
0.123710
0.314155
0.367740
0.012640
0.016867
0.014572
0.679605
0.087096
0.049990
0.001218
0.111239
0.129363
0.005458
0.006330
0.075007
0.227904
0.005220
0.033951
0.021527
0.050166
0.173182
0.014471
0.015242
0.023750
0.087912
0.065700
0.264488
0.294455
0.004773
0.026068
0.137577
0.486013
1.023148
0.634607
0.001455
0.147078
0.027451
0.011951
0.210075
0.086416
0.140792
0.007610
0.001226
0.643392
1.125529
0.030749
0.047652
0.000796
0.128080
0.649840
0.448258
0.067708
0.190647
1.155935
0.028362
0.323426
0.023407
0.165553
0.033580
0.888780
0.038884
0.177398
0.037662
0.001009
0.012518
0.140662
0.191240
0.035457
0.429693
0.090374
0.012926
0.025061
0.625162
0.455359
0.057958
0.599241
0.177732
0.013758
0.072530
0.017806
0.007762
0.041659
0.278985
0.014471
0.277498
0.028305
0.017187
0.001664
0.288216
0.035911
0.007411
0.094746
0.043541
0.032344
0.016881
0.065344
0.339194
0.010323
0.110276
0.017347
0.044119
0.004443
0.032974
0.240759
0.072125
0.007339
0.009370
0.301863
0.009462
0.616849
0.859716
0.034390
0.129088
0.014455
0.573869
1.259581
0.329426
0.470835
0.274886
0.080654
0.279503
0.023723
0.121253
0.284713
0.046804
0.009487
0.001301
0.135124
0.004177
0.003277
0.262417
0.113510
0.000866
0.618442
0.003724
0.004826
0.010254
0.005760
0.029119
0.384538
0.004672
0.013268
0.004650
0.034309
0.006489
0.989413
0.700046
0.021411
0.428515
0.055750
0.023715
0.240373
0.103323
0.033567
0.126382
0.013095
0.021024
0.203569
0.044620
0.079374
0.636336
1.035854
0.148117
0.007077
0.007319
0.271932
0.113462
0.654823
0.023207
0.257398
0.477705
0.073533
0.625775
0.175158
0.010325
0.009437
0.005562
0.390543
0.067831
0.071287
0.008631
0.048446
0.160880
0.046792
0.002240
0.356561
0.065952
0.006545
0.103716
0.045748
0.025797
0.260375
0.039681
0.001254
0.097068
0.030984
0.044305
0.045450
0.071031
0.400690
0.018070
0.122901
0.001127
0.109136
0.031186
0.004050
0.363906
0.056292
0.043610
0.005796
0.689917
0.050009
0.004884
0.072205
0.001074
0.095739
0.319909
0.033256
0.012896
0.657136
0.005756
0.003695
0.365138
0.021453
0.943037
0.232815
0.004896
0.042634
0.117166
0.048780
0.017525
0.031534
0.352638
0.131582
0.026991
0.002307
0.012916
0.003466
0.037019
0.657991
0.070611
0.144172
0.001608
0.014304
0.088343
1.007887
0.042084
0.125673
0.212667
0.027973
0.065997
0.014275
0.007272
0.023387
0.014098
0.076505
0.035268
0.278237
0.699881
0.305722
1.320714
0.001540
0.393089
0.048083
0.001835
0.203593
0.143324
0.989715
0.806276
0.005546
0.102639
0.007879
0.004348
0.008188
0.046555
0.035907
0.897108
0.004982
0.323578
0.017622
0.056212
0.031991
0.009777
0.063836
0.016941
0.084847
0.363592
0.094354
0.061343
0.013768
0.012386
0.049194
0.669497
0.023164
0.253456
0.020728
0.285977
0.050285
0.012967
0.270203
0.014174
0.007398
0.008933
0.000980
0.159753
0.035630
0.020429
0.994326
0.019218
0.241557
0.003636
0.042047
0.089938
0.012274
0.036502
0.024393
0.010533
0.094146
0.182555
0.443140
0.266878
1.530642
0.042460
0.005105
0.233597
0.085682
0.148912
0.046361
0.013430
0.123744
0.006309
0.011320
0.100145
1.569685
0.003754
0.015103
0.032686
0.109767
0.012515
0.065369
0.017290
0.007458
0.068888
0.003799
0.128895
0.003515
0.322120
0.043726
0.011628
0.328460
0.010818
0.007694
0.013672
0.039384
0.028755
0.232391
0.023851
0.020649
0.131927
0.129926
0.094588
0.362704
0.121678
0.053781
0.007371
0.014401
0.009880
0.111247
0.116832
0.041209
0.416000
0.009741
0.013553
0.151110
0.001089
0.113894
0.085575
0.035668
0.067603
0.000828
0.368847
0.010296
0.009388
0.003920
0.005765
0.165914
0.009447
1.003864
0.008719
0.015275
0.003924
0.276538
0.625573
0.008694
0.012858
0.015025
0.497434
0.029255
0.006421
0.303436
0.011669
0.020040
0.006888
0.010286
0.030765
0.625947
0.057802
0.006489
0.032287
0.971801
0.100275
0.003756
0.241745
0.059040
0.041053
0.130974
0.033151
0.027234
0.009657
0.048767
0.599966
0.059086
0.155333
0.048497
0.917500
0.009324
0.250912
0.572844
0.009469
0.219741
0.002488
0.141922
0.083799
0.041937
0.032284
0.009774
0.609512
0.653964
0.049663
0.052645
0.030442
0.041365
0.006870
0.192543
0.071317
0.088242
0.069294
0.008107
1.134155
0.126866
0.124192
0.029888
0.113909
0.013487
0.107284
0.098551
0.002399
0.001678
0.200265
0.068217
0.059049
0.019535
0.114823
0.087746
1.028292
0.011526
0.037271
0.049583
0.015828
0.116010
0.009289
0.032929
0.057694
0.037230
0.060869
0.298896
0.260382
0.067561
0.222022
0.164236
0.012387
0.056629
0.213712
0.475816
0.387070
0.012601
0.107500
0.155078
0.009270
0.013686
0.014797
0.237559
0.078453
0.004020
0.282978
0.007358
0.050018
0.156848
0.129572
0.036412
0.230212
0.443612
0.302049
0.058357
0.040997
0.304253
0.249014
0.037602
1.008626
0.234482
0.884130
0.605669
0.223463
0.005097
0.004558
0.006823
0.074920
0.581364
0.008497
0.030431
0.165305
0.174207
0.016076
0.126079
0.092166
0.012569
0.083788
0.069991
0.213739
0.110428
0.619895
0.007903
0.060985
0.066975
0.001167
0.029351
0.132097
0.114253
0.019417
0.006801
0.045612
0.031942
0.057484
0.072445
0.635665
0.071910
0.248772
0.010143
0.362590
0.006566
0.207357
0.067272
0.019004
0.074318
0.192227
0.046422
0.417179
0.123302
0.249285
0.067096
0.133067
0.002192
0.115957
0.060072
0.009714
0.074955
0.301481
0.451333
0.004371
0.095001
0.043768
0.064739
0.051964
0.011024
1.041025
0.011980
0.016338
0.234000
0.013067
0.762901
0.072063
0.115112
0.625535
0.569316
0.046153
0.041813
0.444462
1.168810
0.035891
0.008480
0.074406
0.062595
0.551243
0.030722
0.258657
0.072470
0.190787
0.030258
0.319349
0.619883
0.208599
0.006208
0.054312
0.082342
0.208363
0.002402
0.007037
0.255190
0.023395
0.077737
0.027699
0.004055
0.155899
0.026918
0.262165
0.030590
0.595157
0.025033
0.034911
0.014300
0.034767
0.017584
0.455554
0.064100
0.167391
0.023243
0.033126
0.057566
0.070493
0.037793
0.025379
0.120280
0.006422
0.079836
0.084417
0.252980
0.034389
0.022994
0.029187
0.039067
0.014459
0.005598
0.001225
0.007746
0.108159
0.232308
0.078291
0.007494
0.362756
0.116011
0.126551
0.024240
0.013367
0.002510
0.012215
0.035610
0.628683
0.026013
0.431795
0.019055
0.002708
1.005949
0.128039
0.271993
0.018008
0.796411
2.428025
0.050839
0.001296
0.052087
0.191059
0.078917
0.046126
0.013986
0.070211
0.009903
0.022099
0.082393
0.138937
0.101112
0.307695
0.073570
0.098378
0.790828
0.019976
0.008022
0.318537
0.583347
0.047343
0.002528
0.041649
0.006182
0.026134
0.066329
0.061934
0.011784
0.085609
0.029400
0.602982
0.069068
0.001498
0.614936
0.082591
0.397529
0.188163
0.049952
1.313472
0.043473
0.164676
0.033224
0.123093
0.003841
0.007836
0.151912
0.012123
0.398183
0.021155
0.026202
0.011202
0.113319
0.004562
0.009414
0.016280
0.008127
0.014665
0.069491
0.068977
0.244314
0.005536
0.045599
0.038216
0.009660
0.324206
0.166677
0.044961
0.004322
0.001175
0.634266
0.089607
0.009462
0.236021
0.309938
0.010876
0.016998
0.343350
0.109628
0.005056
0.085994
0.057056
0.008657
0.071366
0.001230
0.013262
0.004740
0.092760
0.259767
0.075069
0.060027
0.083616
0.022281
0.248315
0.033583
0.001059
0.187580
0.011706
0.034325
0.000968
0.173965
0.639938
0.052604
0.063884
0.016045
0.355460
0.008339
0.044433
0.084058
0.039392
0.050293
0.139245
0.014332
0.006443
0.127032
0.006444
0.049165
0.209835
0.148496
0.190905
0.120577
0.088359
0.000953
0.007241
0.028502
0.120481
0.011034
0.013012
0.025761
0.123232
0.099134
0.101194
0.045800
0.024195
0.067206
0.051685
0.019504
0.040107
0.068117
0.616485
0.005314
0.011268
0.025157
0.048372
0.122426
0.220910
0.117018
0.080374
0.055782
0.593057
0.004058
0.020466
0.024233
0.130180
0.003424
0.005522
0.636149
0.005542
0.259221
0.075306
0.788314
0.024273
0.008211
0.133915
0.011951
0.083225
0.035945
0.008045
0.070069
0.071216
1.861031
0.072212
0.062497
0.385507
0.072851
0.086402
0.280805
0.086667
0.080657
0.056398
0.101960
0.010895
0.016611
0.009987
0.011189
0.185446
0.331114
0.346818
0.028424
0.008129
0.008662
0.011169
0.018916
0.342378
0.008209
0.007303
0.234319
0.004016
0.055151
0.072012
0.378707
0.138848
0.052910
0.033895
0.153177
0.005839
0.014664
0.045118
0.111499
0.004354
0.003667
0.051327
0.077540
0.268759
0.007714
0.008649
0.032249
0.134212
0.161413
0.076659
0.331606
0.306597
0.284104
0.111072
0.106851
0.252813
0.015653
0.015398
0.006786
0.348112
0.078146
0.259990
0.060447
0.135798
0.002154
0.001049
0.037322
0.026575
0.096713
0.129128
0.317462
0.064659
0.135188
0.005753
0.020162
0.072279
0.069926
0.034116
0.002881
0.009562
0.004126
0.046437
0.521743
0.019658
0.025868
0.152814
0.081934
0.022800
0.034680
0.018690
0.104072
0.015677
0.022273
0.104236
0.051134
0.009690
0.204659
0.034604
0.015293
0.012576
0.603902
0.716756
0.084711
0.015938
0.193788
0.046691
0.124787
0.801811
0.045419
0.220493
0.002776
0.015980
0.001022
0.229462
0.008020
0.035210
0.059800
1.211003
0.085427
0.009821
0.013123
0.278679
0.019127
0.084452
0.047129
0.065082
1.544275
0.031235
0.077865
1.238727
0.035946
0.024932
0.012662
0.063312
0.022585
0.253835
0.213439
0.081537
0.017321
0.164858
0.098319
1.200942
0.187531
0.442764
0.318326
0.426939
0.045491
0.001030
0.368137
0.273778
0.334451
0.007074
0.140463
0.054791
0.001894
0.020468
0.419401
0.004617
0.001990
0.096045
0.151892
0.017646
0.584701
0.006310
0.019794
0.001542
0.645685
0.062693
0.295266
0.085093
0.008253
0.801757
0.289194
0.115119
0.014154
0.184897
0.002817
0.047884
0.004638
0.991820
0.140486
0.210680
0.640257
0.001973
0.017688
0.004462
0.073821
0.078820
0.039137
0.130457
0.047110
1.364160
0.398042
0.331394
0.067987
0.058672
0.024323
0.069329
0.042459
0.500263
0.024816
0.015405
0.017013
0.197299
0.067525
0.069435
0.003995
0.004924
0.013570
0.060953
0.383144
0.662249
1.004251
0.022221
0.592583
0.011073
0.003494
0.008389
0.402491
0.014909
0.042266
0.072347
0.108471
0.350192
1.219176
0.010621
0.013913
0.010872
0.496316
0.021478
0.005085
0.134755
0.021446
0.045585
0.020487
0.061376
0.031428
0.012783
1.523400
0.085024
0.557403
0.020068
0.042584
0.111951
0.235858
0.348874
0.020677
0.033921
0.976882
0.030592
0.030908
0.081671
0.011002
0.254435
0.022352
0.036438
0.056982
0.937602
0.119339
0.115824
0.002787
0.385878
0.012081
0.157888
0.624647
0.146541
0.005834
0.063087
1.084440
0.550172
0.052685
0.004489
0.000845
0.302132
0.087644
0.321130
0.049470
0.498624
0.052755
0.001706
0.218192
0.033709
0.025049
0.034827
0.156259
0.016565
0.299469
0.010391
0.397400
0.033890
0.033785
0.157831
0.006553
0.036797
0.009022
0.038304
0.359210
0.093369
0.073783
0.004504
0.025039
0.006079
0.115926
0.039751
0.033556
0.102122
0.060395
0.010197
0.038773
0.014388
0.878389
0.067112
0.034136
0.006818
1.011984
0.250065
0.063251
0.363257
0.029043
0.016115
0.011740
0.021543
0.112545
0.091587
0.002535
0.140919
0.029910
0.297706
0.083172
0.013392
0.003373
0.217227
0.032284
0.095209
0.002183
0.146598
0.475101
0.074821
0.339778
0.041493
0.253236
0.067242
0.080799
0.047512
0.078503
0.001793
0.014453
0.541633
0.126097
1.086311
0.024779
0.262517
0.013884
0.002864
0.042828
0.024280
0.371194
0.109440
0.044338
0.087692
0.034629
0.433022
0.015960
0.014359
0.006441
0.015846
0.027893
0.271833
0.003097
0.005650
0.237278
2.428340
0.120074
0.247177
0.108127
0.112741
0.277385
0.022001
0.001277
0.034855
0.021277
0.109069
0.018082
0.055028
0.011209
0.296763
0.030998
0.064963
0.005989
1.284002
0.005518
0.010480
0.122989
0.156482
0.013402
0.116122
0.018151
0.322245
0.039687
0.007282
0.060074
0.059005
0.117896
0.034421
0.012592
0.036140
0.253261
0.026425
0.289643
0.025807
0.002937
0.128087
0.130958
0.029062
0.057490
0.042804
0.014395
0.015756
0.395880
0.010278
0.082549
0.265176
0.052694
0.432929
0.005626
0.012017
0.118375
0.019210
0.010061
0.028852
0.015942
0.030986
0.087630
0.053208
0.370060
0.004427
0.266149
0.026968
0.841640
0.033971
0.016135
0.055260
0.160854
0.049181
0.823457
0.242005
0.060170
0.018650
0.021942
0.028796
0.080520
0.210932
0.024379
0.005176
1.613473
0.094906
0.008122
0.274229
0.073752
0.006381
0.049093
0.113789
0.015720
0.121930
0.605399
0.011913
0.001316
0.322763
0.122871
0.008534
0.048612
0.030953
0.014351
0.024679
0.031487
1.505700
0.050114
0.335559
0.014380
1.306577
0.044056
0.004026
0.066796
0.062876
0.020287
0.082413
0.014379
0.006770
0.001470
0.367117
0.007669
0.187969
0.009077
0.019431
0.089513
0.004254
0.012447
0.188749
0.637082
0.004738
1.062033
0.105060
0.106646
0.249426
0.125347
0.008575
0.691835
0.011294
0.081196
0.050184
0.007947
0.159648
0.049102
0.160025
0.003735
0.048115
1.280044
0.553438
0.053489
0.629246
0.075921
0.146954
0.015253
0.064158
0.005396
0.033320
0.069781
0.243961
0.017251
0.072217
0.000985
0.164453
0.283106
0.018116
0.001490
0.012241
0.014059
0.043403
0.176500
0.070166
0.024699
0.294085
0.996238
0.244968
0.001956
0.088993
2.394804
0.733857
0.049587
0.068072
0.049688
0.164098
0.011758
0.009078
0.070521
0.103077
0.045525
0.200641
0.024447
0.014576
0.634395
0.007270
0.005867
0.034796
0.035019
0.003849
0.685373
0.024814
0.129247
0.011836
0.030462
0.045750
0.023461
0.006281
0.039689
0.274558
0.061140
0.197463
0.101148
0.009449
0.005776
0.093752
0.084654
0.004512
0.121397
0.121188
0.042842
0.315806
0.129542
0.346379
0.148937
0.033557
0.066729
0.016984
0.083242
0.313807
0.158416
0.048380
0.298414
0.035466
0.008536
0.118340
0.009946
0.153396
0.005413
0.174709
0.011060
1.224348
0.168125
0.109868
0.070902
0.065173
0.018050
0.022104
0.316940
0.256803
0.043043
0.009570
0.005166
0.701273
0.064467
0.158639
0.069750
0.372114
0.049315
0.152653
0.001105
0.445788
0.010350
0.005904
0.648067
0.003719
0.029212
0.268609
0.042288
0.034800
0.068286
0.011976
0.611178
0.636257
0.001719
0.041521
0.149680
0.005914
0.086533
0.056253
0.654005
0.016565
0.016256
0.056588
0.118486
0.571523
0.119779
0.009087
0.441442
0.576889
0.304463
0.005840
0.012538
0.084751
0.008643
0.439262
0.020033
0.042399
0.118551
0.009606
0.048882
0.106241
0.114447
0.214189
0.036340
1.264044
0.111012
0.125373
0.018130
0.009062
0.423697
1.275156
0.170552
0.114895
0.013495
0.004195
0.083502
0.030917
1.372168
0.045999
0.178532
0.008908
0.086183
0.038430
0.011600
0.031110
0.019965
0.038802
0.084006
0.020101
0.111107
0.001122
0.081161
0.018773
0.003531
1.004648
0.012494
0.005474
0.008777
0.379203
0.088648
0.021124
0.005055
0.004705
0.001566
0.124882
0.239827
0.051314
0.058573
1.597654
0.050101
0.060100
0.366094
0.003964
0.023121
0.054962
0.047538
0.147664
0.075122
0.085891
0.027188
0.054190
0.017586
0.183506
0.216245
0.136940
0.001257
0.013358
0.113075
0.191344
0.073194
0.094698
0.032885
0.056383
0.003904
0.015263
0.314590
0.170260
0.634854
0.104804
0.034361
0.026187
0.348565
1.008223
0.042182
0.144619
0.006049
0.034207
0.110457
0.009386
0.053174
0.077203
0.006007
0.126977
0.009013
0.009939
0.015367
0.098062
0.003443
0.100224
0.060768
0.297778
0.296829
0.027887
0.065334
0.324468
0.013026
0.025753
0.075306
0.084940
0.403932
0.017368
0.032657
0.308785
0.008562
0.008452
0.060774
0.343722
0.196370
0.025900
0.043285
0.010147
0.577011
0.013713
0.064173
1.270388
0.301217
0.071301
0.022089
0.022602
0.007540
0.005875
0.053241
0.015260
0.001466
0.010258
0.169483
0.001200
0.013662
0.245398
0.016890
0.009836
0.060095
0.574440
0.021627
0.155068
0.063187
0.007537
0.081968
0.143922
0.013640
0.072125
0.114152
0.015259
0.172029
0.039093
0.059234
0.335252
0.354219
0.025890
0.009866
0.076698
0.245679
0.131064
0.006324
0.018419
0.085895
0.040616
0.030041
0.004012
0.012422
0.005055
1.273688
0.259924
1.528518
0.117056
0.026878
0.027762
0.036129
0.020087
0.319965
0.011292
0.370475
0.383637
0.475074
0.154234
0.308322
2.458692
0.032482
0.013248
0.034053
0.021249
0.073350
0.206223
0.082789
0.179643
0.060577
0.001835
0.046471
0.027487
0.672141
0.057475
0.249302
0.316375
0.027895
0.110613
0.486409
0.008063
0.070225
1.153956
0.030360
0.007271
0.008560
0.004664
0.573966
0.019319
0.021029
0.122069
0.016458
0.011552
0.047800
0.347411
0.042645
0.220778
0.264065
0.096097
0.011203
0.292327
0.157957
0.003229
0.004448
0.050107
0.970970
0.016668
0.577533
0.086063
0.087699
0.274389
0.387376
0.046287
0.253858
0.394542
0.025167
0.007419
0.027346
0.016625
1.065841
0.030960
1.103353
0.182616
0.014891
0.011550
0.057475
0.274838
0.004644
0.237097
0.035235
0.673184
0.249925
0.172705
0.423204
0.046857
0.169470
0.016013
0.033421
0.045539
0.158318
0.205113
0.656473
1.532163
0.013197
0.075350
0.027406
0.001030
0.006508
0.016495
0.001029
0.029882
0.029503
0.047189
0.070427
0.092591
0.004166
0.008400
0.005403
0.006359
0.003220
0.105622
0.007006
0.085135
0.102602
0.182264
0.243951
0.587480
0.240934
0.051521
0.042183
0.083112
0.006941
0.992923
0.212318
0.009945
0.014592
0.033427
0.012127
0.009635
0.037054
0.032524
0.147435
0.161906
0.124472
0.485737
0.017218
0.022640
0.066286
0.992202
0.145945
0.092827
1.075761
0.027102
0.007315
0.914295
0.619182
1.157294
0.114695
0.005980
1.081568
0.017222
0.120380
0.101116
0.083332
0.072926
0.029638
0.432095
0.206734
0.278266
0.030500
0.085929
0.148685
0.119035
0.009460
0.090732
0.224367
0.009485
0.015683
0.001271
0.023979
0.205502
0.008382
0.627284
0.089466
0.646644
0.001242
0.004049
0.146832
0.031221
0.020403
0.005216
0.010901
0.029072
0.004113
0.033218
0.041455
0.063204
0.004989
0.060292
0.060234
0.054692
0.006827
0.075550
0.046734
0.275527
0.011702
1.247253
0.101954
0.659940
1.305153
0.005864
0.167252
0.268022
0.255682
0.014880
0.315792
0.043456
0.135129
0.112648
0.248200
0.108409
0.095037
0.018281
0.022669
0.028703
0.546349
0.041963
0.028485
0.014281
0.115459
0.233468
0.037048
0.161481
0.035040
0.057693
0.008951
0.067882
0.003526
0.053673
0.643164
0.131012
0.125735
1.026129
0.082048
0.016506
0.511072
0.091206
0.021829
0.016402
0.472238
0.047006
0.002003
0.456820
0.027630
0.031218
0.521641
0.864912
0.158993
0.870937
0.132890
0.005023
0.029770
0.004889
2.756299
1.315765
0.288548
0.026120
0.016996
0.011927
0.008666
0.005377
0.051875
0.670062
0.301011
0.030874
0.005740
0.116562
0.452019
2.399973
0.010763
0.352702
0.007005
0.104946
0.369165
0.011884
0.028333
0.050656
0.035226
1.130418
0.104633
0.161714
0.158271
0.008215
0.028195
0.010072
0.994220
0.108395
0.008990
0.028576
0.002966
0.192773
0.539069
0.104569
0.107671
0.038949
0.024499
0.213556
0.268416
0.127079
0.571600
0.040641
0.104102
0.433498
0.013487
0.040266
0.547990
0.088345
0.013288
0.034002
0.383824
0.001374
0.098488
0.305176
0.015784
0.010095
0.009485
0.014895
0.113197
0.237104
0.030289
0.006113
0.020894
0.010047
0.275366
0.001800
0.062855
0.016592
0.183391
0.011122
0.009713
0.618553
0.149879
0.007338
0.067720
0.200186
0.129336
0.086681
0.009136
0.239792
0.133074
0.140780
0.011772
0.016017
0.085257
0.012128
0.698249
0.046507
0.002270
0.040992
0.187607
0.244280
0.271031
0.042238
0.008294
0.029865
0.049704
0.359269
0.996404
0.257229
0.225757
0.004392
0.171483
0.299816
0.003719
0.674867
0.302149
0.029938
0.102890
0.015073
0.243887
0.076136
0.307881
0.111890
0.128829
0.132985
0.016421
0.003707
0.016789
0.017424
0.038527
0.004267
0.059738
1.570248
0.492460
0.196464
0.142655
0.008956
0.010063
0.124339
0.037732
0.071652
0.069379
0.812187
0.098823
0.569998
0.167589
0.174409
0.003941
0.009594
0.008838
0.248192
0.097385
0.335394
0.069846
0.511403
0.728522
0.109895
0.016986
0.011042
0.098952
0.319200
0.342474
0.030630
0.031031
0.030150
0.358610
0.003088
0.006133
0.010630
1.717516
0.120852
0.031381
0.033568
0.511628
0.033173
0.019939
0.086681
0.120392
0.083907
0.049723
0.689809
0.046597
0.369728
0.004260
0.180372
0.016498
0.043148
0.065145
0.117739
0.026034
0.111403
0.080232
0.024506
0.031917
0.063549
0.060019
0.288098
0.029910
0.034522
0.324596
0.461960
0.130105
0.059707
0.010232
0.505333
0.062083
0.080413
0.067884
0.626912
0.069850
0.001124
0.016861
0.075633
0.016830
0.148092
0.432580
0.270607
0.085196
0.004163
0.278290
0.068176
0.091680
0.148865
0.017843
0.044709
0.017362
0.041762
0.632265
0.247555
0.036557
0.036218
0.102973
0.215107
0.009274
0.003717
0.070356
0.041533
0.049649
0.037741
0.626527
0.049778
0.039307
0.030472
0.084546
0.241851
0.265565
2.402743
0.005990
0.003864
0.044896
0.029841
0.686983
0.082696
0.009720
0.585483
0.106965
0.248546
0.197877
0.025723
0.319805
0.025121
0.210957
0.010057
0.002496
0.086464
0.363052
0.065432
0.364644
0.019608
0.007948
0.032558
0.081744
0.051529
0.004902
0.029469
0.041047
0.007172
0.212169
0.005854
0.009442
0.058150
0.021783
0.028784
0.021658
1.005685
0.027435
0.024018
0.019557
0.021904
0.006817
0.075141
0.968981
0.789809
2.801668
0.086094
0.018194
0.081871
0.033222
0.108529
0.670923
0.031771
1.164643
0.055092
0.316873
0.198104
0.023303
0.022267
0.031859
0.006021
0.021240
0.098696
0.001154
0.020416
0.102080
0.099208
0.068778
0.386125
0.288587
0.038166
0.011048
1.022663
0.026008
0.022846
0.101483
0.002665
0.011459
0.011702
0.016851
0.004321
0.973049
0.014079
0.024877
0.336576
0.050313
0.017248
0.252700
0.017475
1.105047
0.408520
0.086059
0.017435
0.292242
0.107166
0.010852
0.197346
0.063059
0.007423
0.004424
0.028164
0.011401
0.051003
0.193121
0.010458
0.016092
0.084566
0.094099
0.017313
0.010798
0.008662
0.054536
0.306579
0.260152
0.105774
0.113865
0.235394
0.034198
0.016664
0.116200
0.182754
0.048197
1.034902
0.637214
0.103272
0.262694
0.441287
0.215533
0.377085
0.052487
0.001006
0.016941
2.571106
0.012366
0.014123
1.297474
0.089863
0.218576
0.003079
0.005629
0.023363
0.008797
0.076060
0.065480
0.273836
0.785617
0.710010
0.320111
0.121626
0.014303
0.132907
0.066646
0.004570
0.141232
0.307866
0.526020
0.633715
0.044034
0.124850
0.078838
0.090054
0.936231
0.132461
0.014051
0.024758
0.045540
0.004239
0.085840
0.009052
0.061784
0.017013
0.317711
0.101829
0.335367
0.364886
0.028602
0.679148
0.044057
1.092869
0.009778
1.327806
0.107833
0.095474
0.126576
0.031806
0.323941
0.003276
0.090725
0.268527
0.064465
0.060172
0.078202
0.000947
0.064271
0.031109
0.013296
0.069460
0.323207
0.046400
0.181287
0.075156
0.013902
0.413840
0.027246
0.094297
0.489237
0.109175
0.065910
0.005605
0.019100
0.007242
0.052016
0.004853
0.010956
0.005469
0.353473
0.016881
0.464377
0.025368
0.090660
0.231388
0.085628
0.005422
0.070418
0.523496
0.009580
0.084554
0.101960
2.423511
0.085910
0.005502
1.287451
0.004353
0.015347
0.049426
0.164988
0.215544
0.002413
0.001343
0.034573
0.248446
0.278306
0.096738
0.075103
0.001107
0.080578
0.051311
0.031298
0.629048
0.027086
0.011885
0.117462
0.009312
0.260159
0.318637
0.009414
0.072375
0.235158
0.034294
0.047216
0.251814
0.043329
0.021855
0.031443
0.470399
0.109734
0.016254
0.793194
0.620689
0.016579
0.029277
0.042419
0.094628
0.211405
0.161880
0.050803
0.039329
1.720230
0.020566
0.120118
0.181633
0.058959
0.012378
0.044015
0.099205
0.239043
0.481934
0.040538
0.232180
0.128576
1.292315
0.076709
0.010013
0.026484
0.125147
0.011516
0.161760
0.023305
0.209081
0.690340
0.141314
0.050098
0.036892
0.486940
0.168812
0.262412
0.617423
0.144852
0.001825
0.998507
0.065399
0.091990
0.217323
1.539924
0.152007
0.011084
0.060920
0.069891
0.010825
0.005592
0.447183
0.372898
0.129389
1.263708
0.162799
0.034469
0.184012
0.222508
0.005531
0.059259
0.009711
0.271552
0.007584
0.121012
0.009736
0.443308
0.006872
0.038131
0.636472
0.258702
0.019595
0.167609
0.719472
0.319122
0.074176
0.004856
0.001131
0.647028
0.010894
0.489646
0.031845
0.016301
0.024326
0.003209
0.000970
0.103224
0.014447
0.065757
0.092328
0.044313
0.279402
0.085288
0.129480
0.146894
0.004954
1.390698
0.560789
0.057605
0.005034
0.138717
0.624176
0.067962
0.009207
0.035933
0.003257
0.016326
0.001914
0.045482
0.098869
0.355491
0.121810
0.085357
0.046938
0.213732
0.032142
0.044372
0.013404
0.192949
0.055011
0.086373
0.114898
0.075310
0.007767
0.043790
0.002165
0.102638
0.393815
0.001973
0.034467
0.157353
0.010088
0.355076
0.085857
0.871175
0.016228
0.019631
0.022417
0.026868
0.037375
0.057767
0.095036
0.040689
0.005863
0.009034
0.137456
0.013494
0.196559
0.947030
0.133119
0.148365
0.086195
0.101400
0.009715
0.011057
0.423559
0.036396
0.037385
0.068748
0.035687
0.246560
0.030347
0.196259
0.355632
0.074343
0.020949
0.027052
0.010675
0.133453
0.031200
0.089883
0.469548
0.099590
0.037984
0.913067
0.195098
0.639948
0.007900
0.035773
0.005421
0.345633
0.009225
0.122391
0.059879
0.001160
0.008621
0.482881
0.012569
0.014819
0.626802
0.234967
0.036339
0.234334
0.246427
0.820778
0.029843
0.184257
0.030167
0.006945
0.141785
0.001387
0.149094
0.062650
0.083826
0.035297
0.037366
0.064385
0.012933
0.003403
0.409504
0.065442
0.357254
0.430677
0.040052
0.045510
0.042400
0.025163
0.267536
0.144683
0.010480
0.010866
0.026568
0.005040
0.320363
0.007300
0.030244
0.298108
0.005983
0.008294
0.340044
0.050352
0.508785
0.016567
0.022474
0.004026
0.003809
0.025912
0.008368
0.038714
1.265810
0.234963
2.365932
0.040258
0.365977
0.052247
0.011928
0.323591
0.264094
0.009748
0.243029
0.003567
0.998013
0.023851
0.027732
0.000860
0.009985
0.249365
0.075308
0.035439
0.062597
0.003565
0.036036
0.063026
0.029076
0.003731
0.231200
0.023372
0.006208
0.007259
0.017496
0.815787
0.992019
0.017711
1.017987
0.009011
0.263888
0.097656
0.600833
0.027401
0.294553
0.014595
0.006094
0.263724
0.020043
0.128658
0.296742
0.007174
0.067648
0.476347
0.018276
0.229376
0.059343
0.229451
0.005121
0.006320
0.083959
0.006592
0.298315
0.167807
0.084027
0.008591
0.011193
0.015267
0.090706
0.013018
0.385196
0.014773
0.055711
0.030023
0.108650
0.109601
0.006484
0.105137
0.168209
0.075798
0.327957
0.002409
0.060549
0.015377
0.017028
0.010850
1.039702
0.004191
0.005923
0.449732
0.370166
0.013803
1.603274
0.122362
0.108594
0.008044
0.018183
0.012646
0.008881
0.208465
0.093372
0.309273
0.028982
1.199842
0.987025
0.055512
0.015643
0.032184
0.003944
0.293441
0.027660
0.088504
0.008821
0.069827
0.003736
0.010959
0.011424
0.030069
0.044720
1.092195
0.034110
0.015508
0.007400
1.017435
0.235624
0.006950
0.115337
0.008617
0.128187
0.003874
0.331876
0.001219
0.009757
0.027105
0.028391
0.366192
0.095295
0.112249
0.003290
0.603068
0.142739
0.116757
0.593294
0.086732
0.391219
0.123597
0.024416
0.063035
0.031206
0.005487
0.006957
0.181928
0.014529
0.030212
0.060378
1.292635
0.368677
0.202574
0.062772
0.503884
0.115777
0.005523
0.001594
0.307206
0.027107
0.509705
0.011096
0.001555
1.277792
0.031464
0.003896
1.521669
0.023303
0.072500
0.159679
0.210612
0.047683
0.001524
0.272805
0.005638
0.014040
0.067659
0.002255
0.034324
0.071850
0.028246
0.009400
0.039073
0.002952
0.176133
0.008651
0.082386
0.168083
0.024131
0.083175
0.231008
0.096192
0.133991
0.978694
0.014739
0.034927
0.021441
0.064338
0.037384
0.089273
0.100414
0.051514
0.156595
0.010111
0.060340
0.107586
0.030235
0.023050
0.154325
0.005711
0.002726
0.275017
0.090805
0.006412
0.262031
1.021244
0.009753
0.003434
0.024811
0.360898
0.065435
0.038888
0.063178
0.007909
0.043107
0.028610
0.034884
0.035474
0.009013
0.030210
0.548731
0.194484
0.238215
0.001686
0.008009
0.078210
0.008521
0.012205
0.006973
0.075820
0.029078
0.047375
0.064685
0.052084
0.035675
0.139564
0.007586
0.323569
0.072139
0.015126
0.007940
0.091032
1.191993
0.048267
0.033611
0.056477
0.062101
0.106932
0.008055
0.027294
0.011884
0.191112
0.079764
0.343195
0.163232
0.049681
0.025069
0.004677
0.003601
0.058685
0.000867
0.048665
0.027747
0.147472
0.004051
0.030426
0.114052
0.123592
0.003400
0.003102
0.227303
0.005227
0.017144
0.004158
0.068084
0.137169
0.212187
0.004235
0.016374
0.062492
0.004774
2.372590
0.014519
0.080482
0.003980
0.007276
0.036153
0.099561
0.005771
0.393827
0.244291
0.022703
0.084098
0.034731
0.577383
0.021679
0.089579
0.067400
0.189564
0.096475
0.039520
0.296786
0.034897
0.252286
0.031261
0.785865
0.164588
0.055629
0.014796
0.007254
0.259645
0.000975
0.047099
0.506938
0.067741
0.247032
0.014617
0.081939
0.001978
0.388773
0.070978
0.049822
0.114868
0.082625
0.005202
0.098224
0.355078
0.347536
0.001617
0.018349
0.023456
0.088280
0.013100
0.098771
0.051350
0.158603
0.065681
0.058931
0.252764
0.016840
0.005188
0.042213
0.073224
0.018651
0.822958
0.084685
0.031295
0.024744
0.320058
0.303024
1.019259
0.012885
0.021636
0.212517
0.472882
0.001240
0.002608
0.071157
0.024244
0.096395
0.178568
0.030505
0.015391
0.001162
0.385171
0.049890
0.013180
0.033542
0.020385
0.399782
0.001958
0.130548
0.171441
0.013576
1.513641
0.043211
0.042664
0.640802
0.268639
0.070674
0.009184
0.618869
0.044629
0.064216
0.039916
0.014958
0.013275
0.022103
0.030084
0.224155
1.261578
0.034839
0.061403
0.167966
0.100986
0.088517
0.079935
0.166411
0.392471
0.008694
0.273601
0.030553
0.380104
0.233555
0.012105
0.001212
0.037996
0.129531
0.028900
0.903478
0.026854
0.087757
0.257015
0.020878
0.065567
0.007383
0.106889
0.357378
0.021337
0.952979
0.115221
0.009514
0.655560
0.140879
0.261772
0.112708
0.013517
0.122441
0.369028
0.606256
0.072685
0.507292
0.007829
0.256877
0.001762
0.193068
0.008019
0.045749
0.811022
0.090198
0.009968
0.002795
0.023158
0.055289
0.096260
0.065643
0.028698
0.153364
0.494334
0.071037
0.005207
0.060651
1.208397
0.016800
0.817807
0.011811
0.005181
0.055909
0.001871
0.044708
0.042451
0.071530
0.237583
0.450972
0.351251
0.014132
0.009984
1.274744
0.001843
0.001376
0.132650
0.072204
0.023260
0.128481
0.021167
0.280032
0.001524
0.029780
0.080999
0.293621
0.401610
0.014720
0.000818
0.042883
0.132537
0.010450
0.064010
0.030063
0.159974
0.051381
0.351712
0.401258
0.017474
0.070243
0.014373
0.026191
0.626158
1.128258
0.002578
0.383828
0.012361
0.071424
0.126595
0.130787
0.069907
0.001975
0.071144
0.001205
0.637907
0.016876
0.070343
0.032848
0.525121
0.097002
0.080134
0.165195
0.154233
0.001063
0.010173
0.029195
0.807957
0.087225
0.131647
0.008683
0.061515
0.022992
0.007881
0.043713
0.974268
0.618101
0.181816
0.024079
0.004826
0.046980
0.003500
0.130892
0.225231
0.005404
0.478931
0.108670
0.327863
0.003565
0.004075
0.962606
0.028254
0.048604
0.010230
0.089119
0.213393
0.277935
0.004909
0.144851
0.072680
0.003996
0.092010
0.103611
0.703738
0.136202
0.008996
0.007402
0.013017
0.333749
0.141216
0.384348
0.128446
0.012007
0.096105
0.008880
0.137372
0.354656
0.014714
0.004487
0.051503
0.002963
0.067024
0.031560
0.142402
0.114501
0.006082
0.000937
0.079050
0.473231
0.004005
0.015212
0.112001
0.007510
0.116700
0.398962
0.065460
0.164820
0.306043
0.006427
0.005683
0.004427
0.035157
0.047863
0.031629
0.622615
0.009003
0.141744
0.075378
0.087548
1.379667
0.085128
0.231501
0.038060
0.010217
1.067213
0.005179
0.233566
0.119166
0.116167
0.256957
0.633699
0.018780
0.062616
0.000980
0.015509
0.001330
0.014369
0.010436
0.026459
0.004642
0.553653
0.032047
0.158329
0.073945
0.116164
0.017112
0.263429
0.017838
0.111818
0.004073
0.131497
0.097472
1.033606
0.001641
0.052535
0.002362
0.131254
0.003767
0.046994
0.100638
1.192695
0.028178
0.082911
0.009327
0.023475
0.037151
0.079265
0.138988
0.298975
0.010958
0.068401
0.034664
0.003862
0.070026
0.058797
0.014555
0.071347
0.041457
0.368643
0.017162
0.128262
0.057084
0.066766
0.004888
0.036466
0.011487
0.305825
0.424641
0.021029
0.031950
0.611478
0.274661
0.301212
0.300443
0.031347
0.037988
0.005795
0.073853
0.003225
0.009307
0.013594
0.027420
0.118972
0.041118
0.063804
0.013428
0.252199
0.003358
0.960433
0.009719
0.012295
0.052860
0.103240
0.002069
0.043312
0.026773
0.256518
0.130216
0.246517
0.045445
0.107244
0.096500
0.119382
0.298453
0.004042
0.199881
0.085120
0.060142
0.478298
0.944531
0.914659
0.137320
0.013279
0.008480
0.094306
0.033295
0.018677
0.058564
0.096907
0.770221
0.088144
0.578576
0.009420
0.119087
0.000854
0.037328
0.074556
0.031390
0.278160
0.035432
0.148326
1.033713
0.002228
0.005922
0.104812
0.029749
0.015581
0.068972
0.036419
0.081770
0.060311
0.081095
0.008297
0.012019
0.009086
0.098071
0.006426
0.040293
0.060495
0.013854
0.047975
0.059338
0.011486
0.124728
0.061345
0.004421
0.080305
0.030004
0.016869
0.341518
1.292691
0.006181
0.024240
0.258253
0.086226
0.082129
0.322165
0.009344
0.004700
0.060274
0.021317
0.144219
0.027436
0.208571
0.013687
0.066685
0.301340
0.012601
0.119071
0.004699
0.008205
0.033220
0.010784
0.093934
0.031189
0.014013
0.030428
0.613900
0.005892
0.116484
0.358659
1.328559
0.026515
0.126629
0.085347
0.029131
0.003422
0.071035
0.065876
0.009453
0.113652
0.420426
0.109970
0.124954
0.006718
0.984872
0.001899
0.010375
0.214763
0.035707
0.129891
0.023784
0.140622
0.070657
0.195568
0.007690
0.088367
0.013369
0.013828
0.027204
0.106837
1.253121
0.007556
0.133944
0.107348
0.090658
0.116008
0.481594
0.026279
0.398065
0.108436
0.101411
0.061070
0.073389
0.011962
0.013422
0.242433
0.032956
0.019178
0.963071
1.550977
0.049339
0.107905
0.007009
0.028132
0.064173
0.260129
0.032388
0.161476
0.251492
0.005255
0.024055
0.010986
0.240261
0.005080
0.065772
0.263801
0.594685
0.050139
0.067681
0.047548
0.024592
0.056959
0.036992
0.001395
0.043631
0.395700
0.019144
0.027159
0.017104
0.051922
0.098603
0.007985
0.281826
0.028227
0.005146
0.965594
1.343994
0.066591
0.700542
0.626968
0.376528
0.135171
0.612558
0.042600
0.066387
0.009175
0.188069
0.123143
0.146976
0.026125
0.040503
0.009966
0.084363
0.042690
0.043472
0.425912
0.476868
0.002614
0.009798
0.039040
0.022626
0.011630
1.067982
0.023878
0.065380
0.009001
0.059621
0.078749
0.214823
0.080101
0.052049
0.068661
0.026019
0.003532
0.000916
0.008506
0.061961
0.190928
0.000881
0.109894
0.030968
0.063608
0.017263
0.119925
0.023757
0.009889
0.023528
0.006008
0.688691
0.204427
0.014138
0.074392
0.001306
0.122792
0.163878
0.012011
0.007961
0.009754
0.002760
0.063618
0.005204
0.297183
0.025333
1.528789
0.025917
0.362561
0.064227
0.004126
0.019238
0.368509
0.022601
0.084503
0.007465
0.063186
0.003792
0.056569
0.003676
0.328130
0.424771
0.141442
0.029284
0.084758
0.045144
0.168293
0.179863
0.026803
0.417950
0.149979
0.012972
0.080816
0.400078
0.031521
0.003985
0.001229
0.004236
2.361444
0.028943
0.014653
1.537690
0.039810
0.004983
0.146322
0.117916
0.632300
0.013524
0.007492
0.023438
0.189568
0.006768
0.012607
0.583006
0.031262
0.010413
0.001369
0.210634
0.003875
0.022727
0.054271
0.063890
0.126745
0.326500
1.590732
0.260755
0.069994
0.203862
0.549928
0.032214
0.001450
0.121434
0.258217
0.085046
0.015605
1.416937
0.015389
0.266305
0.112282
0.796161
0.038860
0.014689
0.038787
0.019495
0.016321
0.210414
0.001753
0.001382
0.541570
0.027825
0.034127
0.083773
0.015418
0.117094
0.014735
0.066448
0.021854
0.142408
0.192617
0.967992
0.035888
0.090265
0.150025
0.235880
0.076231
0.408216
0.033157
0.046112
0.257590
0.020176
1.154410
0.080897
0.001287
1.000177
0.120175
0.013085
0.039371
0.016620
0.006657
0.010567
0.222059
0.495612
0.030386
0.103410
0.045496
0.082706
0.477552
0.146860
0.058181
0.136890
0.010121
0.004126
0.057812
0.004609
0.022269
0.070906
0.896266
0.066868
0.102512
0.084070
0.116361
0.025253
0.039406
0.006234
0.022818
1.549049
0.011233
0.086491
0.040246
0.010182
0.025408
0.004840
0.325785
0.158158
0.006197
0.617457
0.047671
0.029703
0.096940
0.086875
0.490879
0.104870
0.676926
0.045707
0.034136
0.939996
0.065469
0.432379
0.034126
0.053821
0.003859
0.079868
0.005120
0.011018
0.225840
0.005935
0.050053
0.059045
0.011707
1.163041
0.062747
0.028188
0.126522
0.017339
0.025287
0.026203
0.085268
1.322803
0.056040
0.087788
0.168041
0.004919
0.367001
0.246364
0.005777
0.004662
0.302050
0.132020
0.005447
0.006369
0.063460
0.004970
0.194217
0.010648
0.001124
0.026900
0.015714
0.001001
0.009623
0.635723
0.992511
0.239665
0.089355
0.016923
0.087138
0.132744
0.182303
0.386433
0.085762
0.042180
0.015201
0.008829
0.219563
0.654729
0.008338
0.008817
0.469557
0.049709
0.054774
0.119316
0.658314
0.043077
0.008256
0.023966
0.008680
0.027338
0.278238
0.011350
0.402990
0.991221
0.030247
0.004582
0.103768
0.024719
0.007640
0.016132
0.181952
0.215082
0.027021
0.059210
1.355986
0.003578
0.018752
0.153890
0.085038
0.059415
0.053499
0.006029
0.711728
0.128261
0.155070
0.044883
0.266047
0.010392
0.148342
0.918091
0.033752
0.327369
0.195069
0.041605
0.007103
0.113781
0.094125
0.217993
0.295695
0.078229
0.130546
0.127861
0.041411
0.061896
0.011520
0.006212
0.004505
0.209940
0.153829
0.099359
0.003245
0.001046
0.130596
0.065457
0.001224
0.003904
0.042486
0.008821
0.132115
0.325529
0.007772
0.009705
0.027413
0.090497
0.025432
0.249869
0.122275
0.064107
0.202264
0.009673
0.258810
0.011014
0.007446
0.008720
0.276326
0.086615
0.527459
0.008327
0.477343
0.088428
0.016821
0.002675
0.071159
0.014758
0.007358
0.010164
0.460251
0.176186
0.184324
0.899888
0.006827
0.010547
0.670836
0.028684
0.114884
0.001195
0.002961
0.136753
1.264948
0.006364
0.607413
0.002797
0.223898
0.042624
0.009447
0.038124
0.012310
0.001625
0.321282
0.120495
0.018691
0.387951
0.001241
0.331116
0.471009
0.591904
0.183579
0.001652
0.024293
0.156925
0.033289
0.019262
0.191297
0.007996
0.087567
0.928094
0.140555
0.039541
0.046441
0.777900
0.309896
0.007945
1.302502
0.031707
0.214400
1.223945
0.357266
0.026527
0.027644
0.053611
0.007941
0.001121
0.061452
0.141591
0.118047
0.175863
0.155287
0.095182
0.043260
0.107965
0.071899
0.244567
0.215437
1.537309
0.031917
0.165578
0.011501
0.071418
0.048072
0.145891
0.084157
0.023108
0.033194
1.129684
0.026549
0.011713
0.033434
0.011615
0.115511
0.008721
0.021122
0.939414
0.214030
0.329753
0.063638
0.036324
0.005436
0.085616
0.084537
0.177900
0.083635
0.004138
0.132798
0.051442
0.003687
0.001344
0.005113
0.243718
0.025701
0.303112
0.014096
0.083683
0.092876
0.027526
0.079459
0.540719
0.006551
0.418110
0.030736
0.037429
0.061815
0.113560
0.267076
0.004463
0.278395
0.325856
0.396647
0.026875
0.062450
0.023865
0.384564
0.683283
0.100346
0.052781
0.889527
0.027881
0.001733
0.111982
0.027335
0.362257
0.301587
0.048146
0.044764
0.598827
0.044429
0.045983
0.639107
0.010390
0.021506
0.069212
0.090524
0.030085
0.042796
0.100645
0.001716
0.006232
0.085908
0.024229
0.302761
1.136772
0.028757
0.070823
0.132561
0.040048
0.647942
0.288730
0.060365
0.083170
0.085868
0.246334
0.006331
0.000941
0.170437
0.044455
0.115589
0.060116
0.005982
0.075676
0.016371
0.107170
0.027492
0.009565
0.006417
0.049921
0.167245
0.067473
0.012097
0.038858
0.001244
0.069337
0.157533
0.252604
0.024548
0.009848
0.006218
0.033514
0.008332
0.026711
0.003530
0.022941
0.003134
0.045063
0.115805
0.020080
0.973371
0.086830
0.271556
0.003668
0.115602
0.070998
0.005476
0.120827
1.185742
0.008979
0.068608
0.039930
0.297084
0.009979
0.101939
0.347103
0.274591
0.020579
0.072634
0.003080
0.017192
0.003550
0.254032
0.025889
0.104100
0.443913
0.033547
0.432988
0.101832
0.006573
0.111707
0.003983
0.011840
0.011975
0.004667
0.574011
0.123618
0.007863
0.334592
0.003526
0.096127
0.070454
0.022939
0.001329
0.003827
0.252761
0.016012
0.278259
0.004064
0.215214
0.003213
0.103089
0.135459
0.032518
0.017166
0.028633
0.104587
0.021034
0.256128
0.163770
0.619393
0.277504
0.003200
0.046544
0.011969
0.011038
0.369134
2.437526
0.163211
0.006604
0.098016
0.073427
0.117956
0.270969
0.056067
0.099023
0.003567
0.664735
0.083945
0.063741
0.124331
0.014938
0.007794
0.246674
0.125194
0.002920
0.272808
0.069384
0.066795
0.021766
1.582230
0.004109
0.054133
0.010115
0.011067
0.059193
0.040268
0.062246
0.166768
0.046137
0.040468
0.152282
0.037789
0.615507
1.370718
0.062860
0.344665
0.003713
0.100817
0.001245
0.005791
0.043299
0.006385
0.001586
0.051471
0.297375
0.001429
0.008369
0.066235
0.258018
0.052059
0.003374
0.320334
0.962410
0.028817
0.006421
0.962514
0.049687
0.084341
0.011536
0.009385
0.352839
0.050791
0.032752
0.004191
0.003096
0.014785
0.003331
0.021464
0.108047
0.006096
0.000766
0.101016
0.541008
0.011812
0.034080
0.004671
0.015429
0.232017
0.008146
0.008465
0.011330
0.015911
0.218438
0.370657
0.065644
0.377405
0.437670
0.128818
0.257705
0.045915
0.069763
0.021250
0.001249
0.030109
0.009664
0.151768
0.222724
0.001061
0.050938
0.039371
0.027726
0.309504
0.090748
0.006652
0.124251
0.014831
0.077230
1.122281
0.040693
0.689060
0.066319
0.032385
0.092524
0.015177
0.006799
0.091522
0.009915
0.967078
0.008656
0.005878
0.331632
0.123635
0.967883
0.052267
0.226910
0.029908
0.053927
0.612033
0.010269
0.043082
0.099265
0.201643
0.005103
0.015781
1.206294
0.202477
0.228071
0.181344
0.003726
0.289446
0.008120
0.033489
0.025068
0.404586
0.072060
0.080673
0.061061
0.005359
0.322779
0.240304
0.029574
0.024645
0.087862
0.027457
0.042918
0.001647
0.013525
0.127240
0.026773
0.281618
0.028649
0.065798
0.039788
0.006242
0.058963
0.041207
0.040879
0.041247
0.061508
0.005994
0.330889
0.067572
0.029141
0.359731
0.094192
0.014870
0.032277
0.059602
0.362529
0.028634
0.065420
0.012474
0.008161
0.259212
0.017257
0.021889
0.037196
0.392219
0.114223
0.012902
0.014084
0.500418
0.107294
0.013472
0.050247
0.082988
0.024903
0.010781
0.775801
0.312825
0.013020
0.266634
0.087511
0.230492
0.047445
0.194324
0.031236
0.015471
0.251703
0.005398
0.015124
0.027024
0.100390
0.260313
1.484429
0.070645
0.003119
0.003935
0.009591
0.242336
0.022697
0.029416
0.163682
1.244869
0.239290
0.112175
0.035317
0.179920
0.030827
0.006829
0.635461
0.070639
0.009518
0.000936
0.015729
0.008304
0.360050
0.218830
0.024653
0.005377
0.081836
0.022217
0.495291
0.039941
0.021205
0.001156
0.028428
0.005333
0.405143
0.070711
0.180757
0.174212
0.007771
0.181553
0.180792
0.478904
0.102408
0.496861
0.088681
0.011429
0.004164
0.249212
0.090974
0.002274
0.049390
0.380935
0.001493
0.221496
0.196650
0.013839
0.034827
0.028229
0.019515
0.380885
0.474019
0.094593
0.556036
0.273006
0.024100
0.480235
0.356863
0.083729
0.410640
0.304315
0.010937
0.025337
0.061529
0.034164
0.383383
0.010103
0.005305
0.026617
0.029369
1.054814
0.448598
0.029304
0.006316
0.074061
0.087871
0.177832
0.004567
0.002103
0.202421
0.004643
0.017135
0.002207
0.005958
0.010676
0.092206
0.009039
0.010991
0.073116
0.024539
0.119645
0.025079
0.451454
0.111418
0.009955
0.230160
0.001003
0.015563
0.296832
0.016242
0.036165
0.105447
0.173382
0.005204
0.023744
0.047730
0.009374
0.002986
0.017504
0.335525
0.296368
0.005298
0.012925
0.019229
0.005596
0.007245
0.346328
0.008857
0.014051
0.245158
0.273347
0.095364
0.165259
0.175606
0.019028
0.014058
0.112219
0.112667
0.396479
0.070678
0.050107
0.152113
0.014411
0.163924
0.348370
0.148634
0.073011
0.060158
0.058927
0.025907
0.380922
0.115311
0.034865
0.088009
0.099625
0.046405
0.668088
0.344209
0.004180
0.019224
0.125875
0.036313
0.257916
0.019501
0.001420
0.024399
0.004135
0.004837
0.008680
0.060545
0.108499
0.093418
0.179910
0.027062
0.681807
0.002540
0.119939
0.013005
0.660552
0.215266
0.004142
0.324359
0.124819
0.009138
0.326091
0.236529
0.074780
0.004439
0.071178
0.064659
0.024785
0.040738
0.105120
0.055131
0.075548
0.080104
0.009561
0.079659
0.005405
0.001212
0.258899
0.023898
0.097739
0.045802
0.053745
0.027843
0.524513
0.038071
0.063349
0.275242
0.120544
0.004502
0.050638
0.004869
0.046993
0.010334
0.119977
0.159766
0.021516
1.032455
0.035015
0.064960
0.538836
0.105624
0.007973
0.030789
0.091193
0.657498
0.007171
0.051728
0.628383
0.058762
0.059615
0.256736
0.005197
0.009355
0.214907
0.309978
0.351887
0.001959
2.417930
0.015102
0.005007
0.048311
0.053607
0.009704
0.008288
0.025219
0.006924
0.270476
0.008432
0.112111
0.130024
0.191020
0.077629
0.458921
0.053649
0.031425
0.149940
0.003761
0.282756
0.345625
0.011705
0.547873
0.024788
0.007629
0.118700
0.134038
0.117676
0.448958
0.013539
0.020829
0.006277
0.083580
0.059090
0.002105
0.005547
0.126596
0.260213
0.027558
0.000823
0.042278
0.137852
0.022385
0.067664
0.156389
0.080390
0.083713
0.049477
0.246004
0.003494
0.072845
0.007542
1.289356
0.017087
0.007514
0.120254
0.065280
1.014675
0.085378
0.703158
0.286814
0.032191
0.179212
0.001044
0.017493
0.137868
0.080753
0.263959
0.011595
0.114995
0.110955
0.199121
0.001458
0.162570
0.030011
0.682259
0.003357
0.086394
0.051712
0.160110
0.084926
0.331299
0.272922
0.004893
0.997580
0.035635
0.165257
0.021416
0.010972
0.018412
0.037889
0.005993
0.004641
0.100119
0.086938
0.020043
0.029096
0.004063
0.122185
0.123241
0.185524
0.940588
0.008320
1.546735
0.014362
0.105603
0.112261
0.264360
0.030324
0.015318
0.014522
0.001004
0.330779
0.219143
0.007580
0.281985
0.012769
0.012572
0.222126
0.030549
0.012835
0.015224
0.008363
0.050767
0.512703
0.335128
0.030545
0.004254
0.030400
0.033590
0.130350
0.125517
0.006578
0.008885
0.019453
0.037908
1.679250
0.382323
0.391137
0.256936
0.040794
0.007431
0.023703
0.004072
0.247512
0.295025
0.046805
0.173599
0.151062
0.146688
0.032011
0.211889
0.010518
0.014174
1.093952
1.272135
0.008500
0.132281
0.097245
0.082183
0.003696
0.081508
0.029670
0.009594
0.014643
0.060545
0.011351
1.139244
0.303955
0.422208
0.051964
0.007197
0.009630
0.246037
0.047687
0.047805
0.086213
0.333086
0.101821
0.006876
0.028171
0.002752
0.928381
0.276636
0.020681
0.272065
0.058624
0.037157
0.025119
0.039423
0.269487
0.050138
0.038685
0.076492
0.507997
0.421755
0.305064
0.365307
0.008253
0.002451
0.094066
0.009206
0.096494
0.119038
0.001886
0.073794
0.006886
0.006163
0.201138
0.800409
0.009464
0.211140
0.014187
0.253662
0.009554
0.030363
0.004117
0.001195
0.263904
0.091683
0.435492
0.026444
0.007908
0.688804
0.934346
0.017703
0.099028
0.017450
0.006014
0.316341
0.386182
0.056341
0.078270
0.014428
0.616365
0.050880
0.247498
0.072051
0.022349
0.058482
0.052912
0.014525
0.002654
0.002660
0.059837
0.025483
0.368447
0.687203
0.047639
0.669510
0.011860
0.039385
0.021514
0.054839
0.008703
0.449175
0.011698
0.016003
0.346565
0.127011
0.059998
0.057332
0.044540
0.035577
0.008988
0.013248
0.063781
0.045915
0.030119
0.057506
0.110091
0.192464
0.126194
0.005271
0.084430
0.294086
0.033117
0.000899
0.052070
0.910391
0.009314
0.569590
0.244669
0.658739
0.026837
0.462893
0.129984
0.360306
0.148653
0.335034
0.018465
0.314927
0.167886
0.218798
0.057763
0.483677
0.010092
0.003999
0.105265
0.080065
0.705052
0.306214
0.011044
0.094313
0.072058
0.080059
0.133016
0.009969
0.002032
0.157568
0.416262
0.065113
0.085008
0.816451
0.026265
0.049785
0.025245
0.029125
0.005258
0.261055
0.006252
0.267755
0.023316
0.011211
0.030885
0.105695
0.106272
0.003643
0.279058
0.014009
0.011232
0.268921
0.044657
0.010457
0.074001
0.085979
0.059716
0.623484
0.052644
0.025500
0.021977
0.014381
0.121683
0.031644
0.070401
0.010488
0.008616
0.010560
0.007359
0.494968
0.005052
0.010305
0.710672
0.067235
1.069103
0.008197
0.006275
0.286085
0.105626
0.015470
0.051968
0.335384
0.008347
0.018039
0.080926
0.071048
0.754455
0.010554
0.180207
0.000819
0.292161
0.009721
0.003872
0.008849
0.191260
0.005672
0.573418
0.131566
0.182380
0.053430
0.105619
0.014731
0.092234
0.103475
0.008713
0.128033
0.027258
0.362761
0.072953
0.105406
0.012216
0.110312
0.096471
0.027099
0.003576
0.084360
0.079545
0.695824
0.012977
0.012371
0.099717
0.104028
0.008380
0.011988
0.464681
0.135699
0.001600
0.029371
0.119997
0.127810
0.042954
0.010841
0.608992
0.022796
0.085189
0.126834
0.314883
0.015282
0.007246
0.161133
0.005650
0.205907
0.007155
0.022306
0.051989
0.015537
0.030883
0.239441
1.327486
0.010504
0.219768
0.077770
0.081106
0.041657
0.008367
0.014701
0.029486
0.021394
0.099896
0.161805
0.103909
0.184227
0.005017
0.289917
0.111367
0.962339
0.065177
0.013307
0.047636
0.040708
0.001030
0.441697
0.039788
0.008136
0.010249
0.127321
0.013545
0.130253
0.005706
0.365899
0.011433
0.441776
0.052797
0.006949
0.184367
0.226019
0.004112
0.162874
0.039257
0.007161
0.007577
0.055128
0.016901
0.012985
0.724770
0.051048
0.143285
0.769138
0.002061
0.005559
0.090264
0.008947
0.047689
0.007510
0.001129
0.001715
0.015466
1.364442
0.008992
0.030125
0.121728
0.004509
0.056038
0.016111
0.011220
0.008489
1.011727
0.339051
0.216155
0.007976
0.028139
0.013256
0.127430
0.133206
0.016354
0.034761
0.009655
0.064199
0.053202
0.074452
0.224364
0.006302
0.005136
0.017385
0.111863
0.635287
1.002650
0.049791
0.015902
0.346677
0.011325
0.118731
0.342970
0.010866
0.111326
0.061468
0.328051
0.147150
0.007485
0.007687
0.068166
0.012142
0.003809
0.046172
0.000718
0.028765
0.026867
0.216473
0.001498
0.255581
0.122277
0.112228
0.669685
0.010194
0.129419
0.031264
0.050334
0.176350
0.179410
0.060750
0.035566
0.020023
0.192267
1.550902
0.018732
0.010374
0.001668
0.019066
0.027079
0.086362
0.077790
0.063280
0.009932
0.033475
0.007398
0.857886
0.049956
0.127344
0.063785
0.244188
0.003975
0.599486
1.249715
0.014360
0.124194
0.018949
0.018143
0.082237
0.028822
0.107995
0.068113
0.068024
0.098225
0.150806
0.010597
0.041406
0.010362
0.316368
0.706921
0.003611
0.150608
0.010050
0.044623
0.014263
0.127420
0.056225
0.012375
0.006965
0.067241
0.014141
0.005420
0.440393
0.138972
0.058239
0.012764
0.082419
0.049203
0.059801
0.032220
1.312484
0.165438
0.062096
0.710559
0.029140
0.162913
0.092417
0.260730
0.003653
0.015810
0.131387
0.100032
0.279300
0.066843
0.007174
0.132350
1.005530
0.084459
0.383729
0.011387
0.388972
0.034505
0.033275
0.890647
1.358199
0.024885
0.068436
0.060050
0.033178
0.001181
0.034276
0.007452
0.031555
1.191891
0.004420
0.022208
0.024285
0.021657
0.021187
0.025013
0.023828
0.022676
0.045667
0.019282
0.052182
0.060912
0.110791
0.025064
0.317890
0.015421
0.573232
0.002583
0.008948
0.463087
0.089543
0.465183
0.150980
0.083330
0.152438
0.030398
0.634331
0.014061
0.066083
0.016522
0.050999
0.984686
0.015589
0.014236
0.013307
1.538663
0.105188
0.031145
0.005370
0.074974
0.008506
0.008705
0.388537
0.011772
0.262345
0.068280
0.012596
0.066707
0.014529
0.299833
0.008645
0.104192
0.123970
0.015191
0.010356
0.095573
0.007445
0.298949
0.022924
0.008646
0.022796
0.013759
0.008488
0.008414
0.006410
0.032423
0.255266
0.054892
0.004065
0.078065
0.675076
0.709948
0.093049
0.031139
0.002620
0.121926
0.037813
0.622025
0.016706
0.366369
0.628980
0.083303
0.021954
0.019313
0.081827
0.003422
0.029242
1.195260
0.113687
0.058677
0.061673
0.001766
0.313944
0.963129
0.080955
0.070549
0.108080
0.031357
0.029972
0.030097
0.033031
0.245603
0.000941
0.160178
0.070775
0.260430
0.029402
0.057358
0.153684
0.004140
0.010340
0.043411
0.047768
0.506949
0.009941
0.296063
0.306148
0.387478
0.120583
0.033541
0.007447
0.259066
0.004534
0.005702
0.012653
0.968530
0.042051
0.028225
0.002983
0.003572
0.017300
0.279969
0.081870
0.092306
0.005461
0.021924
0.640249
0.305438
0.070625
0.010378
0.001517
0.051660
0.044152
0.026245
0.032134
0.000900
0.364920
0.119000
0.270971
0.035239
0.301266
0.091273
0.001774
0.108606
0.001350
0.010406
0.083632
0.135461
0.090733
0.014572
0.004257
0.083793
0.074067
0.024301
0.108893
0.276104
0.127180
0.281329
0.250123
0.043198
0.074290
0.029644
0.014530
1.362978
0.023201
0.248718
0.173534
0.088426
0.014212
0.007375
0.068718
0.116592
0.110974
0.023038
0.130199
0.015349
0.068730
0.073290
1.265883
0.010547
0.241773
0.010353
0.030663
0.093400
0.633978
0.110383
0.001419
0.117180
0.001214
0.009822
0.004232
0.136674
0.000945
1.383821
0.190402
0.019038
0.176827
0.047485
0.005593
0.182080
0.011801
0.096238
0.014059
0.317729
0.041922
0.034750
0.032793
0.006926
0.066314
1.109563
0.245350
0.013727
0.021547
0.027367
0.026917
0.010574
0.123755
0.302479
0.117781
0.620481
0.009951
0.358361
0.253364
0.043065
0.020666
0.010253
0.009415
0.031127
0.286755
0.477847
0.029947
0.087443
0.011327
0.180902
0.037783
0.162569
0.001795
0.029852
0.000745
0.004356
0.263789
0.001192
0.035464
0.009906
0.011203
0.021235
0.216812
0.049193
0.001285
0.627301
0.069217
0.014631
0.026310
0.074686
0.043704
0.115133
0.009642
1.064800
0.035528
0.224320
0.129870
0.009295
0.583805
0.012059
0.009887
0.047205
0.043220
0.062597
0.089545
0.631638
0.003950
0.059274
0.048360
0.071008
0.034413
0.072076
0.011979
0.030565
0.005697
0.879942
0.732062
0.504356
0.070402
0.033580
0.477119
0.003202
0.291776
0.005004
0.025827
0.008650
0.443752
0.008323
0.088380
0.008231
0.003356
0.034804
0.005915
0.033334
0.216559
0.005352
0.094065
0.017603
0.086679
0.163947
0.013677
0.035326
0.124698
0.000904
0.123781
0.049151
0.000996
0.009549
0.627925
0.009718
0.062010
1.517840
0.051093
0.134068
0.042910
0.346073
0.004502
0.456901
0.005898
0.368564
0.049373
0.059293
0.058856
0.131611
0.012114
0.010897
0.003385
0.029522
0.116158
0.005276
0.134945
0.066242
0.003910
0.039973
0.030960
0.005709
0.275624
0.697336
0.079441
0.007980
0.074805
0.003750
0.029636
0.010264
1.394150
0.012084
0.008229
0.017955
0.101842
0.102542
0.277207
0.245770
0.150482
0.252261
0.804701
0.059970
0.120533
0.017689
0.082564
0.010627
0.017033
0.673652
0.004597
0.036474
0.030610
0.048658
0.008382
0.304170
0.256616
0.063713
0.064855
0.007180
0.043371
0.355776
0.014838
0.261306
0.082181
0.309030
0.140332
0.076499
0.001779
0.077993
0.006684
0.040048
0.707063
0.024270
0.098699
0.001306
0.037636
0.001423
0.029449
0.016605
0.068610
0.033517
0.275680
0.266482
0.010662
0.230796
0.016063
0.084948
0.017138
0.012023
0.116656
0.167383
0.044045
0.030315
0.004140
0.117866
0.233520
0.002296
0.015070
0.006272
0.047435
0.028711
0.017235
0.020866
0.060972
0.153722
0.224690
0.034489
0.002954
0.015102
0.152975
0.099022
0.019893
0.672914
0.028579
0.029014
0.023334
0.380930
0.395789
0.008171
0.061193
0.058714
0.049963
0.123983
0.238335
0.061396
0.124333
0.392830
0.343885
0.993273
0.027173
0.067255
0.073634
0.126879
0.002307
0.150996
0.015490
0.369187
0.266648
0.002192
0.016479
0.062915
0.000974
0.049470
0.088528
0.003869
0.033647
0.021517
0.287690
0.641000
0.071183
0.108807
0.040057
0.009730
0.009398
0.012298
0.013520
0.093861
0.167676
0.049826
0.196084
0.006291
0.005380
0.389899
0.159724
0.164758
0.048987
0.007622
0.102662
0.002288
0.218775
0.260125
1.188671
0.036929
0.001289
0.004361
0.129347
0.127691
0.392180
0.029553
0.004519
0.009626
0.109014
0.005323
0.438488
0.251581
1.455214
0.339628
0.067096
0.264920
0.280367
0.066566
0.070424
0.004813
0.088333
0.022499
0.085382
0.023532
1.275920
0.005193
0.071048
0.112085
0.314080
0.096219
0.044603
0.029083
0.115980
0.030922
0.004506
0.014424
0.115275
0.008009
0.341558
0.009686
0.086453
0.046101
0.954788
0.223245
0.029664
0.033272
0.064774
0.022760
0.008348
0.213873
0.153050
0.009271
0.113226
0.025647
0.006534
0.013297
0.220801
0.310148
0.010863
0.074923
0.122939
0.014549
0.028220
0.337173
0.260865
0.218999
0.031719
0.263682
0.029193
0.002373
0.080851
0.033399
0.001386
0.208262
0.049727
0.140491
0.288961
0.064660
0.012922
0.185875
0.110677
0.507498
0.022319
0.331979
0.012003
0.499625
0.023778
0.207638
0.462102
0.001917
0.025426
0.017900
0.043673
0.070714
0.006808
0.120277
0.888320
0.010427
0.007509
0.014678
0.016073
0.177225
0.001450
0.162075
0.022864
0.393663
0.059972
0.056097
0.136360
0.007025
0.001434
1.309046
0.022927
1.774540
0.193905
0.015866
0.019750
0.005829
1.203942
1.810381
0.469054
0.165426
0.049958
0.509767
0.061775
0.084170
0.043441
0.601974
0.114071
0.020242
0.276010
0.112795
0.051467
0.063122
0.031406
0.006521
0.019004
0.092379
0.246164
0.117648
0.041809
1.268986
0.103389
1.845208
0.104437
0.485687
0.016396
0.364991
0.599062
0.021855
0.008818
0.088172
0.526881
0.007734
0.095019
0.046370
0.176285
0.107037
0.012688
1.559820
0.067023
0.097227
0.148097
0.565925
0.364221
0.378719
0.177337
0.020321
0.414492
0.149532
0.126783
0.108539
0.015087
0.035875
0.321807
0.591984
0.002848
0.943339
1.326401
0.006360
0.257430
0.014307
0.057185
0.055461
1.241507
0.035121
0.380531
0.093018
0.016591
0.019775
0.146022
0.161109
0.796049
0.666272
0.016342
0.010831
0.041954
0.082655
0.112261
0.004246
0.016823
3.383438
0.151881
0.021720
0.010174
0.175542
0.026820
0.457293
0.204176
0.008275
0.362757
0.020621
0.017889
0.017657
0.025679
0.010631
0.061800
0.011360
1.280884
0.010035
0.011925
0.026894
0.102224
0.061337
0.011175
0.148002
0.085916
0.021127
0.004880
0.352261
0.011415
0.219630
0.081513
0.007186
0.184876
0.014992
0.018136
0.082212
0.376126
0.337321
0.088292
0.030724
0.060983
0.170431
0.218002
0.002937
0.467014
0.076901
0.061897
0.002362
0.595889
0.095810
0.013230
0.006780
0.196034
0.012208
0.399671
0.056203
0.843781
0.093131
0.149490
0.242697
0.152508
0.007170
0.039100
0.039401
0.001820
0.035106
0.345975
0.042079
0.007081
0.031211
0.391073
1.862345
0.070176
0.349444
0.123514
0.189412
0.002286
0.036634
0.216311
0.078419
0.001631
0.162275
0.146682
0.014086
0.446294
0.045740
0.090120
0.335193
0.035779
0.006661
0.587393
0.651303
0.030616
0.005240
0.083974
0.001276
0.010183
0.073677
0.367013
0.989648
0.018749
0.014187
0.010569
0.009311
0.363056
0.330984
0.206922
0.090145
0.187387
0.232881
0.027022
0.008497
0.617868
0.266513
0.008113
0.014692
0.194727
0.018092
0.001136
0.070451
0.195294
0.005006
0.031469
0.091125
0.011488
0.073316
0.149908
0.004535
0.360413
0.083587
0.064200
0.082401
0.004850
0.085814
0.064230
0.057110
0.008230
0.008973
0.077622
0.355507
0.068369
0.124388
0.095272
0.135872
0.087788
0.212383
0.029819
0.187346
0.188231
0.086338
0.010061
0.036812
0.005996
0.023553
0.037642
0.048347
1.062683
0.100385
0.598194
0.014484
0.008382
0.165185
0.047245
0.037722
0.095961
0.063971
0.060564
0.468748
0.038240
0.001665
0.009772
0.024998
0.091575
0.016142
1.026790
0.167275
0.007549
0.812153
0.022592
0.001727
0.097625
0.012883
0.059768
0.080406
0.006199
0.524687
0.079601
0.201617
0.168749
0.200394
0.119438
0.020669
0.007626
0.011749
0.123383
0.085089
0.001854
0.023270
0.031442
0.047670
0.113576
0.001133
0.005751
0.038239
0.013440
0.007542
0.094753
0.030180
0.159241
0.133238
0.454716
0.036400
0.367779
0.263948
0.418972
0.009695
0.096051
0.127969
0.103879
0.021890
0.389672
0.016597
0.029733
0.089660
0.041849
0.007695
0.051057
0.038023
0.091039
0.010255
0.078128
0.009116
0.089789
0.922710
0.171702
0.009947
0.720635
0.219558
0.149533
0.085569
0.214406
0.605758
0.547486
0.024836
0.559572
0.070594
0.056921
0.087673
0.240558
0.028901
0.001356
0.034399
0.140557
0.448443
1.754641
0.072416
0.001428
0.401120
0.088790
0.033893
0.379577
0.165055
0.089618
0.021209
0.019570
0.005941
0.082638
0.014602
0.041004
1.489211
0.026627
0.101920
0.012665
0.026331
0.472073
0.042362
0.731753
0.098314
0.248253
0.418385
0.145308
0.042811
0.928477
0.014770
0.001345
0.108631
0.009700
0.093876
0.417373
0.119617
0.486054
0.245143
0.345826
0.019943
0.021082
0.009902
0.338912
0.018479
0.083589
0.170561
2.282808
0.056485
0.067541
0.028929
0.065628
0.007793
0.657053
0.099461
0.149505
0.352067
0.171570
0.027743
0.007541
0.514713
0.047468
0.010088
0.580327
0.080680
0.011278
0.129648
0.312201
0.458817
0.090984
0.269773
0.270960
0.154161
0.231084
0.003921
0.037461
0.012601
0.005571
0.132057
0.097676
0.315398
0.244971
0.007713
0.097851
0.110887
0.346851
0.076815
0.007601
0.214692
0.134938
0.063952
0.026999
0.480436
0.078918
0.062367
0.037592
0.332384
0.004394
0.059928
0.631214
0.002304
0.073910
0.060704
0.049722
0.122023
0.004943
0.356386
0.001053
0.032874
0.329686
0.611792
0.010601
0.053984
0.298062
0.020451
0.008037
0.004564
0.039688
0.155647
0.069159
0.082517
1.003838
0.013675
0.009283
0.036561
0.095738
0.063643
0.051448
0.397480
0.037789
0.202309
0.122513
0.244768
0.229269
0.001256
0.010497
0.030627
0.006347
0.037434
0.038097
0.299534
0.052425
0.021520
0.005845
0.001150
0.076807
0.007689
0.031470
0.117726
0.036152
0.258204
0.502940
0.108807
0.007176
0.008179
0.063327
0.143433
0.007447
0.009932
0.061836
0.023412
0.001210
0.146970
0.047848
0.044159
0.025331
0.030519
0.055461
0.015510
0.010848
0.028352
0.344705
0.102968
0.002477
0.422297
0.200425
0.008974
0.089364
0.271592
0.083431
0.016054
0.096038
0.231174
0.359559
0.006526
0.020443
0.009450
0.653400
0.006371
0.053436
0.030219
0.004183
0.013603
0.091676
0.073820
0.122866
0.159935
0.005532
0.442683
0.041712
0.078507
0.678261
0.388185
0.125395
0.002998
0.102347
0.030403
0.222396
0.282683
0.132135
0.114967
0.014743
0.009987
0.040143
0.005176
0.152014
0.180454
0.004543
0.000851
0.060247
0.050877
0.036513
0.042371
0.458088
0.009475
0.008299
0.445403
0.105823
0.046998
0.029845
0.309866
0.103396
0.028834
0.108585
0.048863
0.954871
0.020588
0.107204
0.078825
0.019403
0.366371
0.116457
0.009906
0.002873
0.011544
0.001057
0.028495
0.021881
0.002400
0.287222
0.019341
0.197154
0.057924
0.466271
0.117241
0.013606
0.054660
0.059595
0.007461
0.138043
0.275359
0.019531
0.148348
0.029962
0.038746
0.204473
0.025938
0.052321
0.112157
0.101803
0.045469
0.070769
0.052979
0.067449
0.006453
0.123298
0.018456
0.516640
0.039579
0.040733
0.151930
0.099150
0.003617
0.812429
0.015405
1.282273
0.011675
0.325905
0.016085
0.626790
0.040693
0.009264
0.008352
0.011234
0.083686
0.011246
0.015361
0.013085
0.006035
0.014094
0.607137
0.047518
0.080647
0.098447
0.012535
0.057875
0.007925
0.168053
0.046869
0.040858
0.885295
0.030861
0.349287
0.010011
0.164173
0.124395
0.248023
0.007298
0.008346
0.091173
0.065844
0.030621
0.033621
1.165666
0.611038
0.043840
0.880182
0.010256
0.749662
0.005711
0.016355
0.175825
0.030831
0.002708
0.016919
0.024923
0.016158
0.686402
0.263897
0.005237
0.001105
2.353473
0.283380
0.004198
0.070840
0.328898
0.399538
0.622927
0.062648
0.036767
0.065251
0.273162
0.102970
0.009966
0.387934
0.083228
0.006920
0.970615
0.021324
0.521688
0.017263
0.089536
0.087864
1.246076
0.094348
0.002203
0.021312
0.011864
0.060137
0.019527
0.427915
0.043523
0.051375
0.014884
0.022968
0.089787
0.000741
0.021312
0.009306
0.029938
0.155372
0.319506
0.022630
0.026443
0.219229
0.343004
0.014414
0.025554
0.015484
0.084064
0.018344
0.006020
0.135416
0.011575
0.132607
0.416079
0.060384
0.031375
0.011120
0.066370
0.006878
0.001533
0.011618
0.983581
0.044043
0.084325
0.586815
0.124134
0.007458
0.231944
0.058981
0.416040
0.311914
0.242472
0.027101
0.011223
0.114508
0.046059
0.017514
0.317890
0.001295
0.070943
0.040012
0.098231
0.065693
0.114166
0.625173
0.233411
0.065084
0.001005
0.123486
0.158493
0.099838
0.005313
1.900578
0.002501
0.118485
0.002576
0.302332
0.063612
0.233669
0.318929
0.061840
0.082484
0.017207
0.258689
0.027428
0.001094
0.004195
1.566126
0.066634
0.122126
0.061902
0.797710
0.194610
0.390912
0.006817
0.053988
0.404846
0.026290
0.263350
0.003253
0.060477
0.235040
1.072916
0.008640
0.046431
0.044436
0.029141
0.146961
0.127656
0.025284
0.296815
0.363710
0.175177
0.006090
0.028943
0.133910
0.153538
0.087902
0.028952
0.089412
0.299605
0.013438
0.009355
0.127166
0.251881
0.004230
0.001171
0.067247
0.057886
0.058861
0.001682
0.004147
0.997584
0.245092
0.035633
0.011917
0.005559
0.047463
0.015103
0.001321
0.983734
0.049818
0.066467
0.019299
0.258577
0.016379
0.090546
0.238862
0.441279
0.011301
0.005817
0.061073
0.345569
0.894754
0.015330
0.100018
0.003917
0.478667
0.080947
0.009306
0.011911
0.188261
0.231002
0.018235
0.115948
0.001378
0.012211
0.176896
0.194000
0.985656
0.026011
0.004405
0.034953
0.004372
0.070237
0.056453
0.963649
0.108040
0.057617
0.030927
0.094469
0.004319
0.083882
0.231683
0.131300
0.326281
0.044408
0.007016
0.074214
0.077173
0.298077
0.025507
0.001332
0.282356
0.105706
0.511494
0.016544
0.023741
0.107938
0.030020
0.661672
0.071774
0.160452
0.151692
1.215432
0.022151
0.161690
0.017631
0.042521
0.299270
0.067010
0.019473
0.108488
0.235346
0.097777
0.030352
0.041556
0.002503
0.011385
0.099923
0.024341
0.027775
0.638273
0.069442
0.109613
0.006597
0.027318
0.062790
0.003886
0.008610
0.023996
0.059620
0.149799
0.307554
0.249208
0.489111
0.791768
0.030739
0.217433
0.107959
0.473184
0.008498
0.073697
0.013959
0.074920
0.071388
0.034072
0.652202
0.028522
0.131519
0.007727
0.119807
0.300216
0.021280
0.226984
0.087203
0.085802
0.052253
0.169010
0.045236
0.421361
0.008715
0.263653
0.081320
0.007576
0.033499
0.155814
0.365341
0.233772
0.463590
1.071707
0.334524
0.083545
0.004390
0.086473
0.136036
0.005626
0.463683
0.653852
0.001484
0.015018
0.059894
0.041025
0.109203
0.278072
0.452752
0.482822
0.005511
0.003510
0.029665
0.053745
0.007335
0.190242
0.031013
0.008704
0.111234
0.006126
0.085555
0.048610
0.163711
0.023970
0.061608
0.383369
0.030623
0.138854
0.337593
0.031369
0.062858
0.141009
0.576732
0.022968
0.081736
0.065752
0.011006
0.178392
1.307665
0.208173
0.111728
0.020171
1.278035
0.007049
0.157458
0.623284
0.006944
0.028678
0.276681
0.002366
0.008172
0.109720
0.066364
0.356669
0.009048
0.984273
0.205651
0.236517
0.074666
0.010934
0.021846
0.061246
0.088427
0.049542
0.066801
0.120160
0.103378
0.105002
0.636460
0.004435
0.015748
0.000691
0.082581
0.030955
0.038078
0.003584
0.003876
0.004100
0.000957
0.019106
0.000888
0.008280
0.049293
0.944803
0.248643
0.002464
0.015704
0.032766
0.303296
0.009836
0.619997
0.177596
0.041987
0.014126
0.298940
0.082627
0.029852
0.026062
0.035863
0.018153
0.022112
0.224302
0.331359
0.045793
0.066158
0.067080
0.005226
0.051906
0.027649
0.006400
0.160235
0.017446
0.062951
1.190860
0.131737
0.007457
0.026912
0.009407
0.254061
0.046973
0.452537
0.072485
0.058062
0.279078
0.006253
0.045285
0.048239
0.022951
0.013964
0.039396
0.099048
0.122788
0.039375
0.276879
0.102265
0.005496
0.007564
0.030155
0.014071
0.102993
0.351012
0.557956
0.003464
0.024106
0.688149
0.259641
0.014803
0.116498
0.124192
0.006159
0.093846
0.007117
0.006808
0.015440
0.064341
0.049011
0.357873
0.047733
0.032719
0.027366
0.003747
0.019574
0.037008
0.022344
0.012985
0.020507
0.063592
0.389683
0.084125
0.029922
0.029365
1.184238
0.071098
1.022339
0.302976
0.028629
0.029304
0.344995
0.030249
0.044790
0.325791
0.347969
0.055767
0.468807
0.784853
0.043739
0.051468
0.019745
0.474795
0.123065
0.021254
0.121530
0.001543
0.018836
0.026424
0.023471
0.163044
0.342309
0.125249
0.681656
1.275682
0.043949
0.008924
0.085538
0.132247
0.406018
0.144835
0.264310
0.161589
0.488487
0.014297
0.003928
0.084112
0.003623
0.031912
0.004360
0.078757
0.009334
0.050326
0.002504
0.003429
0.025891
0.324954
0.064429
0.014273
0.028481
0.001938
0.052976
0.119872
0.063368
0.248936
0.008976
0.027967
0.008099
0.035715
0.101640
0.020937
0.018017
0.198093
0.016606
0.004374
0.133069
0.056189
0.229654
0.007370
0.059158
0.025716
0.127407
0.015015
0.456663
0.006190
0.039900
0.005752
0.104235
1.300176
0.697832
0.243336
0.012163
0.007226
0.581781
0.025465
0.120413
0.103207
0.297288
0.006600
0.070651
1.291750
0.264757
0.032849
0.009903
0.103659
0.027899
0.248467
0.077873
0.053325
0.888273
0.808405
0.008402
0.010983
0.227074
0.291235
0.243956
0.019551
0.964521
0.259599
0.013710
0.022733
0.071964
0.013952
0.257887
0.059936
0.335349
0.031226
0.018591
0.303712
0.019125
0.059385
0.035501
0.016973
0.122387
0.036470
0.009517
0.057426
0.865028
0.027765
0.326595
0.007060
0.074564
0.114915
0.002014
0.059970
0.030475
0.003268
0.063719
0.070247
0.003123
0.337109
0.030636
0.049942
0.082675
0.005317
0.138803
0.121405
0.004931
0.022510
0.913109
1.507471
0.025112
0.019661
0.086664
0.043819
0.096661
0.006328
0.050655
0.288122
0.016187
0.048046
0.038136
0.430362
0.232874
0.337985
0.035602
0.026147
0.051540
0.018029
0.013344
0.004856
0.006037
0.255178
0.038301
0.146566
0.572125
0.142070
0.798138
0.027749
0.388451
0.128040
0.034535
0.197166
0.002301
0.043897
0.128757
0.013186
0.066355
0.008374
0.013278
0.007415
0.148728
0.271409
0.009983
0.306052
0.027877
0.015658
0.095921
0.049431
0.084515
0.001178
0.492256
0.221276
0.039759
0.006015
0.009771
0.231569
0.134243
0.034363
0.002016
0.001223
0.011348
0.004863
0.112684
0.083447
0.130515
1.023940
0.268999
0.082674
0.006881
0.097757
0.015880
0.640336
0.195290
0.031597
0.090763
0.031950
0.027180
0.017977
0.010498
0.001319
0.126069
1.215392
0.033516
0.001476
0.013604
0.248847
0.026153
0.121879
0.001172
0.372963
0.006769
0.015900
0.688586
0.376648
0.007844
0.251079
0.023532
0.005821
0.840293
0.119659
0.261552
0.006941
0.380937
0.004621
0.081118
0.001478
0.057962
0.003547
0.001014
0.013083
0.057527
0.028954
0.341552
0.829558
0.228500
0.287506
0.006104
0.025491
0.013287
0.029350
0.117208
0.252480
0.251225
0.011515
0.687661
0.846067
0.265589
0.014646
0.021753
0.005618
0.003030
0.189824
0.407448
0.031631
0.276021
0.067887
0.499579
0.066940
0.297205
0.083284
0.005498
0.120953
0.288175
0.083476
0.278986
0.017435
0.480743
0.080866
0.031988
0.091496
0.150500
0.051564
0.059149
0.094192
0.033756
0.009101
0.009966
0.001087
0.039380
0.002917
0.092156
0.007545
0.596012
0.060019
0.374629
0.020833
0.014359
0.151357
0.001082
0.235753
0.040019
0.014843
0.227227
0.012055
0.082708
0.059593
0.006051
0.003170
0.065036
0.043945
0.033376
0.004088
0.369150
0.022112
0.005342
0.007272
0.028963
0.018853
0.048570
0.028795
0.266192
0.109330
0.003426
0.072373
0.075338
0.036188
0.638485
0.069634
0.134850
0.067578
0.353672
0.068542
1.004481
0.011315
0.072337
0.899923
0.067434
0.020249
0.014655
0.007148
0.115238
0.005026
0.112527
0.059772
0.137762
0.022784
0.003148
0.009010
0.041377
0.008675
0.177831
0.025678
0.060823
0.460911
0.400102
0.050506
0.011404
0.072489
0.630733
0.116684
0.064232
0.029640
0.032893
0.029902
0.412312
0.033818
0.011723
0.301566
0.002182
0.023543
0.005355
0.024424
0.063175
0.584564
0.084990
0.002047
0.022981
0.036054
0.027333
0.175197
0.160587
0.012791
0.242461
0.040165
0.036566
0.068885
0.388480
0.003953
0.258121
0.008714
0.187166
0.153419
0.069755
0.001143
0.342342
0.031996
0.327535
0.117137
0.011528
0.337067
0.500822
0.024533
0.152349
0.091215
0.065105
0.007276
0.031120
0.244688
0.004006
0.105581
0.035706
0.015417
0.607335
0.028233
0.079541
0.018066
0.156594
0.006058
1.543878
0.021595
0.040539
0.006791
0.059161
0.034486
0.114948
0.017755
0.034755
0.005598
0.006081
0.015209
0.029300
0.075825
0.004358
0.008163
0.003343
0.312207
0.053247
0.264818
0.020480
0.085090
0.008811
0.006095
0.084285
0.401639
0.162057
0.005874
0.156468
0.018485
0.039636
0.015960
0.328551
0.025904
0.007097
0.053162
0.034992
0.061579
0.075377
0.042688
0.083687
0.000887
0.067811
0.083970
0.011552
0.591628
0.031278
0.001252
0.117738
0.541078
0.013419
0.095229
0.068924
0.048421
0.019535
0.014346
0.065032
0.080658
0.016569
0.068136
0.016570
0.026683
0.177439
0.040537
0.018234
0.991366
0.246789
0.049272
0.272749
0.005988
0.006554
0.389586
0.023636
0.007247
0.530346
0.043697
0.008934
0.001244
0.158885
0.169972
0.060419
1.174966
0.170645
0.005287
0.031844
1.039917
0.131038
0.402126
1.348792
0.146071
0.043722
0.918926
0.931470
0.005456
0.107321
0.201527
0.015383
0.021578
0.061139
0.133520
0.124383
0.001020
0.024536
0.023717
0.171855
0.024634
0.027201
0.085100
0.094347
0.161575
0.284112
0.007010
0.210985
0.077481
0.004355
0.703729
0.008950
0.008297
0.137207
0.016072
0.990914
0.057668
0.128983
0.059813
1.241063
0.015917
0.002620
0.112140
0.044487
0.041531
0.049492
0.066754
0.040578
0.694570
0.015300
0.078634
0.040740
0.303270
0.188683
0.032645
0.012970
0.007025
0.360136
0.722872
0.461580
0.623777
0.085602
0.015134
0.013285
0.030303
0.040867
0.031472
0.001065
0.018540
0.017109
0.128035
0.022756
0.036469
0.081353
0.009658
0.116404
0.002398
0.371953
0.051663
0.018801
0.147350
0.200987
0.080514
0.366495
0.068407
0.015801
0.011222
0.063400
0.065613
1.247805
0.023394
0.126089
0.004608
0.410099
0.117510
0.681774
0.309140
0.014572
0.348199
0.048497
0.033898
0.390094
0.040772
0.166685
0.063377
0.037141
0.058427
0.033985
0.008718
0.008702
0.085523
0.066056
0.009928
0.098220
0.383983
0.002984
0.269582
0.694818
0.031148
0.224831
0.174387
0.068181
0.428384
0.124828
0.030904
0.085780
0.068228
0.795382
0.062395
0.046617
0.031057
0.021338
0.073865
0.087686
0.202078
0.718978
0.099484
0.013446
0.133649
0.029802
0.041368
0.016266
0.340718
1.269079
0.157922
0.128236
0.083747
0.205432
0.004598
0.148813
0.513988
0.007871
0.088029
0.021029
0.400453
0.150820
0.006297
0.103868
0.011851
0.091463
0.051385
0.101477
0.047643
0.043887
0.097534
0.008071
0.278122
0.018052
0.132963
0.084631
0.006753
0.113982
0.144566
0.371379
0.066283
0.018124
0.103866
0.004659
0.056547
0.160142
0.046202
0.034010
0.020519
1.094601
0.010503
0.080167
0.032159
0.430097
0.011214
0.024114
0.069932
0.389101
0.112403
0.199257
0.478675
0.304579
0.967962
0.015226
0.254112
0.019335
0.063452
0.012035
0.001146
0.219288
0.009552
0.008938
0.637027
0.084543
0.060035
0.022246
1.175289
0.224005
0.069178
0.085726
0.089232
0.097371
0.107982
0.091120
0.020216
0.002032
0.063264
0.017714
0.112443
1.124085
0.048524
0.057984
0.001566
1.264632
0.024192
0.007154
0.013730
0.020170
0.186699
0.029598
0.548832
0.086845
0.341727
0.208598
0.055067
0.051927
0.030395
1.322349
0.266934
0.210521
0.069020
0.379537
0.988568
0.028534
0.016103
0.045105
0.065229
0.037198
0.274835
0.210533
0.005023
0.003064
0.028347
0.018909
0.226752
0.005109
1.200193
0.088030
0.076077
0.126896
0.002872
0.061266
0.002770
0.013963
0.146770
0.329198
0.070134
0.006698
0.305973
0.041347
0.277563
0.126338
0.001395
0.309414
0.047201
0.140041
0.018445
0.039145
0.004406
2.445221
0.112744
0.038020
0.001287
0.192870
0.007322
0.026812
0.021287
0.139632
0.138565
0.000943
0.117174
0.025350
0.109843
0.450559
0.650947
0.827031
0.073557
0.164749
0.007893
0.042412
0.203857
0.110480
1.571465
0.451040
0.096926
0.570657
0.047337
0.002824
0.086343
0.022469
0.009421
0.054830
0.639463
0.037845
0.012052
0.063307
0.038164
0.234401
0.011040
0.097365
0.005008
0.072902
0.964729
0.095831
0.065872
0.296206
0.034832
0.015637
0.237536
0.652496
0.022059
0.009380
0.018200
0.013303
0.075121
0.026136
0.059086
0.094813
0.002413
0.027151
0.272888
0.005121
0.368757
0.387371
0.013122
0.024322
1.055084
0.012898
0.010155
0.491953
0.043601
0.353048
0.145115
0.033644
0.065751
0.022586
0.081865
0.278520
0.132163
0.036882
1.122039
0.002392
0.188077
0.036816
0.014499
0.368706
0.035378
0.022915
0.023222
0.009027
0.051897
0.047874
0.002006
0.652288
0.116783
0.265246
0.001352
0.001173
0.116768
0.014908
0.005915
0.083015
0.038649
0.004173
0.030527
0.606402
0.408018
0.647090
0.062798
0.080970
0.131952
0.006705
0.280434
0.004269
0.849191
0.007584
0.009654
0.032704
0.007553
0.083958
0.009440
0.012892
0.131023
0.273550
0.074665
0.014573
0.186133
0.001182
0.989464
0.002378
0.084892
0.131731
0.004527
0.055922
0.130309
0.030009
0.011283
0.697651
0.026407
0.369992
0.015755
0.058382
0.009905
0.047954
0.065113
0.799355
0.132591
0.033493
0.097893
0.018773
0.156542
0.329401
0.007184
0.059845
0.084682
0.084748
0.002612
0.175011
0.773958
0.003535
0.098812
0.064890
0.083235
0.098725
0.641024
0.046551
0.311161
0.013416
0.009480
1.495938
0.098275
0.019732
0.564725
0.067448
0.171874
0.033680
0.219859
0.041800
0.100202
1.406701
0.420126
1.230676
0.005065
0.081302
0.034387
0.024201
0.033261
0.355467
0.119550
0.012759
0.019954
0.006335
0.054205
0.009270
0.045339
0.397792
0.339513
0.066505
0.021311
0.195235
0.107789
0.089126
0.079760
0.042682
0.217457
0.086763
0.030348
0.031329
0.052195
0.124504
0.693746
0.013845
0.024869
0.001114
0.158804
0.078301
0.004621
0.422005
1.071323
0.327469
0.038719
0.259370
0.110998
0.062662
0.031243
0.132378
0.012847
0.006327
0.596542
0.331211
0.130653
0.021294
0.668324
0.119915
0.005609
0.096292
0.005302
0.057093
0.184069
0.242178
0.019202
0.081245
0.016637
0.283414
0.013615
0.391868
0.008658
0.106468
0.033828
0.093610
0.064933
0.402709
0.028393
0.356612
0.092202
0.007474
0.093803
0.033271
0.094822
0.032072
0.064413
0.024625
0.032588
1.001575
0.051304
0.219060
0.016633
0.008136
0.264666
0.005755
0.108081
0.075926
0.495712
0.210404
0.079526
0.084726
0.011051
0.037424
0.010461
0.202330
0.089992
0.185835
0.016717
0.454663
1.463212
0.992120
0.047742
0.146614
0.055055
0.005505
0.231133
0.039491
0.942710
0.007923
0.004989
0.006583
0.637581
0.166790
0.001776
0.322822
0.090331
0.089884
0.051413
0.003447
0.048614
0.022126
0.033536
0.033322
0.117132
0.309581
0.140969
0.363206
0.004900
0.106409
0.138987
0.158877
0.276281
0.837239
0.398393
0.035305
0.625715
0.066295
0.055910
0.066353
0.005644
0.010782
0.874935
0.276516
0.056539
0.017866
0.047192
0.008048
0.081057
0.057298
0.049425
0.564124
0.200436
0.025505
0.057312
0.081479
0.693952
0.010283
0.075807
0.511116
0.005500
0.512452
0.050919
0.013826
0.069620
0.000826
0.636540
0.044095
0.008793
0.978127
0.298144
0.090188
0.029358
0.001190
0.068545
0.155893
0.081366
0.137715
0.061223
0.045087
0.082695
0.200078
0.046579
0.046062
0.019263
0.007171
0.367738
0.004815
0.069132
0.005957
1.143430
0.066293
0.012403
0.044359
1.027315
0.016247
0.011293
0.069122
0.004497
0.008528
0.008718
0.015616
0.062887
0.070363
0.260238
0.024319
0.083288
0.119064
0.014892
0.008713
0.300338
0.046998
0.003558
0.071058
0.097288
0.008857
0.023415
0.064539
0.002067
0.182795
0.097930
1.052189
0.160104
0.120885
0.093585
0.012170
0.054893
0.001999
0.016194
0.106377
0.034681
0.047110
0.009988
0.252231
0.202051
0.008389
0.022911
0.016698
0.084088
0.485988
0.067295
0.001425
0.001082
0.004912
0.046514
0.024270
0.057100
0.004753
0.127310
0.085048
0.469599
0.018791
0.008978
0.305902
0.159275
0.075409
0.087265
0.042020
0.002167
0.127570
0.170754
1.006315
0.068672
0.283666
0.007309
0.033560
0.017100
0.109210
0.028280
0.050964
0.036224
0.090080
0.078397
0.890575
0.004851
0.242725
0.031916
0.256884
0.089449
0.881339
0.050244
0.010780
0.037648
0.012328
0.081843
0.009840
0.155583
0.010237
0.084257
0.033519
0.001664
0.047339
0.287475
0.011008
0.002133
0.110001
0.005747
0.010942
0.052582
0.018131
0.038901
0.077070
0.439262
0.082648
0.296127
0.016405
0.065302
0.005854
0.569678
0.204395
0.008771
0.095866
0.010541
0.029740
0.015712
0.010641
0.023651
0.132661
0.088460
0.310915
0.007233
1.151816
0.075400
0.083725
0.254920
0.569269
0.256470
0.361687
0.003538
0.226770
0.018648
0.075790
0.290389
0.157701
0.084372
0.025125
0.025637
0.271853
0.033958
0.009553
0.244178
0.458791
0.053286
0.310536
0.192492
0.001162
0.015040
0.020343
0.019330
0.263780
1.411602
0.299669
0.217215
0.267346
0.031871
0.005308
0.051733
0.055101
1.003499
0.007502
0.004986
0.158760
0.024230
0.000795
0.003037
0.329274
0.005391
0.077905
0.027996
0.010977
0.029786
0.293638
0.105753
0.121172
0.034872
0.075247
0.293706
0.020068
1.201156
0.153326
0.004396
0.023607
0.051414
0.006366
0.325000
0.005937
0.320971
0.044054
0.006025
0.035674
0.009084
0.027702
0.086679
0.036944
0.354128
0.001500
0.042847
0.066509
0.312146
0.789996
0.324983
0.086318
0.007094
0.048338
0.102701
0.132216
0.005096
0.231418
0.630698
0.313878
0.482945
0.740405
0.010943
0.214664
0.030088
0.159118
0.035982
0.259833
0.152015
0.111219
0.182931
0.353312
0.005015
0.290538
0.006866
0.047643
0.025449
0.004419
0.060714
0.010003
0.034410
0.082741
0.327531
0.400623
0.033991
0.071335
0.043953
0.004650
0.033039
0.003554
0.018985
0.008017
0.084900
0.034163
0.329848
0.008160
0.647955
0.009839
0.069383
0.001051
0.010025
0.122921
0.004016
0.016368
0.016585
0.114170
0.001168
0.109298
0.089592
0.020956
0.005158
0.076526
0.055052
0.018773
0.072475
0.046280
0.157740
0.311499
0.011518
0.048418
1.163601
0.025539
0.041394
1.205284
0.009349
0.310270
0.052896
0.330355
0.005121
0.135800
0.036745
0.035281
0.081377
0.030029
0.009009
0.317714
0.017060
0.028404
0.149477
0.025364
0.012522
0.035123
0.210121
0.062520
0.876852
0.062828
0.067467
0.029417
0.378550
0.114708
0.300983
0.274606
0.106526
0.070397
0.096843
0.492391
0.295075
0.084847
0.099166
0.064327
0.030412
0.010664
1.056336
0.008619
0.072264
0.242178
0.025598
0.146705
0.059691
0.010685
0.014712
0.026947
0.151025
0.182740
2.414974
0.024988
0.036008
0.007255
0.133211
0.234980
0.435744
0.170426
0.126694
0.268153
0.151055
0.007097
1.161553
0.902495
0.061585
0.006442
1.302027
0.050449
0.039635
1.061053
0.073300
0.245338
0.031026
0.024341
0.056753
0.091423
0.067549
0.015755
0.062105
0.019687
0.114155
0.014929
0.114043
0.048981
0.277436
0.010241
0.120032
0.182532
0.065808
0.138867
0.296632
0.263055
0.037246
0.490376
1.378573
0.266497
0.007727
0.022881
0.109824
0.652789
0.025239
0.010250
0.004869
0.003677
0.081526
0.066107
0.129395
0.655853
0.269283
0.088882
0.241932
0.055348
0.005549
0.007555
0.079873
0.005041
0.084678
0.006968
0.058799
0.038903
0.672322
0.036259
0.871848
0.094413
0.090176
0.212300
0.033686
0.068543
0.080055
0.021379
0.007917
0.067101
0.034622
0.001003
0.001206
1.215721
0.063587
0.043326
0.003988
1.212118
0.006419
0.053086
0.617442
0.643115
0.122168
0.012369
0.268173
0.263479
0.101340
0.029767
0.357781
0.176493
0.645339
0.010090
0.067906
1.257541
0.118340
0.060587
0.027425
0.027943
0.014655
0.010951
0.082593
0.013757
0.010084
0.116533
0.042331
0.003402
0.015119
0.028404
0.072319
0.010752
0.083208
0.033820
0.038293
0.120444
0.066651
0.093652
0.035914
0.282138
0.051509
0.193190
0.098259
0.029410
0.024901
0.003416
0.015608
0.419629
0.041325
0.061260
0.016349
1.273254
1.029681
0.013849
0.323788
1.523144
0.107632
0.061525
0.255758
0.024981
0.008166
1.693090
0.325398
0.031294
0.049513
0.001068
0.013579
0.235138
0.056472
0.087543
0.013385
0.771052
0.276315
0.024520
0.303758
0.037205
0.085602
0.071231
0.668777
0.031282
0.089871
0.013894
0.597388
0.043513
0.085607
0.153136
0.018985
0.014009
0.032516
0.013818
0.002730
0.774901
0.008724
0.134231
0.009263
0.023400
0.021543
0.060926
0.030884
0.012635
0.072056
0.011176
0.028245
0.978462
0.036152
0.014951
0.010537
0.922274
0.022419
1.491670
0.123877
0.229795
0.027725
0.123140
0.200610
0.005936
0.132539
0.161254
0.012007
0.094522
0.004902
0.029821
0.002025
0.142608
0.053348
0.009265
0.613824
0.993351
0.047807
0.672588
0.017979
0.008659
0.024361
0.004371
0.036224
0.028367
0.120009
0.009560
0.125790
0.070711
0.228405
0.029127
0.135454
0.655761
0.087349
0.216886
0.063150
0.067864
0.407624
0.022835
0.041231
0.037071
0.077419
0.005216
0.005033
0.068892
0.004509
0.062188
0.071487
0.007016
0.001168
0.008772
0.018724
0.156846
0.071997
0.021112
0.033228
0.123407
0.047799
0.001056
0.022224
0.017096
0.109810
0.312431
0.005782
0.044863
0.002310
0.015243
0.010613
0.080031
0.015866
0.058622
0.012340
0.007407
0.154703
0.002901
0.181460
0.049516
0.014136
0.011721
0.458651
0.142719
0.068097
0.628721
0.052268
1.133751
0.021974
0.110182
0.570718
0.600985
0.057100
0.007640
0.023918
0.133348
0.015074
0.026562
0.496920
0.129590
0.002402
0.031157
0.050110
0.991585
0.008414
0.034623
0.301978
0.018632
0.114311
0.205820
0.026540
0.007804
0.361945
0.049909
0.000920
0.004117
0.163428
0.169068
0.140954
0.001106
0.312972
0.012533
0.000820
0.005263
0.051094
0.007951
0.059076
0.175825
0.002138
0.034982
0.013649
0.115919
0.285922
0.124611
0.213950
0.004454
0.009379
0.014605
0.018275
0.033705
0.328190
0.072252
0.297069
0.063521
0.144740
0.018411
0.037558
0.048394
0.092434
0.151848
0.163444
0.018589
0.004983
0.011255
0.130670
0.054214
0.172929
0.036717
0.010662
0.321177
0.038153
0.003560
0.024128
0.084078
0.075543
0.016359
0.160297
0.085099
0.017427
1.376260
0.122894
0.015142
0.001682
0.008755
0.009661
0.013841
0.027457
0.101970
0.086353
0.124860
0.199956
0.014748
0.005233
0.143868
0.109921
0.014766
0.007695
0.003560
0.128161
0.001129
0.384875
0.354296
0.008815
0.035251
0.290468
0.322277
0.660862
0.009745
0.009823
0.558196
0.002107
0.062105
0.032052
0.295083
2.578852
0.865696
0.366611
1.270574
0.032738
0.106843
0.082984
0.044719
0.020336
0.023973
0.102704
1.107998
0.134920
0.041849
0.111094
0.278732
0.060076
0.901109
0.014760
0.053960
0.012435
0.058553
0.301277
0.054384
0.056380
0.014640
0.027569
0.186810
0.016038
0.342119
0.165411
0.106151
0.067414
0.014181
0.037841
0.008334
0.067733
1.138366
0.033916
0.159175
0.369307
0.011973
0.042207
0.034993
0.029993
0.107957
0.022122
0.025399
0.328406
0.324151
0.784043
0.045453
0.785962
0.296689
0.455910
1.114714
0.033346
0.430569
0.013010
0.270947
0.001498
0.167726
0.362576
0.209699
0.067256
0.127936
0.191680
0.043713
0.004742
0.328508
0.172879
0.262943
0.327123
0.088500
0.380045
0.166279
0.002813
0.026141
0.019329
0.002835
0.010371
0.014572
0.163574
0.002353
0.355851
0.311189
0.200245
0.056380
0.044600
0.064294
1.517891
0.554731
0.108616
0.028947
0.017001
0.074800
0.008073
0.008045
0.005921
0.048838
0.588447
0.021968
0.084182
0.284671
0.004957
0.155760
0.008807
0.103905
0.017038
0.427589
0.025197
0.093058
0.133871
0.041824
0.008563
0.255356
0.036820
0.030916
0.344207
0.131207
0.104380
0.180443
0.001193
0.428306
0.345028
0.048694
0.063406
0.002073
0.099723
0.016815
0.000839
0.035033
0.108764
0.009190
0.049614
0.130625
0.049616
0.130848
0.068856
0.025650
0.092564
0.005186
0.127730
0.000803
0.003099
0.224088
0.109229
0.234787
0.105099
0.003799
0.018147
0.237367
0.011786
0.000828
0.062886
0.077893
0.411525
0.006344
0.085376
0.106842
0.033495
0.046332
0.015685
0.085244
0.006229
0.064826
0.016934
0.005101
0.008182
0.024551
0.204468
0.005374
0.058522
0.227956
0.499583
0.045511
0.297906
0.005840
0.232631
0.008402
0.159003
0.992417
0.088591
1.184672
0.009268
0.030148
0.035157
0.011605
0.016644
0.114624
0.487813
0.009825
0.642348
0.136396
0.055546
0.414985
0.322102
0.059349
0.002892
1.306739
0.432451
0.003810
0.999309
0.023124
0.169233
0.025179
0.273552
0.025058
0.001426
0.218831
0.996797
0.125608
0.060097
0.345147
0.261272
0.076761
0.058472
0.023216
0.037488
1.212868
0.003410
0.085952
0.375946
0.010762
0.433546
0.100529
0.081404
0.014668
0.024455
0.001565
0.260725
0.011941
0.064187
0.298804
0.218266
0.048761
0.006343
0.011216
0.039594
0.060474
0.016947
0.017126
0.309766
0.007050
0.023062
0.189537
0.036005
0.061798
0.209877
0.156286
0.023150
0.004028
0.038817
0.037760
0.071503
0.005307
0.032105
0.493946
0.101380
0.006653
0.034971
0.033090
0.009683
0.084335
0.017075
0.002418
0.016680
0.002805
0.211209
0.010825
0.010524
0.543578
0.024069
0.008502
0.037750
0.111509
0.691803
0.166825
0.017445
0.351968
0.684005
0.090037
0.041179
0.158537
0.176202
0.949658
0.005530
0.005754
0.033517
0.007166
0.300779
0.029689
0.021413
0.011247
0.005570
0.034345
0.009525
1.131368
0.007851
0.238409
0.584594
1.022501
0.127533
0.046682
0.019658
0.029110
0.314083
0.244648
0.034238
0.526981
0.006126
0.004942
0.023163
0.417604
0.014215
0.003200
0.645474
0.109698
0.005784
0.004227
0.241161
1.015666
0.103140
0.258827
0.684431
0.337097
0.301247
0.228624
0.892504
0.193542
0.004017
0.328531
0.041297
0.003500
0.002870
0.058859
0.013946
0.091639
0.305436
0.419713
0.005066
0.175024
1.060067
0.620846
0.369082
0.007432
0.030066
0.039009
0.081715
0.144425
0.025185
0.125109
0.231342
0.021178
0.193675
0.353284
0.017073
0.023920
0.017207
0.002710
0.007772
0.148898
0.137841
0.264536
0.056713
0.306405
0.029521
0.007046
0.033826
0.121487
0.146248
0.209954
0.007986
0.104545
0.241824
0.048138
0.007647
0.097170
0.260975
0.114835
0.054627
0.019688
0.016685
0.069318
0.026303
0.189231
0.033142
0.001512
0.224329
0.060457
0.045165
0.629636
0.002625
0.929562
0.069064
1.001092
0.073595
0.112806
0.045345
0.096295
0.027177
0.638185
0.001570
0.073022
0.010600
0.013558
0.032853
0.051317
0.016858
0.034282
0.270343
0.236874
0.294717
0.369716
0.001698
0.083682
0.029530
0.093800
0.062844
0.013128
0.890764
0.022957
0.266037
0.143940
0.622751
0.131607
0.005386
0.620379
0.151546
0.012962
0.723905
0.010930
0.092227
0.230817
0.051013
0.033637
0.001138
0.598357
0.482604
0.302987
0.099243
1.115208
0.005601
0.007082
0.025442
0.277975
0.066865
0.015203
0.290818
0.137588
0.022966
0.002021
2.374173
0.038490
0.017519
0.058356
0.013398
0.201207
0.617978
0.155411
0.034734
0.068214
0.370032
0.278082
0.181274
0.037757
1.300307
0.016194
0.082097
0.001757
0.016566
0.003841
0.048213
0.353837
0.033248
0.523935
0.072207
1.231497
0.035069
0.010815
0.069941
0.017386
0.001230
0.001084
0.221911
0.184478
0.068987
0.025204
0.008541
0.029025
0.004243
0.259214
0.030241
0.009149
0.017855
0.623571
0.005143
0.082167
1.128058
0.005424
0.086649
0.648642
0.033427
0.020889
0.003567
0.127634
0.357965
0.063820
0.072377
0.029732
0.035118
0.121420
0.087301
0.258417
0.321743
0.784725
0.308050
0.153955
0.986443
0.084014
0.022498
0.302598
0.363740
0.041236
0.233237
0.059135
0.131857
2.354339
0.001678
0.201709
0.008893
0.006964
0.028924
0.011948
0.006288
0.018867
0.080067
0.062366
0.107779
0.006675
0.097102
0.121328
0.282459
0.131457
0.094990
0.029636
0.351776
0.124113
1.025313
0.014717
0.156759
0.034455
0.041985
0.159832
0.584477
0.023680
0.026107
0.016021
0.042130
0.167444
0.000980
0.097130
0.001032
0.032682
0.070151
0.064117
0.373264
0.277521
0.099739
0.000930
0.969946
0.109777
0.055752
0.015497
0.010012
0.004758
0.062940
0.232039
0.003536
0.010070
0.004532
0.025876
0.006225
0.213223
0.623667
0.030459
0.027805
0.230769
0.025255
0.028203
0.008395
0.023134
0.170113
0.008021
0.124188
0.023311
0.109064
0.654669
0.034909
0.091680
0.001099
0.087200
0.022290
0.034341
0.079899
0.010926
0.141649
0.026783
0.005242
0.045840
0.034209
0.008374
0.013182
0.004114
0.027285
0.014688
0.062850
0.003985
0.384082
0.667680
0.015810
0.381294
0.141643
0.031636
0.037629
0.017755
0.007495
0.670162
0.009280
0.413225
0.061910
0.033915
1.257025
0.326581
0.001143
0.081511
0.342722
1.498689
0.001790
0.091450
0.002184
0.121076
0.174323
0.011072
0.262640
0.096919
0.014467
0.147508
0.087452
0.008181
0.102779
0.395008
0.022860
0.028888
0.005178
0.014191
0.003517
0.078965
0.096149
0.011268
0.005423
0.114946
0.030332
0.011308
0.982699
0.013899
0.011844
0.016575
0.645214
0.009091
0.157115
0.022931
0.047860
0.325259
0.015761
0.006816
0.052994
0.098755
0.007088
0.031012
0.048326
0.232490
0.008216
0.232270
0.396031
0.674294
0.004458
1.677735
0.011515
0.220929
0.030318
0.083324
0.126531
0.035637
0.072333
0.015026
0.033017
0.062583
0.003965
0.059358
0.006098
0.016099
0.132631
0.024549
0.049878
0.026412
0.082740
0.069137
0.001910
0.128390
0.003747
0.068459
0.063938
0.018372
0.240079
0.001959
0.014030
0.107064
0.066839
0.007856
0.180910
0.001104
0.033900
0.030300
0.006238
0.634528
0.259088
0.059215
1.521509
0.044162
0.194756
0.137617
0.256912
0.630232
0.997001
0.143307
0.078822
0.030104
0.328545
0.002802
0.081527
0.453974
0.415843
0.066381
0.147537
0.035383
0.515035
0.027493
0.009377
0.214420
0.231812
0.001908
0.038322
0.061860
0.015131
0.379250
0.020826
1.212831
0.158450
0.253425
0.386260
0.989550
0.005928
0.152784
0.012124
0.030666
0.635415
0.002374
0.013312
0.086278
0.100432
0.011824
0.002353
0.001012
0.002635
0.320762
0.020252
0.240826
0.993732
0.815353
0.246843
0.420152
0.037476
0.009477
0.067877
0.020325
0.330677
0.008334
0.030319
0.542636
0.120098
0.284617
0.006518
0.018417
0.000970
0.012973
0.663638
0.109930
1.509069
0.007099
0.044163
0.029038
0.033310
0.071838
0.069167
0.033263
0.036246
0.005992
0.031546
0.008555
0.620539
0.085278
0.006125
0.178987
0.022560
0.258451
0.086570
0.038975
0.605808
0.009477
0.005138
0.033565
0.033565
1.229402
0.008768
0.001345
0.036926
0.074384
0.691907
0.004749
0.131827
0.000825
0.122104
0.059772
0.103738
0.061807
0.001103
0.224019
0.057819
0.020460
0.032798
0.277428
0.009855
0.069665
0.047912
0.261498
0.012225
0.002133
0.051489
0.683330
0.031687
0.013775
0.244163
0.240177
0.092795
0.055109
0.071695
0.720100
0.637409
0.036577
0.111928
0.069287
0.010044
0.025434
0.338276
0.012325
0.060417
0.216277
0.218125
0.014591
0.584005
0.008905
0.010423
0.004621
0.227029
0.010320
0.084577
0.104425
0.005575
0.007205
0.016285
0.133652
0.002214
0.067469
0.855851
0.107837
0.084854
0.054733
0.047973
0.954043
0.129511
0.049842
0.076887
0.055003
0.028250
0.007239
0.004627
0.322556
0.832287
0.034850
0.016676
0.027916
1.540052
0.034961
0.091140
0.496105
0.015677
0.083771
0.104731
0.019093
0.141482
0.169596
0.047885
0.029220
0.000932
0.037335
0.297273
0.032931
0.060060
0.009439
0.009242
0.161343
0.579724
0.027087
0.016201
0.168218
0.010874
0.003275
0.068902
0.340790
0.117661
0.698653
0.015560
0.032892
0.064897
0.027183
1.228744
0.046429
0.033597
0.029890
0.351720
0.012608
0.001038
0.029955
0.393810
0.386056
0.151206
1.009020
0.325014
0.024622
0.194265
0.010119
0.666273
0.015261
0.517237
0.010621
0.061462
0.015740
0.006769
0.079895
0.223545
0.015414
0.009012
0.353232
0.343732
0.034816
0.297999
1.221965
0.002396
0.230693
0.123470
0.015151
0.011685
0.101569
0.430067
0.229680
0.004497
0.001153
0.142529
0.339910
0.081586
0.037343
0.264257
0.006707
0.142517
0.012670
0.034156
0.035175
0.008045
0.042872
0.035703
0.115165
0.093176
0.133311
0.303472
0.008041
0.053428
0.165397
0.003957
0.161665
0.016633
0.025941
0.034217
1.293767
0.170157
0.001577
0.039932
0.892328
0.174321
0.072336
0.046587
0.011123
0.093933
0.042591
0.221767
0.001209
0.011416
0.008073
0.259605
0.127334
0.035325
0.336783
0.061696
0.008481
0.082745
0.918129
0.032416
0.007385
0.100273
0.006066
0.021364
0.037296
0.097477
0.243635
0.831070
0.006269
0.062290
0.027490
0.012936
0.018988
0.167955
0.102068
0.012635
0.010276
0.292315
0.005663
0.027835
0.438597
0.027484
0.218271
0.467358
0.076273
0.120623
0.343177
0.054364
0.155484
0.010545
0.026860
0.251250
0.003759
1.001868
0.065874
0.009863
0.004578
0.042038
0.489866
0.255828
0.007177
0.028337
0.096962
0.098306
0.001628
0.063795
0.507481
0.320617
0.008413
0.074672
0.036240
0.057420
0.008169
0.022588
0.058827
0.015569
0.381460
0.287294
0.003175
0.419863
0.018641
0.001041
0.029912
0.050131
0.011057
0.022392
0.016932
0.038279
0.094280
0.039086
0.003943
0.070624
0.254489
0.034948
0.024872
0.003854
1.136669
0.001573
0.005887
0.025012
0.039767
0.027353
0.023737
0.006598
0.036321
0.071907
0.120627
0.020971
0.035604
0.251633
0.005071
0.043456
0.016479
0.019649
0.000852
0.112185
0.037264
0.234861
0.616666
0.008536
0.221188
0.040932
0.126256
0.076782
0.045055
0.026297
0.640805
0.089817
0.006184
0.314106
1.333395
0.104444
0.083649
0.223943
0.013634
0.260575
0.274443
0.211355
0.022165
0.003140
0.167518
0.073838
0.046498
0.004673
0.005424
0.797740
0.415632
0.045713
0.214497
0.008166
0.084250
0.032889
0.985918
0.010024
0.015846
0.061577
0.127734
0.016935
0.186405
0.010579
0.024516
0.001491
0.023213
0.002588
0.324218
0.008580
0.036324
0.006061
0.148452
0.094305
0.187627
0.022080
0.023224
0.508595
0.068204
0.017240
0.350028
0.052904
0.470854
0.346129
0.029100
0.001076
0.817971
0.044180
0.004729
0.158815
0.058297
0.005721
0.004627
0.008482
0.036453
0.001229
0.039984
0.109341
0.028293
0.012722
0.513657
0.324402
0.219111
0.024921
0.247718
0.055694
0.015652
0.029412
0.110329
0.216029
0.014057
0.026137
0.000960
0.095371
0.006332
0.308855
0.106547
0.001858
0.110502
0.012259
0.004185
0.014653
0.001097
0.000733
0.107066
0.149372
0.018181
0.027359
0.691146
0.029310
0.112998
0.065534
0.024051
0.008330
0.690315
0.061207
0.270127
0.022940
0.447835
0.075715
0.008566
0.096110
0.026101
0.157917
0.248515
0.267713
0.035637
0.114627
0.042921
0.302470
0.009362
0.099704
0.271319
1.129118
0.092781
0.156837
0.030126
0.443462
0.010541
0.130006
0.010098
0.212951
0.022155
0.027912
0.148811
0.027621
0.132124
0.345664
0.021811
0.007853
0.028840
0.063367
0.082137
0.037593
0.088662
0.006766
0.015434
0.010016
0.005598
0.053384
0.001133
0.068478
0.012543
0.079343
0.004307
1.295248
0.001512
0.320715
0.036716
0.088494
1.275028
0.011991
0.190723
0.220423
0.001218
0.117336
0.361236
0.002205
0.491104
0.026897
0.132155
0.001125
0.103489
0.071553
0.001026
0.615846
0.006261
0.003505
0.426743
0.003547
0.023224
0.006572
0.002702
0.210206
0.042950
0.680502
0.015690
0.995409
0.211890
0.015877
0.048107
0.101554
0.007533
0.180497
0.364069
0.059921
0.113957
0.791445
0.071775
0.005209
0.141266
0.023224
0.133913
0.047456
0.064946
0.106044
0.782405
0.078172
0.002924
0.894868
0.181657
0.049974
0.004668
0.968442
0.050705
0.272904
0.010923
0.063103
0.002815
0.003467
2.768299
0.028808
0.036618
0.621388
0.127165
0.008277
0.092330
0.551852
0.084747
0.011588
0.004802
0.030058
0.006711
0.060024
0.004465
0.014107
0.095387
0.003202
0.612931
0.086097
0.071863
0.175640
0.141400
0.030981
0.256980
0.013480
0.140517
0.011934
0.018990
0.030158
0.255838
0.038853
0.005153
0.219227
0.003706
0.348750
0.004554
0.009560
0.031062
0.001507
0.079725
0.067481
0.048184
0.067577
0.008706
0.459273
0.005345
0.000953
0.077833
0.060377
0.129935
0.276088
0.104311
0.010561
0.453270
0.298297
0.304044
0.235343
0.027090
0.000940
0.064764
0.126420
0.060248
0.016927
0.004772
0.014879
0.061095
0.088129
0.388717
0.035630
0.272596
0.029030
0.007095
0.006682
0.066470
0.011931
0.276033
0.081709
0.080065
0.004769
0.049761
0.035452
0.032951
0.431218
0.159546
0.220135
0.008595
0.276784
0.180103
0.223818
0.015337
0.224069
0.011394
0.029735
0.301430
0.998803
0.012728
0.006288
0.010481
0.006681
0.007040
0.002728
0.090839
0.062820
0.048948
0.062252
0.241303
0.081278
0.360791
0.019421
0.006619
0.001156
0.018449
0.004375
0.216161
0.029069
0.070884
0.040156
0.009881
0.001110
0.027159
0.140392
0.362138
0.093105
0.511705
0.003342
0.008511
0.004697
0.044513
0.034449
0.243412
0.258313
0.087632
0.226835
0.648020
0.021487
0.014546
0.033450
0.109541
0.084452
0.067407
0.084256
0.103252
0.010905
1.095781
0.112667
0.034635
0.011984
1.551005
0.029060
0.004764
0.135229
0.087102
0.035455
0.963931
0.002102
0.175409
0.114880
0.260475
0.034860
0.109145
0.219095
0.023181
0.010562
0.296736
0.091096
0.033160
0.050179
0.079237
0.344650
0.645560
0.055400
0.189203
0.015574
0.012990
0.036860
0.799863
0.578631
0.122380
0.055749
0.035691
0.246879
0.190972
0.297979
0.020529
0.006788
0.593080
0.626264
0.078108
0.126353
0.327052
0.040030
0.084528
0.036310
0.005872
0.210676
0.043921
0.071629
0.964364
0.005337
0.169225
0.085242
0.021933
0.001364
0.031295
0.052196
0.334814
0.030083
0.035770
0.069540
0.519226
0.015328
0.013442
1.058995
0.050431
0.008758
1.378596
0.037583
0.008250
0.033170
0.002195
0.008775
0.053036
0.003843
0.069822
0.159882
0.079079
0.106771
0.442732
0.105705
0.023160
0.042805
0.057730
0.030574
0.047422
0.006387
0.046828
0.049169
0.249181
0.179928
0.625606
0.144896
0.026061
0.011454
0.007101
0.007923
0.012871
0.059538
0.057868
0.410066
0.608636
0.015138
0.231620
0.337947
0.001160
0.004241
0.492255
0.010209
0.003757
0.091750
0.918340
0.043653
0.201492
0.239111
0.272088
0.007109
0.022387
0.032023
0.084579
0.965872
0.623930
0.015953
1.008841
0.054357
0.280591
0.721408
0.007606
0.342827
0.006870
0.085747
0.344230
0.034348
0.299252
0.306405
0.090561
0.037595
0.301741
0.639603
0.009487
0.001541
0.137409
0.160390
0.007778
0.151421
0.030112
1.725270
1.056890
0.226168
0.062816
0.111350
0.067472
0.061240
0.029570
0.361598
0.641438
0.840211
0.194303
0.243872
0.073098
0.008218
0.016281
0.109421
0.049574
0.015144
0.012657
0.014943
0.122125
0.112981
0.472304
0.025912
0.012645
0.242799
0.059302
0.068612
0.117479
0.690768
0.212739
0.065553
0.005567
0.680019
0.039498
0.406184
0.082586
1.521879
0.020597
0.023560
0.021274
0.024270
0.020049
0.945865
0.030261
0.106212
0.003632
0.103148
0.066600
0.305259
0.004928
0.095179
0.012016
0.043458
0.008642
0.010058
0.031249
0.012501
0.266848
0.019517
0.037305
0.005426
0.243476
0.285714
0.009154
0.422220
0.203430
0.266706
0.084615
0.030128
2.368258
0.034028
0.012938
0.105161
0.007907
0.027522
0.007701
0.254582
0.571410
0.022428
0.059943
0.064423
0.318347
0.029411
0.921983
0.480022
0.003554
0.110211
0.452388
0.234004
0.094306
0.025793
0.012047
0.032478
0.068189
0.100323
0.030273
0.109199
0.008721
0.029415
0.094110
0.050857
0.004696
0.001396
0.084089
0.641195
0.028431
0.056946
0.006691
0.035326
0.094865
0.147187
0.256491
0.007714
0.200441
0.010500
0.013199
0.069774
0.080314
0.107114
0.016520
0.043386
0.089942
0.048441
0.141545
0.295681
0.029473
0.237810
0.026675
1.152505
0.253168
0.009975
0.473280
0.511179
0.460942
0.013692
0.015315
0.016107
0.156754
0.375643
0.061360
0.339211
0.014398
0.035808
0.011729
0.122723
0.603598
0.032039
0.045784
0.029370
0.008883
0.233851
0.970606
0.127136
0.000975
0.313873
0.044699
0.009956
0.015351
0.673986
0.049398
0.792179
0.047514
0.013084
0.147450
0.007969
0.030789
0.062483
0.816100
0.624700
0.225502
0.002419
0.070670
0.106999
0.200260
0.035815
0.083770
0.082480
0.034261
0.418580
0.827587
0.032383
0.005153
0.052865
0.052703
0.124967
0.001330
0.095046
0.053562
0.135772
0.029550
0.922430
0.989504
0.010523
0.013664
0.326735
0.080953
0.000888
0.168193
0.000729
0.464095
0.031924
0.001818
0.654838
0.182278
0.121194
0.441569
0.207523
0.050375
0.002343
0.030028
0.031468
0.029746
0.131982
2.349619
1.000323
0.132922
0.016930
0.005204
0.665932
0.206142
0.009456
0.001308
0.037766
0.000827
0.930058
0.048846
0.008789
0.103836
0.005476
0.410311
1.088874
0.004062
0.030594
0.978889
0.150247
0.035560
0.025096
0.068655
0.047928
0.109233
0.097200
0.024659
0.622778
0.112535
0.063621
0.034839
0.039154
0.696274
0.387788
0.034248
0.238932
0.058434
0.126574
0.035647
0.250713
0.040898
1.129336
0.007906
0.070084
0.002413
0.265239
0.065323
0.028125
0.124628
1.159156
0.157495
0.021164
0.008264
0.026680
0.073610
0.075382
0.000932
0.267123
0.251604
0.004178
0.040954
0.035698
0.301460
0.120018
0.001285
0.145674
1.273399
0.794853
0.329805
0.071060
0.304279
0.012981
0.001202
0.062206
0.010683
0.008159
0.362730
0.028255
0.276801
0.001911
0.030055
0.021700
0.016795
1.188552
0.152021
0.330323
0.303168
0.953530
0.024400
0.001361
0.030231
0.010957
0.029070
0.363035
0.998436
0.012105
0.399933
0.001147
0.070440
0.162153
0.376721
0.019091
0.102783
0.472355
0.926956
0.276246
0.178958
0.010228
0.106201
0.289853
0.069956
0.058659
0.029615
0.126169
0.061298
0.239370
0.072677
0.005337
0.353985
0.048671
0.304765
2.411946
0.186100
0.030170
0.253982
0.015787
0.021622
0.090470
0.044712
0.317175
0.001843
0.214369
0.006587
0.130783
0.020171
0.013553
0.132191
0.121995
0.004260
0.644355
0.646590
0.571022
0.024065
0.007431
0.031669
0.954416
0.120817
0.345739
0.385651
0.665515
0.026413
0.061317
2.429143
0.202964
0.046229
0.059843
0.087636
0.092844
0.571902
0.387258
0.239642
0.024848
0.014948
0.512549
0.469236
0.019726
0.258603
0.010604
0.184335
0.071398
0.018666
0.369787
0.010383
0.083390
0.143477
0.037496
0.109846
0.003047
0.288948
0.271589
0.092121
0.082918
0.005666
0.049205
0.624719
0.494695
0.077706
0.282115
0.084226
0.509356
0.426028
0.031271
2.692935
0.137220
0.072791
0.044553
0.001623
0.017281
0.010264
0.009885
0.035598
0.043160
0.052635
0.059460
0.124202
1.162295
0.059751
0.011637
0.022460
0.009090
0.001112
1.575406
0.131114
0.015619
0.043279
0.017731
0.852489
0.274625
0.821995
0.138046
0.006673
0.169570
0.052759
0.048345
0.082519
1.201223
0.038908
0.621535
0.020322
0.171999
0.008257
0.656568
0.933453
0.043077
0.155457
0.262176
0.015069
0.211536
0.030387
0.125980
0.048299
0.004114
0.084842
0.014072
0.025612
0.034134
0.009864
0.021700
1.126073
0.099429
0.071322
0.011940
0.018841
0.005120
0.061780
0.026681
0.003180
0.105080
0.121371
0.391821
0.041204
0.022125
0.388838
0.118548
0.004631
0.014480
0.013276
0.016045
0.008506
0.260674
0.005038
0.051597
0.007970
0.009014
0.331925
0.063689
0.022897
0.172563
0.218079
0.027473
0.012081
0.082321
0.055453
0.139393
0.035538
0.075394
0.022631
0.030226
0.022237
0.029270
0.001154
0.262861
0.014984
0.096183
0.100563
0.004236
0.021971
0.113675
0.300297
0.026181
0.031100
0.035194
0.034859
0.115827
0.113320
0.073026
0.080459
0.080658
0.024678
0.085490
0.035724
1.168175
0.453891
0.024296
0.060683
0.221624
0.058063
0.555786
0.101570
0.151736
0.361455
0.968086
0.043917
0.259078
0.028034
0.092706
0.018599
0.067803
0.458233
0.042402
0.001148
0.023940
0.011044
0.392147
0.009676
0.046827
0.005693
0.004328
0.002505
0.262332
0.007465
0.005456
0.236747
0.295290
0.028276
0.071142
0.030429
0.001802
0.029874
0.280518
0.088456
0.078977
0.072195
0.030481
0.643205
0.103748
0.453035
0.001866
0.070636
0.157754
1.286368
0.004379
0.017182
0.006817
0.026200
0.619938
0.017263
0.048149
0.046795
0.024178
0.047133
0.447382
1.306734
0.164769
0.014309
0.044863
0.682478
0.703784
0.018350
0.019736
0.036377
0.208519
0.007338
0.002518
0.050748
0.085533
0.007716
0.008365
0.640019
0.093693
0.097093
0.303977
0.029692
0.051849
0.107593
0.114221
0.002052
0.258984
0.016521
0.256216
0.007135
0.029005
0.034414
0.011834
0.789960
0.218533
0.002626
0.245793
0.006944
1.155871
0.042548
0.261609
0.128345
0.035218
0.039057
0.057442
0.298189
0.012193
0.046967
0.216662
0.067241
0.023912
0.016220
0.029348
0.684809
0.005130
0.123778
0.482899
0.098468
0.003595
0.102257
0.006397
0.001067
0.035634
0.023889
0.680411
0.049020
0.438672
0.071815
0.085655
0.006727
0.006126
0.039429
0.016913
0.262652
0.008751
0.055282
0.000962
0.015335
0.029956
0.010582
0.034781
0.003875
0.086566
0.016648
0.006884
0.100557
0.289525
0.194179
0.028649
0.071658
0.206722
0.005564
0.009095
0.026886
0.020788
0.010410
0.006405
1.171308
0.219087
0.065062
1.246356
0.091789
0.229076
0.133621
0.540616
0.006811
0.194082
0.131202
0.115009
0.088007
0.006189
0.033622
0.003933
0.020469
0.155116
0.084165
0.159376
0.031605
0.018814
0.013388
0.403234
0.023890
0.041884
0.127002
0.124006
0.067088
0.091597
0.507192
0.258995
0.345644
0.642160
0.291101
0.085327
0.064647
0.007337
0.368826
0.008486
0.210730
0.022244
0.004257
0.066454
0.003165
0.015364
0.000929
0.059434
0.036402
0.508057
0.151090
0.336155
0.532574
0.224713
0.104702
0.137938
0.119498
0.559178
0.011379
0.012173
0.001646
0.029856
0.013097
0.015138
0.151365
0.024201
0.047620
0.356490
0.084484
0.051537
0.038950
0.028839
0.034600
0.008921
0.030161
0.085295
0.257959
0.086576
0.005071
0.452352
0.067045
0.045675
0.086396
0.051685
0.004416
0.010022
0.008856
0.445030
0.212688
0.008240
0.226604
0.121268
0.222877
0.407511
0.659834
0.252411
0.274633
0.975968
0.026637
0.101858
0.006249
0.005915
0.183469
0.018245
0.010882
0.065343
0.263634
0.080845
0.089238
0.351693
0.071093
0.034534
0.014710
0.006884
0.010202
0.006177
0.215954
0.119054
0.025943
0.045239
0.143740
0.026562
0.001010
0.213200
0.003718
0.067326
0.001725
0.019039
0.087445
0.010973
0.062393
0.050102
1.279440
0.009412
0.043275
0.328511
0.387228
0.032112
0.059148
0.005742
0.324134
0.228113
0.016952
0.045595
0.064259
0.097357
0.373634
0.006342
0.121690
0.108595
0.127784
0.212118
0.245275
0.065146
0.006866
0.835753
0.560163
0.047307
0.022626
0.276972
0.023413
0.085596
0.001490
0.031659
0.033452
0.019484
0.005534
0.104749
0.006089
0.013032
0.307800
0.609387
0.257745
0.635252
0.026240
0.048286
0.030873
0.022075
0.006905
0.276785
0.667373
0.006200
0.243710
0.009490
0.005433
0.082061
0.118537
0.079862
0.025031
0.631708
0.028386
0.102932
0.282259
0.247395
0.298590
0.138639
0.011862
0.633943
0.252282
0.166303
0.267172
0.008147
0.030081
0.169565
0.005447
0.001878
0.126725
0.086571
0.025300
0.006716
0.152809
0.074621
0.024606
0.075175
0.986901
0.996543
0.163108
0.147857
0.625914
0.001977
0.159317
0.018075
0.210961
0.063616
0.129016
0.105846
0.022305
0.014233
0.539987
0.387270
0.326434
0.048657
0.013380
0.011483
0.245142
0.135781
0.015748
0.057832
0.084345
0.009369
0.655955
0.183110
0.006036
0.620238
0.216788
0.033926
0.004671
0.271139
0.096079
0.002294
0.169844
0.090716
0.004017
0.000963
2.381475
0.198802
0.051530
0.022301
0.697827
0.118219
0.138181
0.039360
0.164242
0.054162
0.126444
0.955220
1.302500
0.277981
0.012862
0.064221
0.669444
0.014868
0.010680
0.480414
0.024268
0.016054
0.006091
0.352019
0.034218
0.035170
0.588326
0.024710
0.007568
0.143623
0.136016
0.007706
0.009339
0.070300
0.022248
0.018646
0.010690
0.005102
0.224440
0.002664
0.121728
0.051631
0.374987
0.681505
0.302118
0.035323
0.622553
0.022983
0.214344
0.027656
0.001017
0.039534
0.127476
0.007133
0.064770
0.028918
0.060430
0.516048
0.037601
0.067003
0.240769
0.031598
0.019120
0.071455
0.065386
0.016758
0.031288
0.094620
0.020746
0.104081
0.065496
0.051482
0.003107
0.145656
0.017196
0.033452
0.084431
0.043075
0.001749
0.072020
0.921381
0.078457
0.101019
0.059279
0.619181
0.083825
0.259930
0.789014
0.129864
0.084385
0.004715
0.142984
0.359662
0.283399
0.059192
1.288814
0.084219
0.077548
0.122144
0.103949
0.001156
0.010137
0.439804
0.005463
0.221507
0.265201
0.072330
0.017537
0.049843
1.359132
0.636311
0.621334
0.008308
0.332618
0.034604
0.008778
0.326156
0.127615
0.294630
0.024294
0.008086
0.001078
0.025827
0.011065
0.157640
0.042641
0.636769
0.049461
0.350780
0.106121
0.257918
0.002533
0.059718
0.007294
0.012267
0.112198
0.071290
0.001839
0.086595
0.006864
0.280333
0.007145
0.342761
0.011902
0.001204
0.047954
0.009150
0.011350
0.021844
0.004893
0.054239
0.002013
0.112341
0.210993
0.011102
0.039179
0.007074
0.017344
0.016642
1.193462
0.068324
0.213849
0.104524
0.006238
0.109049
0.062794
0.298801
0.035457
0.011729
0.041034
0.043770
0.064895
0.009860
0.021899
0.047845
0.015511
0.057177
0.441750
0.021714
0.301796
0.008747
0.993828
0.016325
0.010053
0.068679
0.011741
0.037689
0.093715
0.033728
0.031320
0.054903
0.058061
0.037960
0.012144
0.217580
2.363458
0.258375
0.030549
0.023294
0.023777
0.025755
0.007018
1.269523
0.045308
0.410320
0.085424
0.753172
0.260429
0.011085
0.017364
0.023757
0.006060
0.346809
0.059647
0.020118
0.000978
0.063135
0.030292
0.659841
0.328612
0.423125
0.009380
0.366518
0.890436
0.028626
0.068078
0.048851
0.634098
0.014090
0.432693
0.010248
0.011588
0.005196
0.008419
0.033837
0.073083
0.895660
0.297265
0.018605
0.020168
0.051031
0.006379
0.028441
0.076814
0.001413
0.010440
0.461414
0.307688
0.206595
0.001342
0.074427
0.041858
1.422331
0.083741
0.031932
0.030257
0.002561
0.120154
0.073422
0.002911
0.289284
0.040286
0.061090
0.083483
0.095515
0.074608
0.297922
0.124330
0.014555
1.144611
0.264582
0.029855
0.249807
0.104879
0.024828
0.059622
0.006064
0.210888
0.032449
0.034963
0.005301
0.072519
0.001100
0.084291
0.071720
0.095963
0.062852
0.003920
0.002671
0.085647
0.056369
0.047874
0.507073
0.242370
0.013438
0.211235
0.157670
0.204947
0.048538
0.060312
0.327565
0.015185
0.073711
0.047310
0.028552
0.006224
0.041198
0.001153
0.084441
0.026846
0.025540
0.265637
0.016478
0.063946
0.113047
0.825799
0.080859
0.149074
0.235989
0.242862
0.126896
0.003401
0.078918
0.134635
0.077667
1.000983
0.019028
0.009130
0.081559
0.352495
0.008753
0.074445
0.070014
0.469911
0.359998
0.049490
0.071685
0.019643
0.005016
0.087199
0.046204
1.122204
0.028855
0.091794
0.021058
0.080633
0.000985
0.120744
0.002767
0.049985
0.255148
0.278231
0.279555
0.063341
0.024155
0.015201
0.624197
0.041084
0.213111
0.010161
0.024908
0.031418
0.393194
0.010094
0.005157
0.018137
0.001103
0.181182
0.005928
0.002098
0.257850
0.012006
0.023602
0.036538
0.258492
0.371186
0.004664
0.087689
0.265999
0.031851
0.011921
0.010052
0.049064
1.676981
0.800400
0.030187
0.297408
0.040411
0.079741
0.021134
0.059890
0.084232
1.268028
0.275500
0.072306
0.132021
0.084615
0.006939
0.048573
0.205519
0.056723
0.085746
0.009571
0.033270
0.021600
0.175319
0.154498
0.110167
0.029311
0.058354
0.023910
0.592326
0.021513
0.003442
0.022061
0.013319
0.103223
0.411122
0.160698
0.988688
0.081797
0.136985
0.051609
0.029730
0.008660
0.207620
0.063666
0.033625
0.003060
0.048494
0.705180
0.409345
0.158514
0.006952
0.002297
0.030768
0.035704
0.326612
0.044178
0.061643
0.051404
0.023862
0.005936
0.013180
0.128049
0.050604
0.004353
0.059994
0.021715
0.010145
1.519538
0.001984
0.998401
0.643316
0.074029
0.006040
0.035167
0.008614
0.480027
0.513038
0.238428
0.013167
0.510579
0.453872
0.019416
0.323685
0.090490
0.554413
0.057835
0.257336
0.358156
1.001622
0.680608
0.012957
0.041068
0.053354
0.850840
0.182621
0.027425
0.015774
0.404545
0.134518
0.254363
0.272519
0.214175
0.179071
0.171682
0.049583
0.005990
0.048012
0.013144
1.596746
0.103180
0.002045
1.178702
0.062646
0.044540
0.019181
0.012053
0.090096
0.072753
0.049567
0.016064
0.074791
0.004535
0.450296
0.611008
0.095090
0.128781
0.002109
0.626565
0.087994
0.029844
0.057447
0.045492
0.231181
0.023089
0.068052
0.019739
0.048264
0.074456
0.286961
0.121231
0.003657
0.047829
0.004042
0.196658
0.016383
0.003795
0.712900
0.254094
0.007323
0.086624
0.002706
0.261728
0.163022
0.205767
0.034291
0.021280
0.026268
0.021610
0.053988
0.076033
0.928772
0.010958
0.159504
0.074341
0.008934
0.015135
0.084453
0.170625
0.031644
0.000998
0.027277
0.063301
0.011391
0.037343
0.128165
0.269576
0.249741
0.042124
0.072293
0.011643
0.004615
0.436563
0.986008
0.077919
0.028705
0.036165
0.012954
0.061617
0.084829
0.041840
0.011020
0.077599
0.009537
0.025391
0.003598
0.961322
0.025719
0.008828
0.006667
0.512343
0.089528
0.059016
0.411032
0.013924
0.021701
0.003652
0.335692
0.202482
0.034441
0.015200
0.437018
0.245191
0.058136
0.618485
0.100502
0.007344
0.998216
0.255318
0.527577
0.007701
0.084179
0.034036
0.326843
0.082756
0.639467
0.035627
0.046721
0.033675
0.002420
0.085595
0.030076
0.094248
0.003783
0.004368
0.010040
0.067463
0.915638
0.001652
0.078335
0.027264
0.281476
0.002799
0.011821
0.056714
0.017425
0.442581
0.095082
1.245541
0.080784
0.027826
0.005294
0.005304
0.001111
0.229065
0.028719
0.093490
0.089094
0.006988
0.044945
0.057604
0.082381
0.088961
0.028790
0.119211
0.140723
0.026808
0.093560
0.019847
0.035373
0.009091
0.020975
0.029442
0.025844
0.644383
0.144185
0.532836
0.003830
0.076863
0.009644
0.371858
0.004207
0.007646
1.025554
0.066665
0.644466
0.194835
0.066266
0.025691
0.037512
0.036776
0.106823
0.003741
0.110079
0.084515
0.010187
0.068392
0.009962
0.006195
0.062555
0.123642
0.001508
0.082924
0.169607
0.148536
0.361341
1.250165
0.084600
0.487809
0.059870
0.321286
0.069804
0.010133
0.048721
0.005362
0.099200
0.298029
0.911657
0.071366
0.056137
0.032780
0.013188
0.031042
0.001172
0.078822
0.005235
0.026954
0.033918
0.011430
0.806833
0.007945
0.030752
0.019909
0.063163
0.007997
0.008342
0.009211
0.119757
0.010035
0.017247
0.039174
0.014709
0.034767
0.124868
1.194542
0.388848
0.019284
0.159436
0.165418
0.033571
0.714241
0.013899
0.006034
0.053194
0.045299
0.108194
0.085890
0.239814
0.110592
0.001579
0.085027
0.008577
0.036943
0.001545
0.032975
0.069150
0.036375
0.109648
0.016407
0.603827
0.009433
0.413113
0.002183
0.088506
0.324362
0.007893
0.010021
0.099724
0.005047
0.120700
0.210349
0.132271
0.071346
0.018263
0.177873
0.021400
0.024429
0.011744
0.003701
0.066570
0.600595
0.008500
2.404992
0.786075
0.004584
0.001091
0.236301
0.043354
0.002811
2.367656
0.074316
0.034451
0.669286
0.005917
0.254223
0.232308
0.048577
0.160525
0.003472
0.079844
0.082797
0.093708
0.104975
0.014303
0.437539
0.034528
0.026495
0.094353
0.074225
0.122208
0.743447
1.069311
0.008526
0.034380
0.074085
0.063423
0.055181
0.015489
0.363829
0.003272
0.098264
0.023802
0.070927
0.024015
0.000791
0.013037
0.048028
0.052297
0.296886
0.347837
0.063613
0.076909
0.015839
0.010228
0.086054
0.048123
0.011653
0.215487
0.017069
0.299893
0.031243
0.054450
0.699534
0.073045
0.130734
0.053188
0.109597
0.355609
0.086402
0.008807
0.160682
0.397611
0.014320
0.034116
0.018129
0.315865
0.987956
0.010021
0.221609
0.035444
0.766292
0.081681
0.045728
0.045595
0.006146
0.034478
0.017540
0.018372
0.012050
0.007635
0.022261
0.201752
0.001815
0.117814
0.032309
0.126867
0.185098
0.034431
0.030002
0.006202
0.243433
0.335724
0.299695
0.011263
0.162341
0.046631
0.419236
0.496804
0.017786
0.010252
0.048479
0.045722
0.067254
0.045920
0.216563
0.295756
0.028638
0.007353
0.004232
0.628024
0.253603
0.009276
0.034095
0.067333
0.075508
1.528065
0.117348
0.002150
0.456730
0.137860
0.004378
0.011039
0.010627
0.461338
0.013008
0.022607
0.023776
1.218905
0.903755
0.004964
0.225805
0.364732
0.074260
0.031059
0.046794
0.356952
0.038775
2.361335
0.158550
0.129064
0.013630
0.344223
0.363245
0.213127
0.111821
0.979708
1.091995
0.081028
0.025661
0.004408
0.705722
0.268611
0.004617
0.013977
0.361693
0.044775
0.046460
1.020117
0.027544
0.184838
0.083805
0.068591
0.011908
0.058444
0.011955
0.205292
0.051706
0.038896
0.003380
0.046611
0.051610
0.094961
0.008842
0.016513
0.080946
0.069197
0.226869
0.003594
0.038463
0.003303
0.019029
0.028773
0.021705
0.101768
0.114125
0.020884
0.029016
0.001077
0.490215
0.028678
0.003295
0.003892
0.068401
0.052628
0.169236
0.021105
0.008772
0.264039
0.267331
0.009278
0.002068
0.002638
0.027710
0.028510
0.004594
0.364087
0.272518
0.099011
1.124789
0.118098
0.030509
0.004221
0.052998
0.305779
0.299108
0.631034
0.225562
1.212737
0.002090
0.096114
0.012520
0.293261
0.361893
0.010663
0.336393
0.056490
0.443390
0.049056
0.082664
0.077771
0.371445
0.304126
0.019281
0.072043
0.271723
0.006649
0.856876
0.205465
0.016800
0.001117
0.646730
0.014865
0.049996
0.336569
0.009589
0.144581
0.002059
0.104485
0.069069
0.083520
0.153514
0.388017
0.006691
0.136565
0.226534
0.012813
0.272704
0.001352
0.006834
1.107266
0.902061
0.031671
0.007148
0.156338
0.047071
0.151177
0.078955
0.105304
0.001694
0.304888
0.113267
0.967442
0.017892
0.081837
0.006699
0.060881
0.119352
0.013848
1.115496
0.249211
1.274936
0.008632
0.038954
0.016320
0.019922
0.001163
0.008990
0.011313
0.020482
0.027026
0.231927
0.000977
0.007042
0.024380
0.025822
0.005582
0.048403
1.057836
0.012101
0.013890
0.001058
0.011617
0.021972
0.003876
0.098185
0.102869
0.127887
0.014344
0.248977
0.007101
0.048648
0.991723
0.010362
0.485131
0.022804
0.019470
0.018978
0.058894
0.124649
0.024847
0.895699
0.045282
0.124159
0.181474
0.002518
0.233015
0.062801
0.002906
0.038607
0.115530
0.051075
0.001382
0.001213
0.011197
0.088381
0.023522
0.671716
0.070975
0.063794
0.196465
1.501091
0.103160
1.285393
0.493526
0.053510
0.010594
0.054696
0.353977
0.007308
0.042567
0.035768
0.065290
0.036371
0.007605
0.045403
1.164309
0.061830
0.518454
0.002150
0.059729
0.665122
0.131144
0.076848
0.003118
0.129155
0.085066
0.083911
0.049500
0.045249
0.157574
0.030589
0.006211
0.016679
0.083759
0.018920
0.009853
1.349461
0.246402
0.034882
0.071849
0.010558
0.005946
0.401556
0.069104
0.005715
0.304469
0.001503
0.005422
0.009255
0.046684
0.025495
0.034720
0.129480
0.339577
0.063579
0.337542
0.483342
0.220610
0.673065
0.116059
0.299516
0.082796
0.102248
0.009306
0.229723
0.537463
0.021351
0.025688
0.113762
0.153486
0.034790
0.023902
0.070236
0.031196
0.205445
0.011064
0.007911
0.198563
0.885925
0.085225
0.086857
0.106198
0.021025
0.111703
0.056231
0.122684
0.079990
0.003954
0.021211
0.052053
1.244663
0.093370
0.022668
0.005816
0.262194
0.220922
0.256604
0.018047
0.087178
0.066010
0.000948
0.007177
0.004809
0.182144
0.138196
0.024436
0.120926
1.043208
0.007319
0.027038
1.006869
0.638772
0.099980
0.015844
0.218317
0.000757
0.051550
0.089227
0.059176
0.001097
0.068162
0.072974
0.008608
0.006729
0.097241
0.036543
0.060973
0.044119
0.108809
0.017006
0.031383
0.011791
0.311995
0.497075
1.532729
0.481561
0.012953
0.118016
0.442660
0.183080
0.169473
0.069872
0.033491
0.009130
0.052891
0.020415
0.124414
0.042404
0.230905
0.014698
0.001616
0.224880
0.042388
0.002119
0.019807
0.026291
0.102778
0.037605
0.004806
0.005742
0.138398
0.024926
0.074080
0.054046
0.003989
0.348559
0.002599
0.027065
0.019448
0.166295
0.121322
0.100039
0.056032
0.029379
0.001164
0.008626
0.058908
0.007967
0.235541
0.030951
0.327050
0.059880
0.002749
0.104804
0.071709
0.009361
0.131265
0.218672
0.015198
0.150763
0.040752
0.130884
0.012204
0.096462
1.324131
0.001967
0.081794
0.010630
0.018725
0.051673
0.083568
0.219545
0.009245
0.979076
0.989524
0.021101
0.127633
0.010010
0.203069
0.708974
0.073248
0.211222
0.039905
0.296276
0.031732
0.000991
0.013425
0.370766
0.491921
0.074981
0.006811
0.024105
0.006275
0.273810
0.085399
0.345431
0.082642
0.006269
0.082589
0.051055
0.320387
0.007891
0.105635
0.095290
0.058944
0.177186
0.007600
0.000986
0.124958
0.003198
0.263468
0.281157
0.063328
0.604888
0.012318
0.001364
0.008061
0.011886
0.443093
0.002519
0.031938
0.708954
0.020593
0.023096
0.033057
0.025332
0.247592
0.597553
0.001422
0.238720
0.134227
0.323438
0.061942
0.204125
0.250771
0.012812
0.093534
0.001450
0.229800
0.219245
0.176734
0.246380
0.006014
0.006680
0.002413
0.270883
0.017050
0.058726
0.005456
0.008889
0.245213
0.002184
0.093037
0.035289
0.206959
0.261034
0.305445
0.032748
0.027882
0.422767
0.610552
0.113973
0.272206
0.009236
0.046334
0.012036
0.355415
0.032980
0.490039
0.001743
0.161934
0.124176
0.071842
0.049523
0.025140
0.003587
0.008512
0.011368
0.272161
0.006123
0.072691
0.031065
0.010343
0.134347
0.761550
0.711662
0.013263
0.021126
0.002883
0.290154
0.010030
0.070104
0.258081
0.004658
0.006485
0.037164
0.083681
0.047176
0.011197
0.041347
0.018427
0.687530
0.004198
0.001300
0.001765
0.011804
0.130169
0.068026
0.720872
0.256360
0.029747
0.021877
0.151152
0.002442
0.006096
0.354567
0.029058
0.064953
0.160748
0.009647
0.088538
0.045667
0.016462
0.224138
0.093992
0.085700
0.012609
0.086769
0.123579
0.080759
0.000933
0.894900
0.010634
0.014785
0.053872
0.687923
0.047496
0.011560
0.024618
0.064236
0.150227
0.122340
0.002715
0.220772
0.145614
0.056929
0.006708
0.105519
0.004312
0.004080
0.068979
0.790443
0.037679
0.397695
0.665508
0.182801
0.339170
0.632565
0.046338
0.028091
0.062945
0.014416
1.310503
0.007447
0.001297
0.008040
0.015212
0.008115
0.103414
0.373779
0.135252
0.105509
0.052004
0.009902
0.342996
0.003650
0.270559
0.611388
0.036576
0.513500
0.001907
0.028405
1.575804
0.132452
0.120942
0.004311
0.044368
0.014465
0.220428
0.071204
0.012357
0.036607
0.083948
0.003522
0.020608
0.630312
0.327909
0.010617
0.005140
0.002549
0.170795
0.022665
0.511556
0.239223
0.646909
0.007775
0.130109
0.252598
0.308922
0.022238
0.216795
0.001761
0.433984
0.082214
0.028026
0.020987
0.190807
0.013490
0.013596
0.109163
0.075968
0.132551
0.113810
1.489047
0.009866
0.165262
0.040585
0.079776
0.139061
0.008007
0.058300
0.809029
0.246212
0.025642
0.004235
0.017238
0.028721
0.071188
0.986754
0.006479
0.271331
0.349365
0.062269
1.303270
0.022262
0.001453
0.022566
0.066035
1.266876
0.010349
0.588794
0.028287
0.070510
0.279841
0.065971
0.051341
0.043783
0.152082
0.355198
0.007357
0.000970
0.025890
0.646713
0.299528
0.013235
0.014237
0.008275
0.206335
0.108361
0.000777
0.014460
0.402700
0.568375
0.095820
0.023278
0.094867
0.601551
0.407855
0.002153
0.790647
0.136888
0.005227
0.312594
0.478903
0.948054
0.084556
0.594122
0.047681
0.005114
0.128930
0.085197
0.000912
0.051791
0.033316
0.288987
0.643888
0.103933
0.622013
0.012309
0.129019
0.335215
0.005089
0.041275
0.006384
0.030469
0.066810
0.262544
0.339553
0.698149
0.098961
0.003132
0.220110
0.030622
0.009116
0.339951
0.067079
0.082570
0.188526
0.299504
0.325877
0.009367
0.055080
0.015119
0.493949
0.094221
0.001895
0.010699
0.021470
0.318585
0.022628
0.006547
0.001830
0.204105
0.025869
0.242321
0.103916
0.354267
1.543425
0.022953
0.563330
0.005013
0.086332
0.142538
0.432870
0.249759
0.095474
0.088843
0.845775
0.018675
0.567682
0.033130
0.005587
0.020782
0.078604
0.078787
0.033462
0.117903
0.022322
0.842647
0.110501
0.589187
0.283930
0.020044
0.031749
1.206333
0.358760
0.010993
0.019361
0.012616
0.059616
0.037927
0.195258
0.016453
0.004581
0.110826
0.029230
0.062516
0.162304
0.637104
0.128794
0.241050
0.009844
0.984455
0.103671
0.005573
0.094882
0.018193
0.000811
0.004443
0.022705
0.032863
0.035707
0.003489
0.004105
0.014964
0.029367
0.198732
0.136672
0.157924
0.087153
0.016287
0.173216
0.254096
0.279130
0.012934
0.123220
0.003221
0.007773
0.014495
0.006029
0.048422
0.961562
0.047314
0.130218
0.886060
0.026903
0.005175
1.185799
0.035020
0.193861
0.286551
0.011419
0.089185
0.083513
0.012146
0.088503
0.076009
0.003084
0.015030
0.103118
0.024631
0.003592
0.027204
0.011198
0.026436
0.010196
0.042246
0.018428
0.357645
0.015294
0.007960
0.019140
0.051602
0.027587
0.179675
0.061548
0.128146
0.015533
0.035154
0.334214
0.064623
0.011601
0.121013
0.197811
0.012110
0.046800
0.005211
0.008268
0.036876
0.067646
0.003697
0.030212
1.519930
0.059478
0.005970
0.600521
0.005915
0.014845
0.104711
0.008947
0.014369
0.137885
0.340684
0.025849
0.185145
0.089182
0.411415
0.023612
0.066907
0.013255
0.000845
0.415092
0.042424
0.640141
0.018182
0.011660
0.285510
0.018514
0.048583
0.123685
0.814062
0.163981
0.004195
0.030483
0.085275
0.071808
0.085828
0.086266
0.102319
0.154786
0.036462
0.068795
0.013716
0.080411
0.011760
0.154180
0.095775
0.007825
0.735953
0.314901
0.773876
0.970864
0.213553
0.169459
0.309389
0.011452
0.251695
0.036899
0.010767
0.018610
0.160057
0.194457
0.832918
0.005777
0.036625
0.004031
0.014543
0.125465
0.279052
0.082783
0.059061
0.292504
0.105153
0.213143
0.192021
0.031439
0.005337
0.189850
0.009330
0.281867
0.193587
0.016956
0.128449
0.038101
0.006143
0.036144
0.035762
0.097563
0.399398
0.030894
0.085874
0.336143
0.038950
0.048389
0.063406
0.010691
0.034952
0.011976
0.067064
0.072662
1.008333
0.179611
0.012773
0.342304
0.022527
0.003988
0.404511
0.141714
0.386720
0.077448
0.227270
0.028222
0.188666
1.536864
0.114824
0.014957
0.003571
0.191062
1.198282
0.060808
0.107930
0.012632
1.206892
0.061604
0.034926
0.065253
0.008695
0.031794
0.001991
0.165952
0.006660
0.062562
0.004512
0.008770
0.090216
0.016828
0.639001
0.015568
0.026760
0.117108
0.025713
1.181860
0.102837
0.009364
0.000977
0.215389
0.030484
0.001398
0.101073
0.105345
0.701358
0.027750
0.351172
0.211209
1.380385
0.293283
0.048506
0.033099
0.818014
0.038565
0.497200
0.029995
0.211465
0.005959
0.008021
0.008894
0.022744
0.020619
0.239514
0.104331
0.005607
0.008640
0.004464
0.001105
0.108916
0.040703
0.008387
0.069613
0.026510
0.636202
0.353659
0.002760
0.477678
0.065494
0.021969
0.291684
0.902116
0.009566
0.038787
0.216836
0.624011
0.274229
0.042498
0.096121
0.032124
0.011874
0.089253
0.016713
0.768495
0.029860
0.068169
0.008571
0.676162
0.674870
0.028459
0.008638
0.150786
0.009810
0.003907
0.082190
0.256916
0.005308
0.061830
0.008656
0.224170
0.416498
0.342601
0.119780
0.085334
0.013839
0.212002
0.026609
0.080284
0.010063
0.262983
0.028896
0.003988
0.211489
0.390767
0.019613
1.177580
0.009318
0.036226
0.047010
1.379443
0.011423
0.129013
0.092177
0.350181
0.068029
0.081147
0.123622
0.102104
0.347825
0.061637
0.634477
0.225110
0.001347
0.033516
0.013123
0.083103
0.068012
0.071447
0.036899
0.082952
0.034660
0.448043
0.399557
0.001444
0.132410
0.024127
0.042147
0.027488
0.375042
0.006323
0.621498
0.143988
0.352937
0.004235
0.238875
0.295619
0.022998
0.034074
0.002334
0.090283
0.008498
1.589330
0.004803
0.003465
0.009666
0.014189
0.068800
0.046145
0.067899
0.214500
0.028270
0.660978
0.034444
0.693841
0.043011
0.256242
0.006497
1.079123
0.078934
0.067524
0.004054
1.501095
0.043142
0.224423
0.011818
0.020844
0.040200
0.122473
0.147311
0.019235
0.017751
0.232385
0.004463
0.038970
0.008183
0.006641
0.004603
0.009488
0.218967
0.004177
0.285826
0.068302
0.030076
0.034956
0.082298
0.410143
0.262628
0.082108
0.214230
0.128588
0.141274
0.083882
1.263708
0.910394
0.076718
0.429495
0.066188
0.017810
0.013128
0.317579
0.014980
0.091724
0.001213
0.032215
0.004864
0.140065
0.009510
0.046628
0.025244
0.046655
0.052366
0.006529
0.067094
0.059788
0.686134
0.571181
0.084085
0.002850
0.030901
0.197141
0.011114
0.053865
0.082659
0.121209
0.067403
0.327435
1.305418
0.068057
0.062758
0.117378
0.569909
0.022992
0.010053
1.211661
0.250480
0.327091
0.013499
0.007120
0.001280
0.017898
0.612455
0.094336
0.059633
0.004574
0.200153
0.009342
0.067512
0.080864
0.173483
0.101442
0.013089
0.690069
0.021238
0.006317
0.284055
0.679782
0.125440
0.008947
0.030039
0.197688
0.098352
0.129476
0.039221
0.011310
0.660239
0.005178
0.031999
0.013710
0.049609
0.068905
0.032608
0.103086
0.050860
0.140451
0.902038
0.085714
0.040659
0.043877
0.005860
0.025414
0.222567
0.102463
0.024633
0.008664
0.229719
0.031933
0.013425
0.944986
0.034258
0.001222
0.003417
0.002426
0.083823
0.012880
0.031366
0.029814
0.095458
0.111030
1.591258
0.071196
0.059242
0.043294
0.004010
0.005063
0.296099
0.026019
0.010984
0.031259
0.096822
0.280054
0.477969
0.122310
0.266951
0.120466
0.103328
0.013920
1.062265
0.381617
1.290594
0.084772
0.030551
0.073467
0.035222
0.103175
0.046633
0.181483
0.003464
0.023019
0.200291
0.008175
0.024849
0.009521
0.013160
1.264910
0.040912
0.005193
0.037733
0.011229
0.023470
0.072994
0.105103
0.018577
0.024588
0.012240
0.435322
0.356536
0.716180
0.014735
0.382887
1.661824
0.096402
0.319823
0.016853
0.003610
0.009513
0.084558
0.003176
0.005332
0.401517
0.387481
0.071239
0.011640
0.018932
0.101907
0.819697
0.227900
0.220728
0.078222
0.018943
0.003536
0.004991
0.416273
0.064598
0.031359
0.309467
0.290329
0.005169
0.103717
0.157803
0.024604
0.027657
0.132777
0.006134
0.067089
0.021977
0.234376
0.043195
0.265673
0.032255
0.017538
0.027899
0.055362
0.005280
0.186267
0.125213
0.158621
0.005286
0.008797
0.033502
0.261860
0.774897
0.049776
0.032090
0.003954
0.028259
0.017479
0.008148
0.024369
0.025794
0.063297
0.180199
0.134861
0.002415
0.462140
0.017236
0.012042
0.005013
0.037567
0.209377
0.043023
0.025242
0.128107
0.377790
0.050495
0.059759
0.035738
0.006901
0.444524
0.125902
0.001096
0.002396
0.166760
0.001135
0.149428
0.032447
0.257763
0.035510
0.087262
0.259060
0.016656
0.723120
0.684780
0.014810
0.005750
0.013877
0.125611
0.010062
0.008219
0.020697
0.027146
0.067975
0.008947
0.033539
0.011863
0.325470
0.035690
0.015183
0.359488
0.192960
0.019245
1.282230
0.085470
0.799972
0.946888
0.034923
0.062049
0.270032
0.023258
0.025879
0.340508
0.329367
0.117374
0.132927
0.001438
0.028526
0.075928
0.034505
0.201740
1.089209
0.067082
0.080649
0.006225
0.204382
0.055853
0.019596
0.093402
0.020316
0.009393
1.192446
0.043933
0.127788
0.072797
0.109233
0.030900
0.082391
0.139006
0.371995
0.591289
0.042263
0.080845
0.152790
0.441449
0.024304
0.402284
0.046831
0.239394
0.008720
0.261523
0.002505
0.017641
0.047028
1.235782
0.091955
0.006961
0.377435
0.096276
0.268125
0.221563
0.007842
0.091410
0.027007
0.836483
0.395390
0.010800
0.009272
0.426416
0.694673
0.069763
1.270357
0.020644
0.130889
0.094933
0.146856
0.139429
0.061903
0.128877
0.340831
0.016851
0.001735
0.060356
0.813205
0.705190
0.041054
0.321029
0.025749
0.239411
0.104784
2.384683
0.126182
2.345562
0.026570
0.001205
0.041157
0.190371
0.123957
0.051051
0.011142
0.423833
0.015296
0.012314
0.071881
0.013343
0.034012
0.193511
0.034207
0.022649
0.024830
0.005239
0.381772
0.526372
0.540636
0.016659
0.042013
0.363851
0.030760
0.126118
0.026712
0.004893
0.009255
0.020644
0.245664
0.005057
0.008283
0.896668
0.008302
0.017031
0.256303
0.149326
0.052736
0.054692
0.062340
0.040923
0.010254
0.058304
0.209522
0.003739
0.014809
0.060746
0.029108
0.114155
0.035338
0.536478
0.085524
0.045354
0.044588
0.100882
0.004778
0.045120
0.038251
0.258732
0.116605
0.235863
0.108466
0.230141
0.248276
0.032829
0.014653
0.004795
0.027414
0.996654
0.132248
0.263664
0.049914
0.018009
0.015182
0.004202
0.050608
0.009116
0.064566
0.009260
0.055127
0.046530
0.079928
0.011880
0.289884
0.609688
0.219474
0.261063
0.045511
0.147687
0.007783
0.002718
1.234644
0.054923
0.063452
0.129589
0.086523
0.034833
0.272430
0.082826
0.270930
0.712575
1.191656
0.615431
1.555374
0.926974
0.014241
0.019411
0.007117
0.007012
0.143681
0.221414
0.580276
0.017873
0.490751
0.231299
0.035986
0.006493
0.107388
0.005497
0.000848
0.012647
0.044316
0.161645
0.007227
0.978198
0.014655
0.798088
0.003360
0.079174
1.182737
0.120755
0.012544
0.035937
0.063268
0.098901
0.003973
0.031028
0.026073
0.075340
0.175747
0.040987
0.616620
0.046159
0.044263
0.006603
0.153130
0.059286
0.285933
0.241162
0.038475
0.019746
0.053918
0.016564
0.031998
0.009686
0.263477
0.007348
0.015448
0.085063
0.007215
0.389277
0.020038
0.013431
0.017081
0.099121
0.121027
0.013102
1.049274
0.007649
0.265643
0.241240
0.007568
0.274488
0.032710
0.001770
0.006740
0.001157
0.006835
0.023835
0.008067
0.012008
0.078642
0.031550
0.908037
0.841332
0.024856
0.812312
0.001198
0.005917
0.260813
0.009986
1.062414
0.038833
0.001218
0.008332
0.048132
0.979010
0.167562
0.062107
0.079069
0.004743
0.006310
0.039377
0.004669
0.252605
0.013365
0.026782
0.123003
0.015286
0.234830
0.245017
0.197283
0.003812
0.114349
0.030058
0.003240
0.951714
0.484974
0.710014
0.049706
0.280112
0.004581
0.004624
0.007732
0.049965
0.440781
0.251977
0.533634
0.006076
0.016020
0.028130
0.091535
0.064968
0.044727
0.178504
0.256692
0.030862
0.043129
0.001029
0.039401
0.028459
0.010700
0.008068
0.005168
1.185254
0.251083
0.155804
0.132350
0.052095
0.291968
0.985529
0.080709
0.038425
0.014092
0.035984
0.349835
0.262025
0.299827
0.098400
0.129589
0.085074
0.026552
0.079900
0.030457
0.095553
0.003865
0.064151
0.148388
0.004411
0.052348
0.210759
0.439199
0.117690
0.059517
1.508803
0.044262
0.324203
0.004399
0.010277
0.490197
0.287811
0.621902
0.002752
0.027470
0.009797
0.014990
0.050462
0.007845
0.118346
0.086804
0.008914
0.072893
0.003013
0.255109
0.037427
0.008925
1.198341
0.099071
0.100759
0.072169
0.013416
0.006884
0.232039
0.040574
0.121403
0.007180
0.100083
0.027753
0.838591
0.011828
0.172518
0.390584
0.017653
0.145683
0.011146
1.367844
0.062472
0.251734
0.030507
0.006450
0.132159
0.283952
0.002038
0.025034
0.003776
0.456394
1.027563
0.224259
0.041777
0.104873
0.001450
0.031766
0.044888
0.602901
0.615616
0.086740
0.160015
1.392554
0.025710
0.006560
0.061605
0.011701
0.637876
0.088465
0.487653
0.067072
0.025802
0.033519
0.712727
0.086937
0.014717
0.025554
0.008512
0.016558
0.021620
0.122848
0.015875
0.243974
0.006655
0.109509
0.037279
0.151035
0.076363
0.829086
0.052503
0.014999
0.022528
0.907682
0.001902
0.069668
0.231620
0.003137
0.060000
0.256790
0.019578
0.095512
0.007733
0.017128
0.084063
0.001023
0.032111
0.956781
0.009175
0.455130
0.019024
0.182776
0.029778
0.059092
0.458140
1.182262
0.268863
0.001129
0.065413
0.122169
0.145727
0.010151
0.284187
0.067579
0.049657
0.086899
0.016680
0.047148
0.004984
0.003937
0.019809
0.296378
0.006167
0.013923
0.440305
0.055644
0.008895
0.021406
0.024866
0.144968
0.084465
0.236227
0.011528
0.084356
0.693488
0.107413
0.008159
0.058310
0.101717
0.205861
0.013428
0.004456
0.042002
0.041339
0.010935
0.005174
0.021432
0.002414
0.027373
0.024805
0.059239
0.008366
0.006860
0.258393
0.004310
0.217484
0.220104
0.206664
0.298505
0.001508
1.213699
0.005968
0.014907
0.012597
1.084251
0.061479
0.028380
0.010448
0.070396
0.021009
0.146339
0.006700
0.019278
0.014103
0.375826
0.016753
0.105857
0.104345
0.023278
0.002598
0.017765
1.160598
0.049404
0.002858
0.013287
0.010806
0.936412
0.529051
0.028185
0.164000
0.092561
0.057751
0.725752
0.021730
0.128415
0.071887
0.072585
0.108612
0.067547
0.016414
0.690476
0.096322
0.415691
0.124623
0.069354
0.104980
0.033480
0.023509
0.007005
0.273037
0.025939
0.055349
0.508964
0.415072
0.164883
0.017101
0.009065
0.153840
0.314592
0.600186
0.754020
0.363785
0.029121
1.346812
0.330199
0.125345
0.033751
1.492628
0.035936
0.213184
0.115161
0.108210
0.033918
0.303809
0.129875
2.395081
0.667564
0.049558
0.002387
0.023066
0.267114
0.254366
0.009626
0.328494
0.017847
0.117248
0.022432
0.013585
0.039000
0.083479
0.058574
0.006176
0.480905
0.229143
0.334844
0.002100
0.125103
0.023454
0.089736
0.058422
0.039282
0.006506
0.098637
0.061268
0.103508
0.021733
0.053799
0.367237
0.720250
0.018494
0.013901
0.388018
0.010039
0.011913
0.030268
0.026748
0.059312
0.016967
0.313487
0.008548
0.146703
0.237673
0.022444
0.022970
0.016671
0.048579
0.073702
0.264725
0.140073
0.079709
0.049911
0.001600
0.050360
0.014097
0.013832
0.058734
0.027581
0.068854
0.082590
0.059408
0.025117
0.080156
0.011512
0.149548
0.091942
0.012291
0.343097
0.172471
0.097430
0.100441
0.004243
0.035958
0.061740
0.027563
0.166330
0.011258
0.005155
0.005082
0.001639
0.047035
0.995853
0.015805
0.428210
0.079150
0.011152
0.021388
1.211050
0.292766
0.610819
0.155562
0.007164
0.025782
0.003218
0.090312
1.429658
0.381759
0.015505
0.037411
0.058136
1.049268
0.009749
0.244163
0.151048
0.074557
0.021459
0.001367
0.096957
0.000848
0.361275
0.496496
0.134781
0.441646
0.058375
0.031392
0.001477
0.030330
0.109492
0.028760
0.028842
0.008224
0.006939
0.115634
0.406257
0.042909
0.281694
0.607316
0.120042
0.070158
0.001263
0.009316
0.430740
1.080252
0.045951
0.060144
0.060579
0.011459
0.147885
0.059425
0.087466
0.033964
0.147973
0.368265
0.037392
0.003575
0.113533
0.007373
0.026985
0.059444
0.121192
0.182985
0.003062
0.015035
0.641337
0.876925
0.012110
1.255589
0.117768
0.045015
0.092369
0.002609
0.116245
0.069369
0.172663
0.843736
1.500838
0.080359
0.083094
0.014671
0.062771
0.050041
0.088492
0.383326
0.067995
0.058874
0.013708
0.010714
0.017799
0.035843
0.008326
0.110788
0.193669
0.058516
0.003276
0.103739
0.016903
0.100899
0.483163
0.006671
0.439447
0.043713
0.003132
0.022201
0.004203
0.001414
0.133707
0.007874
0.162916
0.063340
0.030173
0.183399
0.127187
0.010732
0.012569
0.011253
0.068117
0.027391
0.262819
0.002530
0.004625
0.039558
0.025702
0.391799
0.011629
0.638505
0.351747
0.015038
0.019991
0.092419
1.206781
0.300313
0.042640
0.054848
0.516197
0.099533
0.002121
0.389185
0.027669
0.026234
0.294983
0.085138
0.352448
0.003888
0.155450
0.045492
0.017006
0.004400
1.237585
0.055470
0.095822
0.007591
0.004231
0.015645
0.001159
0.102888
0.238710
0.034573
0.231685
0.082442
0.088100
0.035895
0.232194
1.011634
0.080109
0.098866
0.150176
0.013962
0.008165
1.313205
0.102669
0.010424
1.322669
0.146668
0.222379
0.030260
0.051133
0.031738
0.023863
0.135444
0.166565
0.013304
0.001061
0.021754
0.000898
0.031104
0.004690
0.022714
0.072690
0.261997
0.019892
0.119220
0.011214
0.930872
0.004677
0.003529
0.022449
0.101907
0.012478
0.044686
0.092423
0.013680
0.225347
0.184873
0.008903
0.060539
0.192565
0.404127
0.060044
0.013217
0.046938
0.478823
0.791893
0.028473
0.099593
0.418157
0.505733
0.010459
0.022772
0.455426
0.105618
0.325057
0.039514
0.022052
0.001358
0.001262
0.006549
0.014321
0.098427
0.012311
0.024729
0.086033
0.142097
0.209980
0.041458
0.049855
0.033494
0.004339
0.001231
0.354425
0.013130
0.014845
0.005779
0.725199
0.101247
0.042029
0.034082
0.059158
0.083645
0.147817
1.061171
0.081542
0.010312
2.170104
0.056039
0.166142
0.426482
0.049517
0.039082
0.333973
0.035239
0.136923
0.029315
0.300160
0.001967
0.015582
0.063590
0.235951
0.031947
0.149849
1.771904
0.301455
0.014117
0.026838
0.024636
0.162383
0.083798
0.191731
0.144087
0.076573
0.782349
0.027764
0.020063
1.876439
0.127310
0.371675
0.031976
0.007810
0.096172
3.593053
0.094317
0.179868
0.355174
0.306356
0.007618
0.042638
0.023655
0.479376
0.096574
0.059481
1.500276
0.008216
0.165540
0.190931
0.047165
0.527574
0.078481
0.120837
0.009605
0.005406
0.147810
0.156144
0.121177
0.014227
0.130418
0.309460
0.043831
0.336954
0.360960
0.002695
0.096884
0.144291
0.432073
0.050891
0.049489
0.440336
0.121413
0.025686
0.405323
0.122350
0.723199
0.038455
0.479247
0.123110
0.033256
0.008062
0.045741
0.440288
0.021993
0.213951
0.437813
0.095006
1.248589
0.358581
0.005439
0.025044
0.031009
0.884941
0.008849
0.604820
0.032025
0.098487
0.169408
0.008780
0.032428
0.031302
0.050895
0.015920
0.122733
0.784686
0.002278
0.056084
0.041735
0.236664
0.016435
1.329426
0.014162
0.083463
1.690187
1.316777
0.242348
0.036449
0.069347
0.592276
0.019459
0.962769
0.008663
0.011022
1.212922
0.019891
0.003880
0.342549
0.121859
0.006325
0.114547
0.023595
0.046888
0.243398
0.059642
0.086187
0.954475
0.028919
1.773970
0.017158
0.091547
0.121315
0.006818
0.404629
1.256580
0.010089
0.028119
0.008066
0.522218
0.107607
0.010982
0.033712
0.410442
0.008214
0.304267
0.057148
1.917213
0.016327
0.009086
0.001206
0.023926
1.758436
0.294399
0.358107
0.440906
0.015453
0.152239
0.176814
0.062337
0.097870
0.317334
0.010794
0.042161
0.420943
0.034884
0.019780
0.019869
0.334551
0.095606
0.040559
0.479701
1.551992
0.013536
0.375137
0.095495
0.125838
0.055924
0.331392
0.944398
0.090503
0.777213
0.131427
0.179586
0.429145
0.415303
0.336242
0.013414
0.025746
0.010319
0.011001
0.009066
0.414731
0.054679
0.044870
0.014174
0.017221
0.752822
0.084595
0.187617
0.018342
0.361020
0.008451
0.398948
0.038975
0.034563
1.340616
0.020951
0.108377
0.763061
0.350728
0.957559
0.089470
0.010405
0.008691
0.418899
0.617735
0.535521
0.009430
0.084300
0.041753
0.010893
0.145039
0.075174
0.167509
0.431470
0.042864
0.010054
0.017657
0.035255
0.002804
0.042766
0.007928
0.153669
0.032597
0.072170
0.391047
0.256723
0.064678
2.237845
0.069931
2.359477
0.203770
0.009448
0.119926
0.677223
0.117140
0.376226
0.049483
0.033691
0.016740
0.014946
0.014878
0.020777
0.059249
0.016980
2.320156
0.681508
0.011043
0.011979
0.272536
0.052266
0.095374
0.085918
0.006093
0.220060
0.145419
0.105634
0.010206
0.115495
0.644747
0.033062
0.966585
0.025352
0.177960
0.653718
0.139733
0.147921
0.002138
0.042668
0.022426
0.001813
0.109883
0.036580
0.048968
0.042913
0.055986
0.049190
0.021757
0.953365
0.087776
0.328900
0.969617
0.003893
0.038880
0.010936
0.359946
0.308193
0.119286
0.049644
0.387108
0.018378
0.001769
0.007370
0.135375
0.022860
0.008133
0.039621
0.030038
0.408078
0.657265
0.849106
0.622794
0.867655
0.159067
0.099802
0.007629
0.028211
2.251344
0.204482
0.058209
0.181930
0.041501
0.020797
0.037600
0.380252
0.106446
0.002029
0.011060
0.164754
0.181446
0.017978
0.417367
0.076436
0.032567
0.341148
0.167392
0.005733
0.000973
0.009285
0.021456
0.189333
0.150113
0.008653
0.007788
0.118209
0.010231
0.023880
0.030452
0.962059
0.077675
0.002663
0.064848
0.015610
0.514615
0.013319
0.274550
0.004873
0.006497
0.010327
0.135110
0.061923
0.009935
0.303898
1.216246
0.121655
0.020159
0.019478
0.067768
0.057894
0.121403
0.018992
0.328050
0.323643
0.032752
0.206102
0.012990
0.174190
0.035187
0.445000
0.180861
0.081930
0.175969
0.262879
0.628885
0.048408
0.330380
0.184291
0.009863
0.006217
0.335947
0.160349
0.017684
0.001862
0.113361
0.011498
0.045508
0.090324
0.241044
0.010582
0.374854
0.013540
0.124630
0.251071
0.095492
0.235713
0.563069
1.420027
0.157805
0.086065
0.007558
0.004360
1.012710
1.127700
0.281060
0.008624
0.091736
0.420722
0.005388
0.427535
0.131350
0.056644
0.009408
0.034471
0.019567
0.061214
1.474163
0.084758
0.007294
0.822176
0.061724
0.158520
0.009752
0.316671
0.031416
1.302487
0.044308
0.416340
0.079316
0.459526
0.025760
0.314721
0.192413
0.157422
0.012198
0.022709
1.142654
0.164652
0.014874
0.134293
0.015427
0.094063
0.012527
0.203680
0.014232
2.191032
1.397922
0.030966
0.391556
0.009549
0.900953
0.002458
0.041490
0.019690
0.023670
0.037296
0.446358
0.011825
0.043917
0.520168
0.093427
0.197580
1.167649
0.044382
0.114591
0.121200
0.190984
0.006133
1.300050
0.067632
0.042300
0.023787
0.033099
0.606600
0.055209
0.012424
0.414132
0.062830
0.013828
0.360796
0.026379
0.298932
0.115530
0.054078
0.103042
0.055099
0.023324
0.087417
0.383813
0.364354
0.042925
0.094213
0.002397
0.461685
0.053457
0.101229
0.293383
0.096465
0.035833
0.153271
0.009008
0.111615
0.527036
0.160054
0.003934
0.007836
0.001646
0.116076
0.207260
0.006132
0.244967
2.196439
0.082966
0.025711
0.036520
0.394209
0.004432
0.025755
0.035662
0.027961
0.278140
0.107428
0.074939
0.012215
0.025688
0.071624
0.155030
0.069457
0.006466
0.280932
0.008544
0.030218
0.033060
0.008126
0.060877
0.011710
0.426157
0.436851
0.037251
0.088955
0.333400
0.072166
0.258961
0.114252
0.011166
0.447733
0.013442
0.005005
0.186616
0.010720
0.003201
0.012230
0.066228
0.039867
0.002360
0.017548
0.054176
0.035359
0.030103
0.006637
0.029445
0.229361
0.444094
1.391943
0.234677
0.168498
0.030549
0.041409
0.037409
0.368688
0.061356
1.302846
0.149054
0.151474
0.039840
0.054641
0.087792
0.154971
0.080149
0.111439
0.047963
0.104700
0.093393
0.013374
0.777420
0.007862
0.319661
0.045389
0.104181
0.062877
0.014826
0.369056
0.230605
0.074031
0.143848
0.010251
0.167089
0.896892
0.126136
0.001790
1.282445
0.013628
0.050200
0.236709
0.644785
0.867991
0.032404
0.029079
0.007897
0.087636
0.004023
0.009806
1.363784
0.023444
0.008022
0.209908
0.145403
0.003563
0.002549
0.544623
0.039042
1.307437
0.033725
0.037204
0.020243
0.098088
0.030892
0.036698
0.383358
0.065756
0.131847
0.138970
0.020261
0.014787
0.013050
0.008119
0.125428
0.062042
0.001388
0.026159
0.304653
0.001252
1.206175
0.142880
0.151699
0.099637
0.006593
0.035856
0.013650
0.029636
0.138546
0.041254
0.060434
0.044341
0.059626
0.010778
0.007116
0.316047
0.064601
0.018765
0.009462
0.077905
0.011480
0.073924
0.083350
0.077411
0.002109
0.002888
0.560365
0.021868
0.008348
0.599683
0.209454
0.636443
0.122129
0.024435
0.006135
0.000991
0.063555
0.081816
0.027923
0.189932
0.029667
0.077131
0.117552
0.004647
0.287945
0.122524
0.133591
0.027827
2.678720
0.060110
0.014653
0.013240
0.392412
0.062083
0.072923
0.012776
0.021367
0.067588
0.264240
0.067976
0.032467
0.058610
0.161707
0.023480
0.005165
0.002614
0.230689
0.125111
0.009967
0.154981
0.075209
0.029536
0.025671
0.420955
0.223576
0.014245
0.021573
0.085181
0.049831
0.013781
0.000858
0.116294
0.008255
0.605976
0.132621
0.029897
0.019517
0.060308
0.008168
0.015631
0.027072
0.149811
0.137811
0.008039
0.001654
0.005984
0.016691
0.000731
0.131351
0.015878
0.109606
0.308713
0.125161
0.479023
0.060451
0.025928
0.049446
1.124090
0.015787
0.343532
0.006179
0.042464
1.417232
0.414280
1.168508
1.000800
0.087463
0.026453
0.014230
0.076372
0.001229
0.277970
0.601529
0.001751
0.007364
0.100535
0.657910
0.032161
0.305405
0.060005
0.921028
0.001532
0.001479
0.007015
0.010206
0.020923
0.455695
0.005075
0.036385
0.023061
0.001180
0.095425
0.275343
0.121670
0.044528
0.831752
0.062593
0.069797
0.163588
0.404158
0.095267
0.071527
0.049490
0.014928
0.180541
0.248444
0.606481
0.126450
0.372708
0.076874
0.003270
0.014343
0.029890
0.062695
0.018277
0.101895
0.246277
0.004658
0.004531
0.013411
0.016822
0.100290
0.103186
0.196408
0.012356
0.005803
0.007176
0.059436
0.006392
0.213335
0.065334
0.113109
0.070731
0.083994
0.202091
0.235683
0.016725
0.221981
0.005710
0.463218
0.008852
0.170338
0.252518
0.022378
0.729822
0.067044
0.044326
0.953101
0.008021
0.006278
0.021058
1.258924
0.131813
0.857245
0.421853
0.009388
0.049498
0.030586
0.182191
0.245556
0.298745
0.024152
0.183371
0.081390
0.008170
0.251705
0.026389
0.014400
0.130176
0.037789
0.229470
0.134391
0.261393
0.932414
0.025948
0.030450
0.017548
0.020473
0.085619
0.009151
0.013136
0.028539
0.026598
0.025737
0.344131
0.005580
0.087163
0.044851
0.431052
0.038135
0.133342
0.006793
0.003751
0.039805
0.115177
0.155807
0.019651
0.117093
0.300099
0.067836
0.011756
0.053528
0.051562
0.324506
0.026919
0.033094
0.094362
1.213234
0.055170
0.164864
0.017664
0.019675
0.166256
0.023956
0.008555
0.692904
0.109015
0.104011
0.074341
1.248858
0.031820
0.113273
0.048141
0.451084
0.105764
0.015910
0.008234
0.015384
0.006871
0.002125
0.064915
0.018840
0.105698
0.016471
0.024025
0.063677
0.021285
0.016616
0.113897
0.018165
0.018295
0.030718
0.008968
0.062154
0.014249
0.005644
0.037753
0.107209
0.025347
0.035350
0.019874
0.067084
0.124596
0.055764
0.072677
0.107447
0.085340
0.020098
0.021894
0.021987
0.320307
0.086254
0.160557
0.038162
0.150947
0.139473
0.035231
0.008285
0.165271
0.097470
0.039492
0.352599
0.001161
0.035844
0.250713
0.014721
0.026191
0.695036
0.063567
0.062733
0.006447
0.353080
0.082723
0.028804
0.988731
0.047257
0.006806
0.011269
0.013734
0.092677
0.114850
0.127964
0.023063
0.030711
0.134918
0.005430
0.043759
0.052300
0.019514
0.068377
0.261528
0.082404
0.019885
0.049655
0.161824
0.026864
0.171479
0.015635
0.322319
0.711849
0.069060
0.041549
0.014033
0.035621
0.057543
0.008211
0.339229
0.008065
0.014063
0.195132
0.002809
0.125951
0.760677
0.102228
0.050204
0.085583
0.112044
0.032765
0.059580
0.100972
0.001028
0.238888
0.029385
0.013024
0.033690
0.622145
0.072108
0.044932
0.409961
0.019411
0.007815
0.341723
0.019329
0.030072
0.009584
0.018688
0.033847
1.138108
0.072363
0.059925
0.085142
0.013391
1.158732
1.569879
0.002727
0.013735
0.013743
0.027823
0.012460
0.063492
0.172127
0.027586
0.057678
0.059102
0.008230
0.004170
0.026087
0.250442
0.610846
0.019940
0.422508
0.210744
0.027575
0.026090
0.022556
0.040380
0.019828
0.139740
0.369757
0.007448
0.480158
0.037964
0.967849
0.273984
0.021018
0.007084
0.001814
0.115270
0.068663
0.441877
0.072336
0.030636
0.041957
0.082143
0.016781
0.161642
0.056315
0.101629
0.007829
0.022026
0.030477
0.621367
0.014243
0.013192
0.298641
0.134368
0.816927
0.042382
0.631031
0.033886
0.122103
0.014667
0.077144
0.025337
0.065779
0.063159
0.024173
0.345376
0.014206
0.009111
0.382804
0.139743
0.048750
0.027119
0.980839
0.013119
0.292434
0.013472
0.233135
0.085940
0.006062
0.018035
0.007222
0.265041
0.010392
0.010615
0.325982
0.890365
0.013469
0.010203
0.649567
0.122684
0.009068
0.003634
0.054455
0.154133
0.005358
0.024425
0.068459
0.013626
0.375311
0.034909
0.003291
0.022455
0.152087
0.097822
0.027219
0.697520
0.001781
0.011150
0.000889
0.038295
0.004260
0.084937
0.019164
0.001418
0.425982
0.096160
0.020421
0.022726
0.105662
0.008456
0.264441
0.065947
0.024371
0.104597
0.261711
0.695728
0.084422
0.013377
0.040853
0.047523
0.051743
0.032846
0.996834
0.109432
0.019206
0.058539
0.001449
0.001307
1.448737
0.035431
0.268406
0.005931
0.080912
0.129585
0.154627
0.010736
0.021341
0.061366
0.191268
0.107567
0.012139
0.012268
0.073644
0.090810
0.179686
0.012068
0.019444
0.101379
0.071002
0.012519
0.035009
0.021595
0.276711
0.065941
0.700403
0.033728
0.005765
0.008259
0.102264
0.428894
0.112688
0.029241
0.167653
0.177436
0.096580
0.189932
0.064654
0.183913
0.098338
0.144486
0.003400
0.033711
0.120962
0.079376
0.041640
0.051623
0.026421
0.004283
0.421500
0.163357
0.031833
0.004630
0.011398
0.043089
0.001272
0.100464
0.002945
0.152186
0.099668
0.192828
0.417580
0.157082
0.006359
0.189513
0.002101
0.031203
0.024115
0.004010
0.015596
0.035593
0.096204
0.211305
0.236405
0.191071
0.025260
0.332145
0.600600
0.251648
0.286187
0.071222
0.089077
0.494553
0.220552
0.004041
0.842650
1.474262
1.467712
0.041418
1.266216
0.246419
0.033798
0.105211
0.045780
0.011240
0.112098
0.062088
0.002589
0.012798
0.011646
0.028658
0.064072
0.799895
0.041981
0.351600
0.077935
0.237234
0.015767
0.027326
0.040165
0.017463
0.050894
0.008286
0.083882
0.109148
0.065529
0.012059
0.019796
0.010294
0.135045
0.359825
0.046959
0.620291
0.024310
0.081458
0.022099
0.080691
0.009205
0.009092
0.118675
0.013867
0.273498
0.084527
0.112816
0.066735
0.110821
0.238018
0.796438
0.078860
0.026433
0.012686
0.012423
0.375797
0.341869
0.006501
0.001913
0.097365
0.666317
0.647199
0.115612
0.203910
0.104086
0.033145
0.003990
0.546837
0.056714
0.048299
0.027239
0.052390
0.005934
0.029731
0.812652
0.004876
0.027465
0.326154
0.006500
0.003474
0.377833
0.009327
1.466968
0.108774
0.214347
1.364920
0.019298
0.633113
0.007307
0.005465
0.325481
0.017692
0.058798
0.018226
0.838504
0.408005
0.192672
0.004343
0.046924
1.629785
0.022264
0.036581
0.077111
0.008951
0.006099
0.099958
0.032684
0.299926
0.020780
0.187497
0.064752
0.066179
0.023367
0.171654
0.006180
0.066470
0.014151
0.028652
0.143398
0.166905
0.003692
0.015381
0.001244
0.263473
0.124210
0.019438
0.007202
0.277494
0.076208
0.006127
0.032769
0.094711
0.376238
0.318412
0.013822
0.796310
0.015554
0.194579
0.094890
0.246006
0.038059
0.452469
0.006488
0.037341
0.137954
1.303604
0.083742
0.264820
0.179092
0.049666
0.089707
0.039519
0.027196
0.122031
0.068322
0.025777
0.020373
0.064577
0.062569
0.005622
0.071424
0.004150
0.097754
0.250622
0.469661
0.009157
0.009254
0.032778
0.019423
0.017949
0.094918
0.028407
0.018079
0.042276
0.038119
0.003605
0.324143
0.596394
0.078158
0.047728
0.016727
0.313565
0.013232
0.004451
0.043852
0.004756
0.067274
0.440397
0.350700
0.001977
0.017692
0.031439
0.036403
0.365199
0.118409
0.001672
0.123511
0.070600
0.013786
0.025903
0.063281
0.059708
0.121307
0.024848
0.029442
0.082390
0.003792
0.568065
0.165404
0.013766
0.158516
0.010544
0.089398
0.035661
0.061266
0.039411
0.651981
0.195943
0.052132
0.106457
0.043429
0.311088
0.010890
0.001207
0.016218
0.013000
0.180241
0.058653
0.190736
0.644652
0.103682
0.084503
0.465135
0.710789
0.065165
0.194807
0.234279
0.049191
0.063514
1.130064
0.061979
0.069563
0.065704
0.416150
0.263889
0.159830
0.028937
0.016076
0.030410
0.005518
0.019046
0.237645
0.015845
0.010711
0.003010
0.005687
0.028589
0.011172
0.139947
0.005747
0.619789
0.023512
0.035003
0.004487
0.218805
0.910334
0.432221
0.071922
0.026958
0.075074
0.090132
0.022762
0.124495
0.003510
0.115764
0.006833
0.027970
0.065185
0.257814
0.135002
0.197255
0.009206
0.027634
0.307145
0.064042
0.113354
0.060454
0.015929
0.004388
0.231538
0.612991
1.158009
0.135790
0.003180
0.019615
0.082420
0.010217
0.012071
0.016594
0.008840
0.089041
0.089044
0.252416
0.023566
0.008756
0.006096
0.003842
0.075597
0.025737
0.009107
0.013884
0.003782
0.003568
0.001007
0.060836
0.001078
0.084285
0.036476
0.075048
0.025985
0.011558
0.029313
0.098658
0.063645
0.025971
0.046756
0.016443
0.052258
0.058814
0.050164
0.171963
1.101078
0.112980
0.023795
0.074048
0.059286
0.007679
0.190628
0.940227
0.295140
0.042681
0.352656
0.001384
0.659316
0.691093
0.013473
0.609608
0.013092
0.088329
0.040108
0.295007
0.304487
0.100875
0.037897
0.132136
0.000893
0.273350
0.157922
0.213805
0.046368
0.014526
0.010928
0.021133
0.698945
0.043388
0.164700
0.007832
0.035831
0.025191
0.261795
0.010195
0.253276
0.044641
0.225824
0.087053
0.030059
0.004509
0.009570
0.337871
0.002929
0.050213
0.003707
0.447764
0.002186
0.068649
0.011742
0.004309
0.000738
0.006962
0.014232
0.086855
0.030290
0.921558
0.026379
0.062856
0.625545
0.004798
0.075336
0.002118
0.090169
0.390652
0.121835
0.014448
1.236034
0.262078
0.008169
0.013194
0.084760
0.007218
1.516056
0.009599
0.086522
0.066085
0.022607
0.247918
0.166354
0.054851
0.071053
0.010168
0.008200
0.003488
0.083485
