# CPU ms: python-markdown render of PyPI READMEs (top-1500 projects)
3.778118
1.153520
1.126905
3.285942
1.121572
1.413611
7.818795
3.451611
3.099792
3.531742
1.439866
4.495781
1.985134
2.356407
3.494456
0.603388
1.313767
4.018551
2.050510
1.062783
0.083894
11.300632
2.277449
0.854455
0.613414
0.552524
0.196023
5.011649
0.102430
3.149147
6.106585
2.053724
16.645501
1.246358
1.087171
5.115375
0.935909
1.035532
6.042370
3.627233
3.483028
0.580967
36.567500
0.770355
93.079677
3.954711
21.299287
27.516340
2.321385
1.439044
1.422493
1.005296
0.200160
3.579619
0.853396
6.160217
4.355065
2.867974
3.738631
4.408240
1.126156
4.106560
0.639069
2.173858
3.269459
2.355748
2.959587
3.596171
19.247830
1.137143
1.633424
0.092402
2.547929
1.130949
3.421867
0.104583
6.342245
1.609406
1.165046
5.433403
7.680274
0.542926
2.454489
3.761205
5.747490
4.833046
1.165493
1.786150
6.681335
14.979377
0.192650
6.924553
6.373985
1.546484
3.910850
2.549447
3.336986
11.653970
1.324129
1.944032
5.875554
0.594814
1.260094
5.480375
4.783807
8.247856
5.568920
1.421835
0.839198
1.198117
75.291354
7.089703
1.735665
1.232546
5.660811
7.701053
4.877914
7.285220
1.779377
5.376856
0.704952
3.642496
9.408669
5.800698
2.172037
0.939651
7.236251
1.335781
6.103673
6.257632
3.334571
1.258788
3.525020
3.139169
0.640799
8.224857
1.655164
2.391239
1.750527
2.629644
6.966280
1.584799
6.068869
1.500448
8.865906
0.701665
1.948145
3.274441
6.607479
10.682092
2.262364
1.154959
3.709941
4.524363
2.373599
5.653439
2.284089
3.951008
2.562740
0.100867
10.994208
34.691725
31.891251
14.754399
2.826134
2.845361
0.593320
2.457393
3.015523
0.584349
4.505744
5.289646
0.667794
2.416320
1.446754
3.226104
7.260521
3.013086
12.129916
4.830890
2.455406
2.550637
6.106922
3.609792
1.697852
2.770241
23.872431
1.231962
3.412204
4.138452
2.382922
0.962530
2.080214
20.224724
2.764120
2.874750
2.575243
0.357805
1.249954
0.083050
0.563623
2.427297
1.156877
9.205907
19.362869
0.865139
2.587348
3.175820
1.340094
4.329580
0.771524
6.808575
9.716993
14.340617
0.703225
4.486211
2.343391
5.571414
3.716461
0.979790
2.955335
2.959713
1.465571
16.183652
0.200022
1.949057
5.080011
0.859336
30.581475
1.791845
2.459010
13.802861
0.710948
1.459417
12.086456
7.869080
11.608066
3.063646
2.146237
2.256157
0.528676
4.919125
14.596460
1.580043
1.488864
11.242056
3.939594
4.064157
1.002587
11.310944
1.006246
15.930216
0.140257
0.190020
2.810945
3.893744
0.178640
5.447877
0.968644
2.156177
1.325072
1.855365
2.350454
0.655710
1.664842
0.556497
3.545620
2.977631
11.779925
1.966048
2.717458
0.909208
0.101363
0.993899
5.068434
93.855250
15.313727
1.027950
2.580942
0.110311
4.518233
7.320836
0.986645
2.458257
2.326411
6.249675
3.561267
1.615250
0.243023
1.594845
5.142967
0.555159
10.332520
14.938557
0.671539
16.146655
2.787504
1.147999
1.311743
5.530393
0.463113
1.711207
1.215666
2.277722
3.450303
0.403732
10.781007
5.171156
1.892997
0.467892
3.116400
0.477244
1.260955
0.755632
1.430875
6.178965
0.993129
4.350937
0.185830
1.668870
1.908872
0.653350
2.555687
5.269800
2.211342
2.236136
2.751711
0.089608
6.027327
0.276993
3.994956
1.136444
1.531860
13.046266
4.717678
0.357032
0.868054
1.714667
1.466314
0.689145
1.113458
3.706653
16.148459
0.975647
0.295977
5.497608
1.667635
4.185628
2.972107
8.297079
3.032104
15.511288
0.662629
2.984115
3.649082
1.229565
7.999092
9.397497
1.501945
4.177894
4.387044
13.162583
2.075681
0.762352
2.590635
2.853655
1.328033
5.406530
1.339491
8.093816
6.177868
1.261729
2.245878
5.562461
1.371570
5.479044
1.332108
30.511115
1.476226
0.495813
0.101479
7.019536
0.826360
1.092725
0.816350
3.714413
20.604654
0.722556
61.924064
3.734032
0.740988
5.313651
5.887988
1.758410
0.379868
0.901859
3.454997
0.958870
0.119776
1.168443
7.524341
4.178076
10.577860
0.791707
11.833276
24.512971
0.464859
1.493244
31.206732
1.696948
0.878954
5.763577
6.438145
5.513651
4.779479
8.334635
0.542839
3.492747
1.391585
3.518608
0.883230
3.462103
10.397496
4.206602
13.340449
1.678703
4.139799
0.591267
1.442013
3.472063
6.337275
14.610899
1.536739
5.874494
1.305333
28.618700
4.539004
0.105026
1.355538
1.530893
1.799164
4.011046
10.400467
3.547811
0.317922
2.861338
2.192334
3.011478
2.136668
5.192763
20.881247
5.414618
7.256036
3.708905
0.227350
3.373353
6.565012
3.605526
3.302999
0.782053
0.991615
1.175128
10.938335
0.276628
0.590614
1.890875
0.172645
3.589525
1.154532
2.650578
2.093469
3.064683
1.055731
1.901966
5.882619
6.188950
0.909058
5.549448
1.334216
4.373234
3.828416
8.968777
1.452367
1.423508
3.078094
3.911770
4.168890
3.195077
2.381763
3.063795
1.619169
4.019094
5.619979
1.419860
0.122625
8.174423
0.980428
3.980055
0.273703
2.269426
5.119809
4.221428
2.357764
1.453242
1.215324
3.823985
5.299014
2.299831
5.681791
0.802079
0.636868
3.130612
1.982755
5.411700
1.932684
5.440144
4.869700
2.925870
0.914706
0.837968
1.459181
2.637303
6.504339
3.017436
3.857268
31.086980
0.493882
0.075166
1.279007
25.709275
0.667221
18.058478
9.267160
4.367209
18.259107
5.816071
5.583083
0.100456
5.138687
0.537921
0.579244
2.445325
9.843066
0.266766
5.711913
1.988615
3.709470
2.150273
27.343517
1.742977
5.510847
2.712492
2.487543
4.708100
7.023052
1.173363
4.992786
4.047245
10.677386
1.299387
5.375959
3.280583
2.915398
1.060883
4.003046
1.547004
0.830341
30.000170
8.346415
1.948447
0.100817
0.064556
4.586582
2.561296
0.895140
10.918763
0.376995
0.613191
1.038025
6.061296
0.523052
34.327507
3.576779
0.670122
1.830559
5.286805
3.021523
1.768365
3.140934
0.817665
6.640066
11.693089
6.798385
32.673950
1.273670
34.118702
0.136919
6.716192
5.399912
2.389567
4.975091
4.171450
0.936874
1.491907
0.421846
0.622359
3.581705
1.240706
13.594688
2.732371
6.274250
7.389997
4.130043
1.755323
4.092640
0.392274
1.681228
4.192778
0.955831
16.717570
1.122907
0.732395
1.573330
65.910428
1.705299
0.936589
2.436659
8.164442
4.130795
0.267271
4.032215
31.296828
1.062747
0.143825
3.012921
4.310763
0.403068
19.929697
1.319024
0.508794
0.706897
4.925334
1.160081
0.577001
12.177085
0.155896
0.168918
4.728008
0.845106
3.524235
2.769508
13.098301
1.380815
1.577345
15.223540
16.097369
0.449948
9.511920
13.781886
0.689760
7.081210
0.404580
1.414248
4.714824
0.302716
1.108662
1.256541
0.691507
7.493701
4.834658
7.589302
6.721191
7.377937
0.837299
1.283874
0.797808
3.742838
0.664785
10.376205
4.744647
4.492624
11.979780
6.988291
1.091356
2.506776
18.603808
3.192208
1.194806
0.083228
2.765085
2.261247
1.370212
1.283883
25.457786
1.208547
0.452756
4.737468
0.289864
3.081790
3.589527
5.498119
38.327060
1.331257
5.374109
3.112306
6.748235
1.100903
13.469886
0.581943
0.113509
0.407858
0.209004
2.155562
1.795933
12.935164
1.075976
4.589079
1.251000
1.904281
3.205805
9.803955
2.596787
5.932590
0.489018
2.667111
0.763093
9.830902
0.788603
0.773921
2.796929
4.327985
1.150265
3.566549
3.335720
1.530351
0.729468
7.347356
0.981793
5.680738
15.246900
40.118864
2.061929
13.466218
1.431422
1.807595
5.570796
1.190029
0.922964
0.759906
0.627032
1.810930
5.002263
1.397984
14.878629
7.738084
0.822273
0.545989
8.548409
1.646172
5.092602
0.789176
3.765368
6.543200
0.839255
2.449036
1.954963
0.439647
1.381324
7.749610
5.068378
0.895921
2.660499
0.111320
0.892300
2.243790
3.685014
1.377742
2.888191
5.412996
3.189306
4.455403
7.086577
1.508193
9.097256
3.287144
2.204729
5.037658
0.223038
3.265067
7.981595
1.048582
2.551880
0.665501
2.855219
0.280686
1.685445
2.412860
8.675204
12.359694
10.469220
0.350904
1.798644
2.513244
57.958503
1.928773
0.894978
8.002837
1.618753
3.607823
9.259210
14.126516
8.882475
1.765253
3.061074
1.048935
2.375868
0.676589
2.971307
6.027722
3.722151
3.405906
2.254128
2.448126
0.591805
12.444155
2.195303
6.177501
4.247593
4.159800
7.059985
0.876018
15.464250
5.670324
3.695980
1.153722
1.645979
2.099100
1.295015
5.547971
1.278944
0.154328
7.478242
1.288877
8.949693
3.206626
0.390726
5.514990
1.659011
1.381302
7.906062
11.072873
8.716112
10.046666
126.893363
0.920437
0.087477
4.768773
16.465756
1.833145
2.384738
2.946362
3.885860
4.063135
5.715122
0.383925
5.926859
1.645587
3.499394
3.486711
4.295107
1.436513
2.284923
2.443234
0.631192
2.452753
2.793815
11.875211
2.252219
13.025358
4.828318
0.620323
9.812117
0.114689
4.779778
0.351815
4.827685
10.633253
1.813589
1.219162
4.469997
1.758624
0.741233
2.869489
0.497457
2.382948
3.534750
0.450537
2.439048
3.450515
19.831931
6.127933
1.640675
6.318270
0.579727
1.058193
0.082755
0.066987
2.243982
3.470868
15.247476
14.960230
11.505948
1.739224
2.716159
0.092511
0.788212
0.989439
0.585273
7.289427
5.563992
34.803729
0.964595
1.155843
0.933035
7.646714
24.940442
1.937184
0.566564
1.003335
10.781701
6.030463
0.662811
0.782195
5.436992
4.850546
4.692551
35.234673
4.106254
5.443682
1.282778
1.959904
1.264196
6.186985
1.025520
54.262994
1.802306
1.150363
2.788107
4.020327
1.484368
1.159381
0.776736
91.119379
2.394516
18.502922
2.680548
0.448949
1.659263
2.989601
4.760455
1.466321
3.022111
90.292501
6.150371
1.317290
10.026693
1.131934
3.219406
2.898812
1.504523
1.026863
2.838183
0.863457
0.705990
0.108358
5.475556
0.145605
4.300767
0.666460
5.487998
15.034399
3.589956
5.501914
5.438674
5.407516
4.976567
1.760497
0.288193
1.428429
6.077064
17.746574
0.896767
0.617745
1.342922
0.358433
3.996154
7.441182
1.414850
1.456220
0.658134
3.251539
11.008985
6.133816
5.979947
2.281885
5.974770
2.100035
1.378548
14.143280
2.009507
2.996027
0.908426
1.403147
4.764875
1.044370
3.035644
0.923305
0.147581
1.013069
2.617456
0.452943
1.007077
3.324999
3.524883
5.602222
1.624957
14.259923
0.611972
11.633031
5.759397
0.120763
3.215286
1.026631
11.983247
1.111836
1.288471
1.801551
1.393270
10.620741
7.775133
0.628076
0.831258
18.455631
2.563508
3.855310
1.052435
1.963480
2.364113
0.491661
3.983628
17.417116
0.711854
0.112224
3.815952
1.340059
0.801657
26.295300
5.785858
0.302910
5.463648
0.489961
5.371434
1.753277
4.219432
0.122385
9.909622
2.956750
5.386572
0.137092
40.645491
4.794407
1.237409
0.893278
0.957660
2.975423
5.450918
5.782988
1.158816
1.542049
5.019083
2.033610
1.914428
15.424331
6.373398
0.420566
4.003885
0.573875
22.732759
1.623557
2.408537
1.308622
3.244216
7.089041
1.606073
0.366933
0.615843
3.792338
2.964572
1.273961
1.133344
1.567221
0.101718
11.228233
5.513096
1.303170
2.756150
17.856742
2.591894
2.034616
1.915069
1.856738
1.013219
6.409483
1.721100
2.571129
0.100701
1.913809
2.264377
0.951258
7.314845
6.148919
1.136914
1.113484
0.555280
1.206106
3.435921
12.788488
17.687990
10.034187
19.386271
0.788407
0.150315
12.884785
0.643498
21.573630
2.674915
3.872684
7.037143
120.750761
1.764687
2.467926
7.021351
5.560710
6.269020
0.599246
0.782168
0.073266
2.261157
1.583439
0.992910
20.470455
1.385999
0.685769
0.337266
7.563206
0.854721
2.054534
7.565393
2.966397
6.606910
7.446994
4.218047
10.673487
4.910823
1.347989
11.486043
2.109473
32.193231
1.143800
6.475342
1.731080
96.499559
1.016677
0.971067
1.199846
3.966249
4.032804
1.359085
0.934209
18.731244
2.377627
5.620559
7.982117
0.920822
0.837660
7.344799
0.145378
1.446918
2.914906
1.520247
19.293103
5.230697
3.242960
27.310808
60.857539
20.876311
1.466292
4.263073
2.243949
7.378329
1.759285
4.985049
5.120624
0.884087
10.234150
1.467213
1.189920
0.098051
0.857214
1.600829
4.813160
2.269083
10.326286
0.842542
4.122268
11.483472
1.414967
6.378690
3.129577
3.976367
8.601865
2.918835
3.586954
0.826702
0.131169
4.561242
17.098446
13.335575
5.667637
1.612280
3.657352
1.292201
28.414883
4.365972
1.042608
1.338148
6.413732
2.010570
2.974385
1.180668
130.034451
6.434010
2.020252
0.098649
9.025415
3.227867
0.687583
4.401225
2.462652
24.645768
1.034951
6.324451
6.935605
0.729590
0.695198
18.649508
1.197143
2.811167
17.412405
4.742795
3.289950
14.795235
7.269155
3.751666
2.636266
8.420973
1.133378
4.186908
5.268176
31.614937
6.075823
1.060997
1.680886
1.960758
3.720815
2.873817
3.793860
1.289654
13.377476
0.173084
1.944555
11.630819
3.165478
0.098265
0.803729
0.655669
3.194620
1.589399
1.895790
146.212215
21.556125
1.374918
3.170226
0.182793
0.424081
1.760204
3.529852
0.428289
3.663537
0.549576
11.199124
0.965451
2.482364
2.764013
15.612581
1.709276
0.925675
0.898309
0.355452
4.226317
1.419518
1.707331
7.390280
4.769617
2.829295
3.169481
0.696547
10.626083
1.174492
2.114079
20.069718
1.291756
5.610318
2.647306
3.575401
5.895929
18.126534
13.810145
6.115561
1.537841
36.167787
5.289632
3.592417
6.759160
0.118580
13.805125
11.754839
0.562521
2.738827
3.643434
16.708032
0.806040
8.586592
5.123795
2.162949
0.284344
0.918410
3.646652
2.267696
1.506054
2.798985
6.711444
4.672336
13.288398
0.204798
3.780315
0.289510
16.913054
18.850607
2.926869
2.809550
2.440097
5.684233
3.162241
1.673077
4.931561
0.122078
1.557117
2.106739
3.223570
0.145601
0.964629
3.627680
5.739494
3.476669
6.189589
2.021620
6.792131
2.673876
0.700984
2.429519
4.924794
2.419851
0.997470
3.351375
5.280549
12.011656
0.464682
15.941800
0.828155
3.508636
5.772731
1.243856
0.550848
2.010354
6.123959
4.350169
6.107962
0.905388
5.018439
1.638852
1.158061
5.580052
0.119792
5.400776
22.011579
0.960375
4.321894
12.605203
12.014041
17.312051
6.345202
4.377618
1.381957
1.171837
3.487941
2.254505
1.402956
2.116196
35.614101
8.381651
5.207629
0.511464
0.811821
2.699632
3.673573
6.782144
0.506097
3.737308
26.138219
3.755701
7.806692
1.910871
3.955123
5.522574
2.443470
0.098688
0.071512
9.723790
3.313450
5.289266
1.385022
0.295199
6.205454
0.659413
4.671203
0.958935
2.671313
3.586741
15.439339
0.854575
3.291360
2.633379
2.217082
1.018534
3.217343
6.341736
33.599000
1.950992
1.125488
10.645997
0.528131
4.920953
18.104349
13.169316
4.618685
1.878567
3.257001
9.001234
1.643133
7.874920
3.838111
6.744567
0.614569
0.918594
5.466920
4.707250
3.018423
68.088845
7.401898
7.593637
11.635177
0.804964
7.963225
2.328280
2.311627
1.428572
14.183316
5.938914
1.525985
1.896524
1.629287
6.028716
3.258822
7.370424
8.208574
6.944593
2.224822
10.048083
19.669085
0.754349
4.608874
3.051225
5.498797
0.799066
0.256808
2.572800
3.670653
0.869704
5.966025
15.597109
3.834500
0.945548
3.495608
0.094560
0.745562
2.093920
1.477581
0.994949
5.447689
5.676844
2.691596
8.917852
0.947558
5.465471
1.016857
0.871250
0.238949
1.404990
4.043285
2.856730
2.103853
14.431590
3.597648
1.146886
5.172793
1.175706
15.996591
1.009135
19.738492
1.092690
9.252574
1.107200
0.769885
1.549077
0.333004
1.804662
6.187709
1.725209
20.650083
1.546377
1.320820
4.771897
1.405563
1.407627
6.296032
0.810932
0.108848
2.296331
4.373383
3.817873
3.095240
1.187148
2.384107
3.371175
6.001077
1.449248
108.373072
3.784626
2.963774
7.034206
0.809262
3.659574
1.506392
6.140022
0.486028
11.623225
2.766565
0.960324
6.620559
7.830731
20.814182
6.762682
2.237648
5.065172
0.101666
1.518740
2.559782
2.359274
5.601891
17.596444
17.037660
2.663684
1.913490
3.900657
39.711127
1.184454
1.340695
5.842023
16.155849
0.248930
0.164508
1.896407
0.930873
3.760294
3.312923
8.292540
1.708016
12.719174
7.643250
0.454172
15.561332
2.399006
3.787748
0.751509
1.124280
2.273068
5.443471
0.776160
1.209762
10.647880
1.904028
2.543955
0.737772
6.790403
7.702841
0.268402
6.459006
19.076006
0.825548
18.612882
1.167429
8.766271
1.467000
2.496974
0.525911
0.118960
3.638007
2.663293
5.933688
13.720872
3.775128
0.981547
4.430675
2.016974
10.907452
3.609414
0.169680
6.927802
0.625697
1.355687
2.019867
4.026250
30.906190
1.274795
13.714826
8.847494
11.735193
0.294638
4.817788
2.025454
6.587352
4.604999
0.152248
6.652386
0.394669
6.677996
97.722346
0.917386
4.341360
0.804314
6.246647
0.582098
8.420005
3.417380
11.293907
60.727643
5.847573
8.536433
16.733169
0.570458
0.836292
7.363789
0.565797
7.093516
1.016380
3.151253
6.959843
1.884293
2.158404
0.677307
1.165181
5.544406
2.429827
1.622033
4.914591
5.708019
3.479125
0.599448
0.652586
3.373841
0.691573
1.671738
1.551486
5.707286
0.117316
2.434604
1.029183
0.547644
13.047170
11.681502
1.369163
1.965403
2.290661
2.222457
9.169391
2.387758
2.123774
1.570675
1.269556
1.159266
0.606562
4.436880
2.440515
1.311039
0.954707
3.450220
86.122246
0.612503
11.797935
4.750885
21.728559
17.986935
17.650930
3.095946
0.697376
3.040802
15.634072
0.464255
6.754169
0.402182
11.252919
1.146280
0.977468
2.869140
3.025919
10.835815
1.741813
4.133358
14.503489
21.071809
9.414397
1.213830
1.294144
5.126651
1.248197
5.839916
0.961066
1.233153
13.436424
2.755697
41.359898
0.766776
1.766452
8.921962
7.305110
97.935657
1.558839
3.876414
5.728870
7.458599
1.075059
2.580944
0.793194
3.753323
3.593572
0.951290
19.876333
3.895722
3.760650
1.689253
0.678328
0.786403
1.500986
3.594015
1.602085
1.480705
4.410290
2.652963
3.297925
2.951928
1.994125
7.334156
1.517492
0.394855
0.835407
4.660696
0.615969
3.375697
21.523279
0.920714
1.805457
2.215017
1.268122
0.817210
1.016564
1.260612
0.805387
1.707093
3.889596
11.983234
2.063706
3.882224
3.343902
3.683079
1.605775
3.229658
4.511934
3.141702
3.924600
0.090765
1.524034
0.136435
8.106224
39.824710
2.753537
2.086449
4.774098
1.001809
3.349954
3.219463
1.239765
3.786443
3.912284
4.246369
6.106823
2.558957
1.289215
13.900488
0.736966
4.554029
3.148927
1.586141
5.762282
3.719951
6.207821
3.190022
4.707232
0.616380
8.374289
1.498101
2.241726
1.805780
14.173803
1.053766
2.090114
0.804248
9.553676
0.185728
0.590024
0.345035
0.345287
10.517124
28.906665
0.824215
1.792593
2.474408
2.988691
3.701106
18.933026
4.165479
1.374428
0.428701
0.493678
1.670608
0.585249
0.812621
33.905231
7.441258
7.847284
72.101020
0.902780
5.510845
9.114823
3.833318
0.956001
0.779762
2.347363
16.567059
5.704637
0.153599
0.644198
1.114353
5.165889
0.675506
1.640074
0.608682
31.199548
4.843766
5.607953
3.148094
19.606114
0.457718
16.037956
1.682341
4.465620
1.736302
2.583842
3.525491
13.864445
12.175000
0.679630
3.197006
14.810011
1.057842
1.811362
11.391831
5.628692
5.782114
2.108748
2.304556
1.442231
7.753632
2.112752
2.386963
0.184969
4.906905
0.544578
1.430472
2.238728
5.591334
0.584934
38.495535
1.947411
3.525535
1.069353
3.945291
2.093636
2.907979
0.826115
30.823623
15.710816
1.937433
2.416761
1.785807
3.526935
1.138927
2.432259
6.912199
6.907638
0.912318
0.385499
2.620255
15.678430
7.660424
1.703608
2.632625
4.530576
4.365705
3.079418
3.360991
1.437629
1.081975
3.339193
5.320798
11.352986
0.472251
3.052949
1.844883
8.703463
6.868572
0.559031
0.905705
1.535536
3.120425
1.647086
5.404148
0.250167
6.603635
3.530800
4.201110
2.448968
3.990051
7.640932
1.033273
1.657437
9.713755
4.558681
4.397382
4.589907
2.087148
1.980220
2.470478
15.478092
5.317970
4.133248
3.389825
2.388834
9.125997
3.276377
5.624780
5.527990
1.380158
2.647962
1.832582
7.312222
2.040221
4.210898
0.277416
2.527379
0.083724
3.553230
2.091266
5.686726
1.229284
9.540524
11.107799
0.623503
0.559001
8.001069
2.111325
1.638752
4.260791
17.131750
0.829854
2.707389
1.343550
1.754143
3.691463
6.196996
2.827754
90.753267
0.885158
5.521434
2.747215
0.942546
3.112695
3.084861
3.198104
3.717577
1.464251
0.140414
8.141654
13.979886
10.799286
9.396072
6.253286
1.183729
0.606481
1.373526
0.945667
0.717626
0.943228
6.422894
0.519885
4.640634
6.353193
2.076569
4.261363
2.256421
0.774328
4.243533
3.977613
1.072992
1.384434
5.677688
1.299616
8.476687
0.299377
0.282221
5.586526
1.183832
6.241254
8.840755
4.589745
0.604354
10.323655
2.070061
1.419735
4.013469
0.431625
4.325739
0.927921
19.863397
5.406960
3.345839
2.126912
10.855620
0.432984
28.128006
0.218202
8.950393
8.136635
37.330055
1.307859
0.880695
3.040947
0.646532
8.645983
14.441443
15.150887
6.318323
1.627911
38.714486
6.353755
0.611274
1.131302
3.862420
10.913165
1.635168
3.397254
24.166997
92.380122
0.803137
3.589720
23.668975
2.264055
1.220422
1.342503
0.154137
0.822835
6.634699
6.815984
2.762739
1.061022
0.485262
6.371234
2.909907
3.778941
5.909327
13.514578
6.543400
6.123768
1.307632
2.785733
0.684690
8.323080
1.475732
13.773878
6.887444
0.267214
0.917059
1.390498
3.272556
0.945247
2.724224
1.236279
11.542857
6.718803
7.660145
10.992272
20.656372
0.134970
3.886701
0.932142
4.199875
8.911509
4.056147
0.981825
5.792673
15.948041
1.281603
1.821971
2.275760
14.626667
4.899943
2.175084
6.856851
5.614608
0.293340
0.993766
0.790156
3.906934
1.429390
6.683652
0.738866
6.131963
1.009971
3.903719
6.160174
3.234913
1.829203
4.062182
3.782629
0.095673
2.341562
9.921715
11.614714
5.714300
1.279442
0.894698
12.803756
0.445519
6.333650
35.512813
1.142985
2.022950
5.859144
16.544153
1.261391
17.504961
0.405329
6.567876
1.009310
1.289329
0.153398
0.222950
1.715201
1.287922
6.833500
1.503296
1.517319
0.393467
0.497300
3.216158
0.943038
0.931996
3.507259
1.301154
7.112823
0.565099
5.573939
1.153541
3.677898
1.601751
1.987542
2.429339
0.880891
2.448111
0.156312
6.426719
92.293127
5.734217
0.910041
30.843835
3.254148
5.211555
6.043425
0.830420
15.178969
8.342433
9.710133
10.915315
2.778676
1.752177
1.222937
26.462615
1.372279
2.762220
5.574003
2.379234
10.813806
6.722081
1.403407
1.511254
0.938823
120.743379
5.254162
3.086374
4.491686
3.270635
9.122648
5.276922
44.030715
1.844941
3.707679
4.631011
1.286749
16.113225
2.177345
1.931277
0.670628
0.674553
10.083651
5.736140
3.219864
2.201246
2.912928
3.941382
2.285903
6.854300
35.344546
8.974810
4.236579
94.828280
2.048870
2.198985
72.543819
2.024362
1.661265
1.087514
1.752939
1.402567
0.931020
42.384570
31.853643
3.966319
6.695467
0.609115
0.322576
1.734053
1.161677
0.652293
63.336869
1.384228
3.999655
1.913316
5.502314
4.488597
6.363881
4.388801
15.139565
9.838246
0.844455
1.642650
3.834095
0.586448
4.934648
1.046350
1.460299
0.468992
0.469277
1.910685
1.225236
1.329857
4.395165
0.909655
14.896637
2.493844
4.343575
12.906590
2.069457
0.086251
1.533447
3.925474
0.262368
0.657327
3.123103
10.572875
18.615534
124.131803
1.149562
2.932726
0.990147
4.527523
2.709992
38.876414
3.018655
1.685187
7.798999
8.452988
8.020813
0.896023
81.211425
5.277272
1.609747
16.422699
7.758308
2.970892
5.483836
4.338037
2.940068
3.211578
0.747490
5.437268
3.289748
0.088983
0.389581
1.969162
20.428341
0.928233
0.808850
3.797353
1.238521
1.683616
1.564170
0.871682
1.512344
4.859314
1.392372
4.005443
2.210955
4.439529
6.086417
2.239529
3.599511
2.100982
0.652276
5.387219
5.508834
27.828912
81.669321
2.161027
1.188793
6.200657
7.015706
0.632515
12.146030
6.383424
3.258768
5.607993
6.548887
8.212289
2.078317
2.857694
6.157144
1.121773
1.276537
1.818105
2.931858
3.376087
0.793058
3.463352
5.592947
0.372551
0.678423
1.508602
7.746242
11.532929
3.235940
17.035061
5.266817
8.758409
0.951107
21.707005
1.801899
41.083488
8.516759
3.153219
4.991350
1.037992
12.635585
1.709587
1.359190
4.461192
0.356837
0.812654
35.947722
4.742653
6.668539
4.911766
0.706916
0.084942
2.794986
0.083657
2.526757
25.974931
2.506216
0.888460
1.568260
0.917913
14.517742
1.383346
1.369565
0.635400
2.985963
5.453899
19.272467
0.623215
1.806588
1.821113
20.543866
10.026326
0.646980
10.091797
7.619246
0.383182
0.733209
3.342267
8.102215
2.204867
2.849040
1.468011
2.244039
0.120159
8.814494
2.164193
6.189469
1.560387
9.904648
4.647939
8.451560
0.527696
8.846007
2.281303
3.380525
2.394100
0.868149
24.402227
10.858683
0.864956
0.994645
5.510247
4.989303
5.574732
0.704974
55.543793
2.129972
2.182660
5.405463
3.545211
9.471991
3.239000
3.662863
78.618113
6.249649
22.071337
2.132387
6.170880
0.613188
2.780648
3.681558
2.039989
1.180529
17.531782
3.015028
1.139236
5.172681
3.395776
3.024987
1.024851
3.123049
2.964395
12.376779
7.738311
3.086300
5.971085
10.646773
6.955001
3.198494
8.324083
2.855706
1.252084
9.068862
2.056839
2.532130
1.385260
4.168187
13.672669
15.877344
11.664532
0.656816
2.610515
0.153791
3.409355
8.302647
0.344799
2.183818
0.628837
8.026287
0.171906
15.672808
4.766229
1.998105
0.999280
5.798995
0.718508
1.442877
0.258454
1.285887
2.517003
0.461185
2.729768
0.778481
1.498961
1.172218
1.434625
6.474114
1.549071
16.359679
1.344899
16.993191
2.051901
5.601817
0.689424
0.929129
5.598892
1.525775
1.376069
3.677508
4.450369
1.208826
3.939111
20.396540
6.180384
6.512362
35.786604
0.912871
3.813501
61.965693
1.127359
0.324104
4.275762
9.354771
7.717157
1.511521
1.621505
4.930050
6.387204
6.496701
4.143057
3.164210
0.776705
19.260671
1.041436
5.793931
19.716865
11.811421
2.752737
71.476140
89.820300
1.482428
1.657047
2.962253
1.524903
23.578402
1.976821
4.593553
1.366675
1.608332
1.445836
16.408711
1.365939
3.446511
11.485426
1.398386
2.091744
1.763149
4.055120
1.256695
2.253518
2.733659
8.846516
12.009284
3.279690
14.304676
0.184175
17.612311
0.894938
3.416922
2.463686
25.400194
10.733440
8.873921
1.495834
15.482310
3.445449
1.144021
5.990387
24.372699
2.152433
0.763655
9.605498
5.660674
4.351829
7.262341
13.596147
3.108126
7.944410
0.656526
0.589600
2.116263
25.420518
1.213843
3.004662
2.615755
17.282297
5.586722
15.218340
1.593471
0.899796
1.355918
3.261244
0.124964
5.397445
1.455873
1.629045
0.950482
10.038174
54.843897
10.291927
6.130994
2.400426
24.186738
8.269481
3.070639
3.091305
4.846157
4.127712
5.474930
3.344663
1.394328
11.377436
3.018907
10.737379
0.715096
1.279024
2.751125
1.708704
2.409439
6.538266
1.119575
10.821000
1.292776
4.353920
6.815960
1.990699
1.822963
3.208542
3.468314
15.412672
0.209748
2.078128
1.965272
87.251873
2.099937
0.888148
3.628460
18.037487
0.178293
5.061053
0.167782
1.528404
5.327601
3.422783
6.664612
0.691775
3.512937
3.081615
9.100912
4.480116
0.936837
7.392659
1.633362
2.149231
1.790634
5.057727
3.954801
2.504680
74.423296
5.965679
5.848992
3.442392
63.761143
2.003449
1.140620
5.645868
3.039500
6.996556
2.723140
3.013270
6.899990
4.564481
6.191454
19.973564
2.178822
2.275357
0.557586
7.280638
7.168465
3.646035
2.184594
3.653942
0.978996
15.269090
1.964786
1.020513
39.355416
1.221044
5.597613
0.112675
0.076594
11.222873
3.139971
1.865952
2.270369
2.259962
3.672535
3.245893
19.032882
1.084307
0.565853
3.512802
1.617228
1.648040
5.304728
0.788602
1.928760
0.205642
0.194564
3.605919
0.787437
6.191046
1.213555
0.849519
5.447745
2.246274
0.674907
5.469603
0.316245
14.870320
0.150909
1.028256
6.022334
0.334151
0.757618
1.055001
1.250662
0.775645
5.466876
9.414253
0.193259
2.060318
3.365124
5.681012
3.154862
4.303847
0.955432
1.156990
3.867001
12.422739
0.295759
4.488917
5.712325
1.762272
3.090406
1.323342
15.028847
3.012061
5.581111
0.776512
4.672921
5.375077
2.190300
2.539064
2.917495
2.495875
1.420884
0.816138
1.886315
3.733896
1.283264
8.229359
5.465277
3.036302
1.465090
39.332937
4.947438
14.515615
3.555994
10.612739
5.655347
7.440273
2.627828
3.589523
0.775404
1.895321
2.986601
20.192697
0.353216
5.464480
3.794702
2.745953
5.402607
4.028167
6.117244
4.049732
0.773045
3.529246
1.072747
0.236197
2.362110
1.928382
2.732444
6.885506
0.366977
2.964694
8.669311
2.348980
3.733960
2.555418
0.390800
3.200320
15.479677
2.015883
3.934149
2.295143
2.358984
0.987129
9.855479
5.524979
15.014854
0.716425
2.527580
3.743728
3.312301
11.325240
1.311840
0.127556
5.854292
3.499092
3.201409
1.147172
1.149236
15.221846
0.154765
0.233043
2.153108
26.004874
15.086581
2.578397
3.337476
2.767153
107.067619
0.984582
1.965998
1.146778
13.485209
2.610589
0.693304
0.720867
2.734730
2.131172
0.114612
4.444433
3.704838
1.567393
0.863737
5.158978
8.554307
6.515514
3.231300
2.728083
4.744587
0.854001
3.408703
0.510331
1.179851
9.489707
1.297900
2.863530
6.635124
5.563102
2.168276
5.566627
0.802631
3.515990
2.643593
28.121579
5.736132
0.863637
9.943254
8.751389
6.234508
1.783128
5.535544
0.996281
0.558805
10.335004
0.377107
3.377320
0.623164
1.498761
1.399308
6.370976
5.789050
1.235798
2.408142
5.547793
15.491397
3.962487
1.145729
55.705210
1.696250
1.130683
0.740298
2.912252
6.306525
6.341488
4.882824
5.350073
0.424363
1.450000
1.298360
0.912269
3.393123
0.282774
0.997386
1.389365
21.714948
2.676650
0.977051
5.964220
4.030451
4.222506
4.563907
10.053803
2.069571
0.980741
15.676766
9.058417
2.210603
36.288674
5.303043
1.756214
5.519229
6.799435
1.901289
0.398539
1.528206
5.478397
0.407907
2.323931
5.093650
1.739312
13.375363
5.915259
30.546156
2.390492
1.398250
2.361819
5.367420
19.172823
1.873761
5.441642
4.928607
1.944454
1.507481
0.447360
1.207520
2.323854
0.748226
2.927510
2.952605
30.581997
2.017805
0.947819
1.230400
1.764056
9.084536
11.564921
1.295241
3.758493
1.253692
5.531826
0.094006
5.400377
0.144161
2.467954
5.186397
5.546344
0.642428
4.291625
3.741397
0.938745
19.861088
0.954003
0.570366
5.429786
15.143537
0.913436
6.430300
11.230765
4.480720
38.438611
3.718538
2.297967
3.269020
0.703288
0.924545
1.202350
1.838871
5.394409
12.592012
2.307265
1.793403
1.391270
32.020723
2.218880
0.889322
0.763900
27.914646
1.349493
38.797036
9.295234
56.564945
2.127060
3.622515
3.696430
7.844013
4.438602
4.556216
17.617487
3.853465
2.882457
3.600729
0.455127
12.366135
4.507604
2.471874
15.081480
11.062606
1.690533
1.022404
6.870106
3.203629
0.699803
14.795056
0.700913
6.176052
5.765229
1.703324
1.766501
7.755307
9.011182
1.694143
1.892966
2.477085
3.994187
17.017784
10.157026
6.242676
1.446016
16.971936
2.346015
4.363357
27.630824
3.287268
8.806856
11.184603
8.968555
7.954558
0.448765
3.164360
1.989107
1.979707
5.598852
1.610352
0.749472
3.501620
6.887651
9.342396
4.404972
4.596106
3.672734
2.426181
0.731198
7.128547
2.181306
1.008178
0.508869
7.173160
4.133401
1.970805
1.012216
0.559897
0.613540
0.075129
7.689626
9.519052
1.320269
17.140975
1.538230
1.340348
7.201934
1.397116
7.082348
2.134247
2.764892
0.828219
2.363564
0.229386
24.923766
0.156706
1.118154
5.697015
5.717070
0.146323
15.201500
6.854954
0.994230
9.099253
3.273206
3.295859
1.123010
2.456190
1.298007
8.367659
1.916669
3.579485
4.477017
1.028767
11.016797
0.139693
20.227070
0.584669
2.881530
2.123406
20.071884
1.898239
10.317659
0.114420
1.531305
4.476555
7.902734
7.472292
3.285841
18.969909
1.783739
0.240502
3.396550
5.151537
3.751159
3.340309
2.899370
3.321464
3.218782
1.543579
2.240322
2.244010
0.573554
0.927453
0.079826
1.857214
0.938071
0.306935
1.031809
7.786046
1.437711
94.461924
1.542272
1.552227
5.667488
6.570559
1.533934
9.968076
2.029925
3.218716
6.005749
11.801553
80.847803
5.964625
13.112058
4.554957
2.053972
0.804266
2.285603
4.452136
4.107114
0.894205
7.334640
1.026200
3.412398
0.503724
5.561877
0.812889
2.142995
2.034800
1.917479
3.835747
3.207798
4.860390
7.910836
0.676533
6.148350
4.483203
7.698281
2.217629
2.523131
3.838472
24.130485
5.670719
5.644132
0.095853
2.070576
3.296305
1.286806
0.623742
1.252670
2.465240
1.239395
3.213180
3.297163
6.112926
41.311355
5.611766
6.204210
36.837710
3.261420
0.978167
0.754955
5.547671
1.702111
0.462041
0.817858
1.417062
0.589022
9.747786
1.070829
0.542700
0.708543
19.180341
0.771281
4.379750
2.293978
17.581414
6.893671
19.385980
5.842213
1.258810
1.334140
0.472665
3.545892
14.293440
5.326116
3.049857
9.088589
4.186463
2.487895
0.092579
6.108152
10.716587
6.951275
5.608686
2.630224
8.794835
2.527808
6.458284
0.103188
0.558005
3.304465
1.425271
13.443872
0.157596
5.394165
9.748546
4.567825
3.550945
1.950957
9.289006
5.549671
5.196890
6.077429
1.631887
2.105693
1.526080
1.359457
0.269683
2.753498
2.293032
0.235634
3.062806
5.976063
2.168515
4.751299
6.154325
2.715599
120.307775
1.842277
0.111788
0.603199
3.162182
5.594944
1.010295
0.719866
6.262669
1.966024
0.751338
2.982373
3.587062
2.597855
17.031287
2.148783
0.233020
26.794578
2.362528
0.276592
5.818407
1.530105
0.744150
5.103631
0.625671
1.874820
3.595411
0.791698
90.573952
1.717010
0.415864
1.094342
1.986700
5.275379
8.997618
1.405226
0.582515
3.359596
25.888291
0.565943
0.661966
0.233791
3.478535
0.093628
3.390171
1.664743
2.413817
3.072388
3.433573
30.899903
7.858657
3.670555
1.151714
0.997068
7.128793
1.917797
23.180046
22.390962
15.119700
3.459820
4.041228
8.899371
2.070590
3.714984
5.738151
7.359906
2.841439
0.662992
1.837819
0.701302
0.360800
1.425989
4.085643
5.873445
1.269297
4.717725
9.679662
7.076537
2.058363
3.786980
2.355027
4.649520
6.827635
5.588489
5.939870
4.283869
3.005101
15.467485
6.058713
1.710630
0.560428
5.393094
5.540247
23.295598
0.466541
11.344512
2.261862
37.134923
0.313030
11.371809
2.239860
0.756289
0.773413
0.650399
7.497346
5.066912
9.013884
2.310909
0.079247
12.695975
17.846640
6.671564
1.782234
2.466449
9.338166
3.993478
2.959631
2.401195
3.612950
0.103764
0.838587
4.912621
3.332646
0.878971
13.593916
5.384284
15.501792
1.315082
0.084875
2.226223
19.585731
5.782413
0.461048
0.334056
4.046634
1.592122
11.443051
2.233741
2.520706
0.609190
3.336204
1.869711
0.122035
1.914119
2.423929
5.326649
4.969351
0.299084
1.448690
10.313427
14.974695
2.620547
0.111568
1.187607
0.957137
1.133568
4.319954
2.735031
12.514051
0.322745
0.611755
2.177426
1.033839
3.514325
0.686374
1.412164
3.061290
4.285906
1.295277
1.782300
0.843938
7.200522
0.316897
1.152335
19.732521
0.162643
62.258922
6.147587
1.357095
0.406118
1.095216
4.291344
2.379385
13.837331
1.075601
5.301800
7.521337
0.992585
1.350443
3.749035
1.420891
1.302411
1.444793
2.796381
80.273874
6.123778
3.402100
15.798772
6.783222
1.757813
5.714501
0.484727
1.571695
2.155601
4.577952
4.172716
3.663872
20.198508
0.506649
2.056252
12.587901
8.524837
14.639183
0.353535
3.078397
6.812221
15.882708
5.896805
1.465029
14.513604
0.578374
1.517313
1.414393
0.158986
7.991641
0.434667
0.365638
0.690383
1.377624
13.059501
1.895364
1.613295
3.251042
1.989335
9.771822
19.659667
3.710693
0.092559
9.298117
0.138993
0.230793
3.519585
2.781543
2.078449
3.741055
1.836316
0.703231
15.018936
1.280961
14.413548
0.427913
45.135355
3.703414
1.616461
3.078915
4.553164
3.527573
1.799664
1.300733
2.404460
10.431726
0.666421
4.706367
1.009775
1.714951
9.765578
9.074985
1.315106
1.320454
18.058298
11.834288
0.874989
3.740868
4.076530
0.976335
35.114503
0.621234
0.607537
0.107995
3.734282
16.447593
6.492883
0.685583
3.157478
3.533002
1.403057
3.231432
0.174552
5.416769
4.442413
3.564755
4.532122
2.152314
1.674229
1.905456
5.070742
0.871147
3.694523
4.804817
9.290703
1.410460
15.337764
0.755971
2.619370
2.809976
3.791676
5.139026
4.171269
1.404585
3.803277
16.763867
3.355343
4.363880
8.949993
1.553856
5.682144
1.032939
1.812249
0.621202
1.046882
15.899280
0.404750
2.760332
3.348849
1.709625
11.692513
4.692960
5.942834
1.758781
3.674409
6.753522
4.618622
3.983155
1.101040
1.981279
4.567088
2.178313
2.928174
1.662605
4.423184
12.079464
2.834034
0.741909
2.085314
6.306503
2.273209
4.558263
0.606506
9.540018
0.335803
0.142220
2.280878
0.576966
1.400172
0.777133
1.211249
0.641521
9.551214
0.913156
2.196086
0.208472
0.109647
3.286067
1.934916
2.925772
3.857227
0.267340
2.380836
2.095687
0.823292
5.462619
3.144423
1.937803
0.115637
18.399231
2.017953
6.755494
13.131276
1.490657
1.612794
18.397312
0.270781
3.547488
0.425248
1.638895
1.003710
5.919540
3.225247
7.000031
6.142354
5.528525
0.904965
0.960093
1.204385
7.081827
0.511768
3.938880
2.448016
1.667132
2.886734
2.132560
0.929021
3.547643
5.240556
3.099796
6.409044
3.642056
2.088787
5.335264
0.221012
2.387920
0.083264
6.069963
3.603464
38.362359
1.188967
1.432054
1.510273
0.768930
5.148163
0.966236
1.505445
28.989763
0.634003
0.081779
6.408923
5.305664
8.089953
5.488972
7.861782
4.762772
106.934552
2.147415
2.477759
1.581539
3.627294
2.463695
0.417707
0.735006
1.153232
1.172875
6.331125
3.377200
0.749891
7.943220
2.783395
1.478316
3.375145
3.676481
0.283875
5.581176
5.715215
77.057219
3.060214
2.720904
3.641820
1.330259
0.637606
1.381079
1.379295
1.560520
1.640526
3.904159
5.195822
7.475608
1.155110
14.913260
9.728606
2.449592
2.411093
16.021457
1.725473
6.759771
1.066043
0.081871
2.111592
2.690054
1.545466
5.462581
0.753473
6.476041
28.653806
19.570104
2.428536
5.506420
4.389273
2.520843
3.607742
4.903530
41.695845
3.290950
5.545682
0.567789
0.459137
0.387572
1.634545
1.401976
2.170312
3.705854
6.223140
3.153419
2.939093
3.629055
1.766545
4.796693
1.738993
0.091284
0.118600
0.632697
0.982062
0.593161
5.147222
3.626286
11.999912
8.014856
4.430880
6.095541
2.725062
1.432999
4.553245
24.598441
0.451204
3.354623
0.567163
14.463702
2.705964
8.039297
1.642479
1.739828
7.616495
1.404551
3.032421
1.429753
2.252536
0.487242
2.230618
1.217125
3.769801
1.529645
0.706723
9.683985
20.049634
32.852020
0.192747
1.180485
2.545664
5.579245
4.593499
1.338967
4.715025
5.687164
1.314866
0.965349
0.864601
0.536780
18.471280
6.513365
0.878705
5.508340
2.962568
9.081507
1.936298
2.948058
0.174374
13.343123
0.121620
4.207973
6.179997
0.708568
2.109042
1.865955
4.016201
0.090098
7.068942
3.831824
1.353412
0.118900
0.070397
3.216351
3.834564
4.044922
0.460684
0.076052
6.174166
1.901590
2.745674
0.213587
2.108209
3.530744
0.975695
12.312874
1.558175
3.529140
2.214378
3.681595
10.622935
3.521864
43.100513
34.624165
1.741695
3.145898
5.541411
18.231266
0.652288
1.866988
1.522494
0.781367
9.762450
0.621579
1.346406
0.350297
1.272587
4.071487
1.509924
1.233883
6.328123
1.321752
19.922460
6.075562
0.180930
0.978138
3.676185
3.564048
0.895592
13.436962
2.421578
1.118575
1.167198
27.039885
0.511288
5.566515
0.868580
31.073888
1.964689
3.193928
6.125302
2.523994
0.625236
1.433392
3.256723
6.862122
0.623196
4.394348
13.796019
1.314805
4.256075
5.508248
19.871974
2.037625
3.811809
1.781241
2.440231
4.914245
3.014802
1.043898
1.723927
11.659499
0.115317
2.088766
4.654165
1.305082
1.873495
0.641863
0.199710
0.072576
3.522928
1.111280
7.298637
4.814998
1.661844
2.968132
1.606042
2.042597
32.285683
1.523157
20.066038
1.075455
1.536805
0.622848
4.230110
1.758055
0.217698
5.310229
8.012714
3.669606
0.680322
0.458310
1.118585
10.205432
1.508132
6.167229
5.335457
0.177850
0.595985
6.490480
0.930607
8.240000
0.785690
2.018468
0.815369
1.188091
3.453204
2.008631
1.187492
1.724339
1.540645
5.370691
0.888683
5.856056
0.605666
10.111199
1.674960
4.348877
17.277483
4.580517
4.232240
0.655912
11.797853
5.270425
5.388307
0.114008
0.196148
0.080668
4.708587
0.622592
1.639048
9.717039
8.433545
5.548154
6.739619
4.840536
1.662445
4.973494
0.101912
2.668941
1.342814
3.064873
5.562202
3.823300
0.783130
7.476004
2.630720
2.303296
38.868977
43.234295
12.209502
0.955911
3.378679
0.174519
5.247578
3.598285
15.450221
1.301540
1.568727
1.446382
6.693352
18.862530
3.163372
7.382857
10.348424
19.701920
6.430374
3.612800
40.459284
3.644241
8.169655
3.353485
0.529229
0.858865
12.307780
9.258320
4.333761
1.468067
0.975884
0.087475
2.987456
0.275567
2.319424
3.297990
2.222914
6.140942
0.417550
2.863111
0.505839
0.664015
86.105446
10.144657
0.883678
3.490452
7.145553
3.073477
16.738496
2.630839
7.059841
6.259376
3.566035
3.518265
1.010032
0.797797
3.741638
0.970377
3.933997
83.096274
3.616866
8.211376
0.279699
3.523655
3.561086
0.102042
0.751864
2.431314
4.328149
9.057984
1.526468
10.358188
1.621361
41.808247
0.777596
5.448820
5.525044
2.719382
35.949612
1.968312
12.294504
2.095409
3.111784
1.480856
5.634542
5.705404
0.148484
1.921275
0.235263
2.140205
3.688476
2.306756
0.561977
9.352574
0.706041
0.946845
3.644777
1.174344
1.399259
5.805568
0.684766
1.363884
1.837396
9.236397
0.544989
1.208980
0.527467
59.357497
5.893033
4.449510
35.027385
91.776560
24.412595
5.924374
12.384683
0.110223
1.363965
0.596253
9.352146
4.552322
2.429116
7.710727
4.372031
0.163261
0.202797
0.295191
4.279018
1.995497
1.909315
20.392751
0.532324
10.825997
1.451952
4.626703
5.874846
3.632515
5.451319
1.249207
4.622868
2.531276
0.788879
3.055964
6.044869
2.078305
2.771646
15.163506
9.486998
1.473344
3.072609
3.566000
6.150683
1.182803
38.302806
9.850553
0.831644
4.232178
2.252414
1.753649
0.670263
11.066556
2.091948
1.238001
8.596024
10.591880
3.624307
3.083530
8.939477
2.270590
1.421697
1.834279
0.472800
1.785219
2.520958
14.496697
4.528980
0.653168
0.365341
3.668488
0.244140
3.790131
6.942080
5.833119
1.971202
1.165659
2.335005
5.293752
0.117897
3.306156
1.250076
3.632525
4.477749
37.331724
0.512050
1.030321
0.590089
0.940960
2.054772
3.163517
3.124811
1.355904
3.621468
10.409658
2.949585
6.061853
0.664002
2.447899
0.406585
6.704522
0.927327
0.667214
38.224992
0.361612
4.037752
40.477348
10.563419
1.749073
10.197207
5.534823
2.221305
0.097283
6.083606
1.203503
2.927151
2.431309
0.653781
0.994728
43.641044
0.372543
1.871580
3.217703
5.610457
2.136718
5.616502
1.649096
37.268361
0.283106
3.347369
0.608340
10.559766
0.571056
5.183118
6.926108
1.862826
0.849295
3.013730
0.687429
0.156489
1.087842
10.346519
2.978467
5.460702
3.524695
3.627099
10.565390
2.370938
12.269204
0.656914
2.793853
11.801426
1.125087
1.387382
3.468659
4.679563
25.442789
0.962006
6.656147
1.633338
4.559775
3.874391
1.620218
1.579902
0.210015
1.713970
1.911715
0.562917
1.667036
1.163566
2.771470
0.945582
4.446760
7.322755
0.158711
1.135790
38.850794
9.912793
0.581036
0.485962
4.853240
10.306705
1.790332
1.892433
1.098937
0.175778
3.006643
1.801490
1.309658
8.549290
14.107097
12.126006
1.369266
10.522651
13.599789
10.178646
0.266622
7.049116
6.184695
0.362150
0.857470
1.172074
1.631924
3.424389
7.910867
0.126731
0.145902
13.196211
9.383838
0.288183
2.111869
2.311193
12.015986
0.706952
3.071945
0.929082
4.541454
4.205689
22.319181
16.863479
16.430820
1.432296
1.646087
1.516839
11.867753
0.728154
0.104112
21.990622
0.409069
0.979237
5.916205
3.486067
2.371828
8.464864
3.766630
1.678044
3.549308
1.035196
7.125727
2.025010
5.412632
1.824325
5.359459
1.378706
3.422010
1.603225
1.558098
5.827242
5.897238
3.002695
5.883810
1.177289
1.920667
0.455781
18.368991
1.639374
0.646807
3.079920
0.085506
5.359685
3.108184
0.264107
1.044414
12.206966
76.846719
1.313371
1.065092
3.757809
1.510043
1.814969
30.697355
2.855966
1.481490
4.567754
2.722666
4.633556
6.396023
4.797355
2.228063
17.718481
4.900695
2.509099
0.702601
1.496007
3.390418
1.236818
11.055956
0.514564
2.775273
5.621724
3.362627
1.005227
2.649978
5.341262
1.774593
5.505924
2.419198
7.433734
2.621129
12.876330
0.425269
0.332289
5.918824
0.881436
0.931905
4.798268
1.038142
6.449988
5.444263
1.731596
1.088858
1.763256
3.577568
0.402996
11.386019
0.947670
18.334185
1.726939
1.345875
6.201612
1.435997
2.663838
1.205348
2.136552
1.652175
0.703417
0.971871
8.849171
6.388104
2.441668
6.310291
0.904754
2.322997
7.062424
0.277560
5.421596
0.940595
1.144229
4.841614
5.412364
1.040810
0.586044
1.182289
0.457119
8.647929
4.141413
62.210612
0.289914
3.134163
3.020909
14.863270
5.956548
4.705808
0.402071
1.272931
19.614107
13.256667
5.217794
0.797561
5.484911
2.150745
2.867884
1.368401
6.164446
4.925763
4.957739
0.677092
9.357045
1.476866
3.411853
1.835423
23.149980
7.020241
1.757839
0.822872
3.526740
32.521658
1.284318
0.876580
1.702544
0.223219
26.125737
0.858629
5.275156
1.313145
2.076621
2.971777
0.895660
5.377087
9.836354
0.630317
0.778640
11.886701
5.491452
0.094443
1.126725
3.794454
0.959100
5.227438
4.955026
0.586195
0.906266
1.466951
6.230470
29.294621
1.274272
3.236301
2.384960
3.150826
8.290848
1.285061
4.704364
0.594091
3.591131
0.554729
6.133012
5.545627
0.169678
3.375691
4.082185
1.334862
2.680404
0.634990
3.832780
19.875087
2.126731
5.437220
1.974262
0.148548
0.422599
3.377839
2.681650
14.458446
1.481447
0.674289
10.656040
1.579751
2.953165
11.393422
3.593680
0.131131
6.109410
16.712519
1.162115
10.284501
3.563857
3.776518
4.680205
1.557640
0.976380
2.993340
0.494934
1.390224
0.643789
0.074631
0.083271
0.261143
1.564667
3.423157
5.952899
0.771910
15.687098
6.066240
3.091874
2.911218
4.206242
2.355914
0.649807
2.734235
4.468725
1.683004
0.231091
1.095994
5.670472
6.327763
2.144748
0.605217
1.586151
7.009848
23.164375
5.370513
1.886339
5.496496
9.913959
4.489150
3.094917
0.598136
0.080593
14.328206
9.944021
1.999039
3.543461
3.338370
6.341964
6.013510
1.724900
6.106866
7.483483
10.037297
0.117680
1.509060
1.104440
2.113394
0.777142
1.475151
1.141723
1.652748
1.133460
2.311232
7.114625
5.506076
4.343568
2.226425
4.906989
4.806129
0.094429
0.625026
40.649928
5.668321
4.151975
5.947724
10.071585
0.181234
1.026745
5.902295
0.811467
1.271072
0.613742
1.425508
0.874826
5.387231
0.285568
1.166961
0.549633
17.436108
3.886649
2.713752
2.581008
56.807302
6.057366
2.496273
0.863815
5.235230
0.606607
5.254742
0.621326
0.599495
0.944580
1.084919
2.118799
1.641322
1.453872
21.754880
0.648419
5.360800
0.210581
2.192950
2.595729
10.898201
3.060895
0.922881
4.517309
2.869073
14.749840
1.740132
1.993814
3.154062
1.817157
3.802868
3.341238
3.877113
2.235108
0.257892
1.302031
3.252856
2.573202
1.502202
0.557032
2.761558
2.004651
3.895476
1.020179
1.487715
1.025396
0.111531
0.073022
5.231255
2.309732
3.599045
15.201500
2.069525
6.777838
1.308855
1.257282
16.453540
3.462801
33.809239
6.892257
3.004652
1.363180
2.815265
14.729893
7.345103
1.629074
0.259847
1.574140
1.970136
8.869657
12.687524
2.067731
19.602368
1.637699
4.086588
0.623448
2.416247
12.094854
0.744793
1.561908
3.592715
11.258533
7.191633
0.519631
1.151358
1.362022
2.991909
1.097260
1.624209
0.288058
6.384420
3.546150
0.519636
0.887189
1.000561
0.678124
1.942709
7.649120
6.008676
6.119769
1.321289
12.475423
0.774057
1.997795
0.934915
3.584230
1.094767
6.121961
0.632900
1.948815
0.109013
0.193996
4.407580
2.974885
4.553720
1.365412
2.865893
15.389619
1.212374
17.618652
4.387336
1.570819
1.577605
2.581917
2.785722
0.854287
0.142735
3.226460
1.063567
2.828619
11.075112
5.832754
2.297231
0.532729
3.791833
4.618519
2.069958
3.080536
1.708925
20.179611
1.951434
3.989478
72.248150
1.367725
4.416978
0.762146
5.744519
9.183317
2.802564
6.087709
5.860020
2.338780
8.682800
0.432322
0.880428
3.710136
1.812474
10.985316
0.284435
0.859370
4.849765
1.602415
1.673259
1.011800
3.729696
1.849772
1.538709
3.019654
0.660815
2.000480
0.834575
0.713892
1.607592
10.330609
1.781662
31.514130
5.439165
12.283807
0.630316
0.617259
2.525248
3.222403
3.598274
4.855783
9.225013
0.826914
0.573757
1.938760
2.143379
1.618352
8.783005
0.647718
5.422965
1.895404
9.951856
0.121256
5.680797
3.807734
0.105104
2.315223
7.023904
1.141952
5.766070
5.788397
2.691682
3.473654
2.755982
3.962371
0.945404
1.458525
4.150404
2.056231
5.419334
0.922354
68.549162
5.391966
9.938542
1.195663
2.598123
3.096668
2.111807
1.535598
8.537504
1.481077
12.886735
2.063672
0.798075
2.247240
2.773860
15.033359
15.810723
6.271241
2.970787
7.129737
5.689157
0.589958
0.674644
1.631263
3.913928
36.206351
7.105921
2.217307
1.722385
0.707678
0.499676
1.088127
3.701587
5.252093
0.716846
14.972082
2.185499
1.082588
0.499199
2.004187
0.817164
5.276338
5.393716
2.279350
0.791209
6.270751
3.012214
0.351949
2.097967
10.265265
0.936973
1.407057
2.185080
2.144594
1.379959
2.314308
0.134850
0.592356
1.485732
1.229474
1.872974
1.787051
2.118865
3.149220
15.120887
3.191439
2.650812
1.780483
6.134617
16.428636
4.591437
0.102724
0.668766
1.006245
0.100872
0.266082
5.646346
6.495766
2.096015
1.990137
1.422736
0.084634
0.200741
3.411994
0.095488
1.138415
7.711500
0.566962
2.966236
3.373849
4.759431
3.058772
0.914698
5.529124
3.962643
22.551228
2.134247
0.704374
1.050452
15.384864
2.014392
0.665851
24.874982
0.664125
1.314404
5.619067
1.190925
5.810762
6.135610
0.103815
2.148317
6.167237
3.659228
0.618426
0.631310
1.037917
8.925095
1.300609
2.403319
0.457705
0.076267
56.832655
3.166428
13.557847
6.210000
0.462529
0.555979
1.946031
7.506439
4.320823
1.981790
1.514526
0.781865
16.851026
10.747933
4.550077
5.147964
3.798750
5.521640
5.369625
0.964087
0.887358
5.060306
10.013252
1.066280
1.562746
6.172766
4.859532
10.698177
0.755624
0.629888
5.509603
5.631326
4.011791
5.372360
4.793941
0.294731
2.399691
5.281263
4.587900
3.289605
3.770804
11.804929
1.455262
0.348693
5.358036
1.644350
1.924992
0.369358
0.753469
1.186772
0.912353
5.002083
1.178699
35.707931
6.136223
0.414033
1.043878
1.168920
6.624741
1.550364
2.071006
3.622529
9.070193
4.440339
0.744358
0.584716
14.687685
2.941255
2.343199
2.639098
5.549100
1.659127
0.169551
0.781279
2.203229
3.674676
0.564366
6.796593
3.191462
2.448086
1.129070
1.482046
2.377106
2.011031
3.316314
2.964660
0.669539
7.947659
124.755783
0.938250
2.242967
1.284273
8.978507
9.634007
8.903232
6.673112
15.076321
0.250292
2.903294
2.318448
1.167076
5.417674
0.929844
0.082939
1.064315
1.129921
31.011741
9.876891
1.030516
0.748450
120.862205
0.689353
0.866361
1.033507
7.160498
1.484192
2.028382
4.847037
1.674070
3.685483
3.723879
9.388265
12.098198
0.905979
0.918962
0.636052
2.243825
0.654041
3.731631
3.728493
4.733475
2.188363
0.968565
6.598264
0.294869
1.123851
11.406680
0.293654
1.055557
3.219339
1.265675
1.142933
1.486634
1.795328
2.272056
2.258758
0.611515
2.837203
4.675890
2.976967
0.886531
2.291585
2.092692
3.256217
1.954321
3.580145
1.430818
2.265153
13.505989
5.994275
7.602990
2.113706
2.464456
0.556305
1.871421
3.245531
5.609677
6.184373
1.738596
4.922434
75.778890
62.422319
1.479624
1.977148
1.271710
1.858833
1.114351
1.325345
7.559179
1.176924
1.181912
4.530328
0.556800
1.972805
1.643529
1.104788
1.758776
0.630821
1.028839
0.555243
0.176120
0.511447
7.527247
5.454896
4.330980
5.474049
1.493153
0.539747
3.285696
0.659737
7.118405
1.407683
15.154737
13.999128
1.154018
0.408366
0.628725
3.741978
3.027273
38.168459
0.737397
7.346876
2.900732
7.144761
2.577042
18.248936
0.681031
12.165184
18.985098
5.453411
12.419700
5.613713
2.132483
0.089111
5.500410
0.398725
3.082067
0.471419
1.928898
1.253234
0.724711
1.883819
0.704588
5.812175
0.647836
4.225542
3.511693
4.939080
9.100890
4.592718
0.370831
1.530353
0.985480
9.093075
10.945616
3.023828
0.900324
0.956541
6.395197
1.840276
9.769305
10.378220
0.635482
1.583025
0.480325
2.345465
3.396720
0.357210
19.015442
6.978684
4.342539
2.187318
4.491667
0.215277
0.684657
9.426317
0.669815
0.915778
12.055361
0.809578
1.813845
2.009103
18.905075
0.176272
5.221634
0.880116
0.958166
1.842453
14.794427
0.242435
0.859787
0.937376
0.147269
0.069325
6.876533
5.361978
1.350251
2.613070
4.013350
0.250642
1.469490
8.791371
3.698434
1.172021
5.513562
5.634003
6.137760
2.111211
9.040140
5.549012
1.147779
35.137597
5.505467
9.597594
0.339181
2.461230
1.812209
6.162098
5.549811
2.116877
3.435032
11.205161
4.496812
12.826114
0.627932
0.813966
2.602945
1.531753
2.814810
0.569393
0.903700
3.412218
2.265109
1.402205
0.779631
9.425558
1.388326
1.048062
1.898814
0.942010
0.649182
3.870098
16.364542
0.429622
5.672535
1.480530
18.866994
7.896424
15.167681
0.419520
1.794521
0.941189
8.678330
1.384185
2.291303
6.957314
2.813695
1.305617
3.415513
7.879527
2.453929
34.949046
5.650841
1.066387
9.234006
11.682210
1.809377
0.591249
0.073886
1.771653
0.703261
3.097290
2.120758
5.512103
0.882682
2.150345
1.006506
4.066209
10.176802
5.554739
13.709494
1.992033
11.664641
12.134444
0.997926
0.099965
9.305741
4.079191
17.090414
10.520807
2.472546
3.412343
4.482428
38.086120
4.420175
6.080638
5.530958
3.401708
1.385362
5.223617
5.898462
6.123786
2.107999
1.893539
1.035444
3.135908
7.288293
0.189511
3.047309
0.675792
1.019916
1.740999
0.764710
87.888698
2.973367
9.634329
0.715233
3.439674
5.709610
75.729012
1.592022
3.137945
2.770529
1.541371
0.346962
1.615697
6.272676
0.327993
0.821209
2.752854
0.952663
0.557822
4.369150
8.339272
8.210907
0.734524
9.313746
1.407495
5.741419
2.215346
4.765616
44.517215
1.769260
5.654463
5.601095
1.074274
0.599794
3.442154
1.202221
2.375667
0.084489
4.922016
3.945245
5.779864
3.238693
1.496010
0.566376
0.221058
5.399024
8.019291
1.741896
12.822986
1.218593
2.230671
3.428674
1.361402
1.568478
8.439933
1.113809
2.483773
1.229311
2.630899
2.595328
1.591024
0.979985
6.054196
3.065289
3.738153
3.692724
7.377302
11.553929
7.940092
2.234649
0.424757
1.717034
1.697016
1.772507
9.273943
1.235184
0.618085
5.598290
2.206679
2.241280
0.666707
19.247140
6.596112
30.953293
3.089076
0.750291
8.709000
0.684674
4.768321
3.079983
24.761232
1.230957
1.407378
4.323030
5.337176
2.004202
3.528851
0.884789
5.038988
0.689406
1.307276
4.187830
3.560565
1.618609
5.387065
1.924020
1.526368
16.980685
0.870304
0.747096
1.253224
1.833023
15.260526
90.479623
1.343944
3.578262
16.122380
6.347873
0.947323
1.054213
36.290745
3.129265
4.752463
37.432448
6.629219
0.159975
0.543156
6.133610
3.561885
2.288545
4.024029
0.970282
56.917052
1.809351
4.607968
38.774447
0.755130
4.508053
1.427503
1.070689
0.574947
15.173486
2.099113
9.703033
9.539212
0.289616
19.211296
1.737744
0.591624
0.699997
0.448565
7.862668
1.406396
15.669603
18.094513
5.911862
3.238216
1.674031
14.135293
0.851551
1.221491
0.903423
3.059084
0.624675
1.226575
4.422029
1.339163
1.173820
2.825884
1.330124
0.906788
3.064655
0.556455
9.347827
0.947579
18.240257
1.083290
9.144442
5.426563
12.644580
2.721451
8.798268
34.084874
13.977148
0.284384
2.166775
2.448440
0.568245
0.128741
0.527614
1.019599
2.564940
2.385710
0.816525
2.309213
1.949589
30.499699
3.858935
2.547051
5.282699
5.763014
9.608862
6.464362
15.135696
1.726574
1.157721
3.395702
1.301570
2.277423
2.730531
2.041656
0.833366
13.989762
5.119263
5.173619
2.925630
2.742329
1.253346
1.999361
0.195740
2.330352
0.536758
1.239130
2.849853
2.552347
2.001293
20.268304
5.236533
2.050340
17.323667
0.792209
1.615972
20.860283
2.013788
2.286686
0.345000
15.728079
17.058532
28.127574
3.236030
4.875303
1.552321
1.853495
0.609778
0.118240
1.441640
4.226272
3.144355
1.282466
0.403196
1.105669
3.647406
3.227985
2.133698
3.843976
1.387451
2.594265
0.556756
4.053245
1.662075
0.231851
5.280820
2.592463
8.439220
0.366055
1.861971
0.688420
1.450927
1.386775
0.671707
3.139618
59.511583
1.667688
1.603143
3.035184
5.456525
0.801150
1.376022
3.385086
1.295881
13.972200
1.223414
1.303830
3.458677
4.744654
2.008628
0.784741
2.977054
1.372144
5.576938
7.532196
2.005284
3.332690
9.811533
1.933298
5.532639
3.082308
1.009193
3.809273
87.455131
1.049874
5.934493
2.501229
0.583312
1.259502
2.507668
9.062056
2.289146
3.511114
22.530872
1.397062
11.846795
0.689843
17.179588
1.914191
3.645996
2.200479
5.177999
5.195170
1.134355
4.710175
0.595404
1.573585
3.878656
30.489055
36.960154
4.519570
0.841765
0.568106
2.405204
2.314367
4.818036
5.708747
1.013119
1.039089
1.684520
1.388149
3.888605
2.492166
0.504826
4.285241
1.768863
5.548233
4.387663
1.973228
6.853527
7.114971
10.136319
1.198556
2.731840
2.565271
2.784749
3.651747
1.158468
0.087196
3.343698
1.032129
8.648441
0.938828
3.660716
3.533080
0.170149
1.186962
3.532419
3.062049
8.294039
3.537347
1.987649
0.326654
2.057641
0.894811
1.737840
0.257884
0.523808
4.715125
3.299155
0.564040
2.242167
1.436989
3.199490
3.715448
0.781261
3.392712
0.117387
3.572265
0.180103
0.565611
0.380033
2.104715
0.114825
4.582776
2.159767
9.622467
25.333792
5.721303
1.872592
5.509608
0.141895
0.740825
4.281861
2.982482
1.289674
3.217898
3.027147
9.101741
0.126104
4.469697
2.645874
0.577071
1.042157
3.066272
1.550366
1.568830
0.082793
3.974326
5.778634
0.817989
1.870881
1.062656
3.496114
3.448385
1.363658
26.696601
1.529634
2.229937
0.623845
11.687685
0.178698
5.562338
2.203641
3.668375
5.873731
18.029012
1.885072
0.240429
5.088170
2.285145
2.749739
5.358746
5.129875
53.214009
1.897710
12.630364
0.764224
3.522691
2.750812
24.672573
2.704516
1.557000
0.694271
3.418416
1.406661
5.590510
1.830912
3.823940
1.370225
4.465027
1.364303
2.057126
2.204903
5.680467
1.585314
1.643494
1.826231
5.113551
15.166193
2.025201
3.379618
1.401578
0.084139
0.645643
1.840824
3.085046
3.472061
1.989209
6.970685
5.385294
0.913327
3.304503
4.212650
6.812131
1.604171
3.829874
0.894356
3.660908
14.991788
0.505113
4.247558
3.016982
7.805668
3.130339
2.002831
0.808048
1.995339
6.691087
4.209012
2.218298
0.779689
10.291651
1.849333
5.859030
15.756303
15.354088
3.686681
3.606581
2.833196
4.492401
2.509127
2.969436
1.657469
5.581609
4.825684
6.136991
5.853979
15.996234
2.236951
3.374359
0.500073
7.583082
2.087877
5.236557
11.855040
1.474201
3.976031
4.688917
3.153821
5.534894
15.258712
1.674337
1.295776
2.680760
0.526834
3.440502
3.946636
11.932692
2.864729
1.416838
0.083496
2.960527
59.229734
6.245528
0.963460
0.625914
5.218177
2.802906
3.612420
1.241560
4.155061
3.831182
5.603052
0.588881
3.464577
2.519632
3.929401
1.686440
9.481932
6.810224
5.530718
4.064138
0.790370
1.144052
1.159094
0.591109
7.597981
8.837293
1.366421
4.174689
2.622998
3.726414
1.066938
1.624766
2.459087
0.092444
3.735924
1.302523
0.103985
2.495570
3.296828
18.926384
5.496697
1.416464
0.763659
2.926687
6.195735
0.253305
3.873680
1.498356
0.592150
6.113686
4.569085
0.117158
0.165676
1.793859
0.123459
2.626969
2.479670
1.678347
7.694322
0.714789
1.844893
1.558194
0.304446
1.292961
2.313991
3.756788
1.627760
7.525160
4.561544
8.593459
5.825001
1.952006
9.527679
0.610670
0.563350
10.422250
4.414677
7.978619
5.387369
4.747766
5.487298
8.810214
1.899457
2.791318
9.866494
2.932689
4.750588
1.000313
4.749104
13.513984
1.573087
0.973290
17.285796
1.554284
5.768388
3.982806
1.472910
0.567532
5.278280
5.217958
6.384188
5.142671
12.644691
0.139052
2.875295
2.980957
1.253261
1.498215
3.895020
2.783633
0.572426
0.584435
1.065886
3.178758
3.509660
2.744323
0.586563
1.645363
13.618811
0.114406
4.705867
1.156280
1.129350
1.757209
2.194718
1.430718
2.441686
2.668999
6.935629
2.280866
1.331167
2.778967
0.916573
1.587605
1.833147
16.601553
1.001786
1.513978
2.622270
2.237137
0.081650
5.195151
1.374759
11.798860
12.417607
0.292246
3.403909
6.155490
4.654614
0.437968
2.298968
5.102541
6.467164
5.182907
3.462711
0.102758
4.811972
7.485475
12.477076
3.238046
0.785169
1.953440
3.104946
0.632445
1.124045
5.729017
0.146100
1.933747
0.086436
0.116369
0.618508
10.036789
5.322698
1.513220
3.156141
86.872210
1.544871
35.569825
13.366016
1.974494
4.388412
0.891340
0.075916
5.987448
11.470715
1.836992
5.392929
1.721277
14.801965
1.742477
2.256939
5.081240
12.138599
1.960855
17.362284
8.266545
5.638425
0.571856
1.902421
5.157377
0.800677
4.929811
14.180834
5.568158
3.133174
1.714140
0.422381
3.319016
3.624847
8.305924
2.511476
5.243448
13.769338
0.249282
1.070406
0.471299
0.600141
4.361096
1.864595
0.759346
0.516428
15.282691
1.477997
1.896518
11.841425
5.872107
7.440415
0.225724
32.899029
4.131648
10.658050
6.549648
3.396023
3.284881
1.405348
6.931867
1.819571
1.356508
2.918652
11.209060
0.922320
5.202946
3.839833
19.942971
7.426711
6.271241
4.115700
1.424454
9.507165
68.513977
9.130528
34.914615
0.196404
2.401625
1.897338
5.532704
5.104747
1.271902
2.224940
1.506499
7.275203
2.577995
1.989457
1.520297
0.816287
4.941219
0.104016
1.467233
3.737381
1.343263
0.473357
2.411403
0.450859
36.501203
3.001952
1.810377
1.454719
0.707620
3.902659
0.845796
1.393733
5.155291
79.118582
8.751780
0.654175
5.431348
11.167628
3.250579
2.528486
5.177369
4.098533
4.415094
6.252075
3.312918
1.336210
0.672861
6.629649
7.055284
4.647065
1.478114
0.797104
3.587461
2.280766
1.563650
28.585405
6.731282
0.944283
5.151176
3.707105
36.027962
4.046538
3.959595
6.144782
3.684692
0.883167
3.486915
62.766745
9.150512
11.213433
1.015296
1.024870
2.694948
14.330952
3.871272
10.132690
0.523584
0.597254
1.650099
1.228795
11.049365
1.456736
31.404547
3.427250
1.824751
1.084540
0.190539
8.134138
5.142341
6.313553
0.119820
0.961886
4.959994
14.857462
10.414552
4.651545
2.533593
3.839433
8.132020
2.468114
13.507264
18.955498
1.907909
3.744889
1.223838
3.082698
16.083114
1.170139
0.646824
2.950299
1.062238
0.692605
5.673033
0.110412
4.809719
6.030769
1.613928
3.705865
1.397591
10.067421
15.730113
3.824009
3.699680
1.561469
11.371135
2.958326
4.334091
0.645008
2.066956
1.191996
13.360207
1.217856
0.385511
0.712589
14.990109
2.970074
2.432375
0.617579
2.091336
0.764199
2.917094
2.321159
0.643022
0.664629
0.590294
13.880271
4.465155
5.289046
1.671461
0.840113
91.023954
1.836815
2.401337
16.158837
20.543441
0.938973
4.077352
4.797130
1.115864
2.873951
1.509138
3.179358
3.858173
1.126960
0.116059
0.931597
5.417925
1.984433
7.511582
1.351160
0.436275
25.269812
5.512662
0.671851
3.390788
5.742838
0.221959
0.687183
2.964862
5.862163
7.189844
5.595182
1.366848
40.496898
3.281174
2.836502
0.092899
3.844642
39.315280
1.256602
1.780076
3.598088
1.371161
3.226876
0.127070
0.786398
10.660668
11.514347
5.563290
0.757258
0.654070
0.126598
10.371518
2.168696
3.148873
2.966668
31.241813
1.927002
0.862448
4.515893
2.791996
0.391890
1.284167
3.894877
5.241579
1.724647
1.872293
4.403068
2.825177
25.411305
21.528442
7.774940
0.363765
0.850681
0.080189
1.489782
1.479464
15.037831
8.384096
0.802379
4.997777
0.344336
0.599776
3.111205
2.714444
0.158057
1.256834
9.850109
1.937942
0.082365
2.889095
11.452556
8.139197
4.836399
4.513996
6.088094
58.691461
1.712095
1.144940
1.823642
3.408160
1.862073
1.754339
5.618311
0.481983
1.035851
1.209543
2.858000
0.618451
2.902627
23.052590
2.580688
1.206281
4.319048
4.254722
1.099231
57.872222
1.680944
0.100908
5.375558
1.861185
5.310063
5.328621
8.229670
0.607460
16.979740
0.620415
5.220363
3.703424
4.098062
9.350115
3.267265
1.973445
15.013591
5.615288
0.970629
1.607893
0.235412
5.482442
0.691970
0.714686
1.943241
2.201376
12.934342
3.697143
14.891856
1.062411
1.620145
1.500388
2.427483
5.457278
1.183994
64.537739
18.163139
2.236078
0.166918
14.945924
1.951382
26.246528
7.311932
1.889005
1.621939
1.150391
2.342931
8.994087
1.693412
6.079131
1.519658
2.132780
10.651982
2.117231
1.190521
2.581047
1.543283
0.585269
2.699242
20.241857
3.930740
5.451848
6.927399
0.680989
2.665238
1.150385
1.074206
0.666956
1.802216
3.236227
5.076521
0.632607
5.275017
3.653047
5.327420
5.110014
0.669452
5.356262
0.602276
1.924714
42.397262
1.549521
0.677456
0.533291
1.375506
12.700466
1.013471
4.573528
1.517776
2.841028
0.891317
62.597412
3.893908
2.100544
2.114459
2.982142
8.161024
2.379902
5.014000
0.687141
3.099378
0.985671
0.451412
0.398930
0.073983
1.700989
0.319402
9.003216
3.166246
0.208579
13.601348
10.598995
7.364535
6.773089
4.226900
0.940207
10.894911
5.444706
14.420231
13.113922
0.632990
1.728090
2.087498
5.972509
5.446068
10.010587
5.034060
0.692979
2.695595
9.719768
2.494678
1.837615
0.867794
6.984948
0.566501
0.625043
1.200937
2.608657
5.549127
3.343284
5.240098
7.260719
5.150703
8.959087
3.783857
65.508138
3.130249
13.512296
1.000217
0.786201
1.928873
1.001424
2.143577
0.978078
7.012096
0.289139
0.211010
1.376626
1.400775
0.772163
0.536094
0.561614
24.340594
6.555478
2.143680
0.655387
4.202301
5.983195
1.415406
1.195660
2.707457
1.838810
3.733800
4.822538
0.844826
14.758511
2.415484
15.271576
1.556978
1.301391
5.463266
2.153814
2.769320
0.774152
1.237025
19.077877
2.358314
0.105171
1.200938
0.339334
1.927947
3.922793
1.531028
1.495469
2.582449
1.350395
6.036682
5.178299
4.064041
0.758293
2.038660
1.558050
6.612516
15.235111
5.080934
0.950091
0.966358
70.053910
1.308628
0.906361
5.897081
0.616417
2.776210
5.536023
8.875222
3.776271
3.415603
0.996506
0.781331
1.495323
5.688864
6.745768
2.066803
1.699353
1.529203
1.233538
1.597024
1.000057
4.019211
3.347956
3.427726
0.611813
13.611543
4.148981
1.343510
1.232760
55.897327
13.340443
3.708409
1.845200
0.799816
0.346067
2.703211
1.962070
1.424246
4.825724
0.934574
5.162075
0.856062
2.314407
2.541883
0.792009
3.139702
3.885751
3.847964
2.943697
0.151441
10.585028
5.936283
1.387943
3.481601
1.470871
20.904405
1.785549
31.666995
10.948899
2.249447
1.085107
3.545096
6.765461
1.389332
0.586259
3.263462
0.472679
5.039420
2.270448
8.240060
2.405730
1.353946
15.466078
1.606574
1.721607
3.840826
1.093511
8.103091
0.614012
1.894535
1.108880
1.318981
6.354552
2.179289
0.107710
15.504625
1.893085
2.038294
8.401364
9.182289
10.365595
13.662209
8.149370
2.916537
4.140172
2.644235
6.393804
3.302969
3.607944
5.133244
5.491166
1.453653
9.382586
7.000597
4.617578
0.449675
0.082700
2.648416
6.548899
6.219022
1.161406
0.965448
2.277524
0.897477
4.169967
9.281605
11.617085
0.315628
4.771900
2.028355
2.690775
0.806958
5.882121
1.959917
1.846739
14.225894
2.502512
1.059723
7.382970
0.153677
1.416108
8.744984
1.052826
5.774154
9.211662
1.050651
6.473945
1.167054
2.651619
1.248881
0.295815
1.900063
7.758246
1.034817
0.690449
0.698994
1.051705
7.234472
0.720681
2.859540
0.751547
0.806768
58.593256
5.152610
1.826084
0.633826
11.543098
5.560868
1.761107
4.271287
0.967405
2.109027
0.533392
3.169879
5.438401
2.024159
2.942954
4.140642
1.145093
16.983899
5.210657
0.586117
8.388608
16.736939
4.341242
2.724263
6.387071
0.660116
5.531492
6.894108
8.040738
4.443982
0.812002
3.361757
6.360034
3.445205
2.111109
1.317947
3.456684
7.579949
1.100102
22.281985
0.631578
1.864960
9.061406
3.704711
2.970649
74.163649
3.664064
3.468491
1.536699
0.127713
2.254449
3.464100
2.010709
1.653988
2.306713
1.358380
1.409166
9.074068
2.248645
0.959744
0.638142
2.050822
10.191477
1.149198
1.612241
1.295725
6.254672
73.239992
0.647442
5.705295
5.967314
0.291272
2.267717
4.813443
6.333731
1.447105
1.645819
25.390416
0.511382
0.787778
0.083073
4.523025
5.911840
4.456837
0.462553
5.243703
2.646368
1.141101
2.701548
2.410425
19.696476
1.906675
18.946983
3.364666
0.688800
1.861566
2.164806
5.113547
0.694203
0.088962
12.462469
3.342690
2.024865
5.598705
1.440531
2.348272
0.114411
1.448007
6.290027
0.948332
2.323982
0.232184
0.499993
93.850885
3.014121
38.957697
16.269180
0.958526
2.158601
0.698363
0.804119
0.621999
16.334717
0.142285
1.695493
10.482110
2.128629
3.849798
0.099213
9.350691
0.160679
1.208194
10.843202
0.856820
31.908442
1.817884
13.983988
1.309710
0.224989
1.977591
7.096422
2.201057
1.030666
3.227499
3.841878
43.627570
0.792918
7.034524
6.550259
2.323634
3.161126
2.961470
0.108300
6.405062
2.341830
6.178168
11.229880
11.282745
5.954145
1.327984
6.732184
4.022940
35.245721
1.652972
31.104124
6.317597
7.177179
0.899670
2.146978
0.818982
0.873904
0.326741
2.810284
12.573112
13.309410
1.420845
6.575311
0.728285
97.010514
22.048153
10.180797
0.566952
4.617404
14.306441
3.122897
2.953800
7.343257
1.008691
17.627086
5.941012
0.821833
2.310277
0.647272
2.471671
29.203793
0.623359
0.353038
20.240683
7.381597
0.447547
2.513915
1.003970
4.060166
2.057050
1.534068
0.089657
2.420389
0.299692
1.952311
4.178935
7.684945
5.655451
1.562953
1.355444
2.159023
1.790808
3.775715
2.845258
17.816667
3.155047
4.684851
6.052887
1.498461
11.153086
5.694619
12.961784
1.571886
0.981918
5.338747
9.214160
6.873285
3.505861
5.317724
9.704828
18.850773
6.344569
5.095635
6.399830
6.090609
3.242312
6.325552
1.631260
3.573874
2.309815
5.024611
19.891077
3.809823
2.701412
2.440425
1.439684
0.433772
3.131814
5.941281
2.037413
0.875733
2.188405
11.507119
2.232756
1.620229
32.645725
5.714592
2.751149
0.490142
3.019404
6.322645
1.311956
7.929194
0.726353
19.259497
10.778348
1.431753
1.238135
0.570395
0.691470
14.377846
4.662684
1.815020
2.659103
15.063828
0.690983
6.381797
1.923590
6.219761
4.172078
30.436926
7.798531
2.700261
7.442966
12.455195
3.466362
1.542525
11.990655
1.589128
5.503531
1.321170
3.771806
3.371962
0.682682
1.681242
0.447092
0.390783
2.132767
17.507978
3.678656
4.873318
1.678334
0.990577
1.605374
0.085560
4.647294
12.322416
3.321172
19.988163
4.459473
63.841069
1.299501
9.464657
1.988750
0.702713
6.131351
5.003416
1.440738
4.719695
0.596047
17.670757
4.017686
2.285884
4.361474
0.364177
5.400835
9.036415
1.168206
7.597114
1.631571
2.118156
1.498654
1.204273
10.369724
5.728555
12.411071
7.367882
2.606582
0.171574
1.059601
0.195974
7.244270
2.261212
0.916987
2.969887
0.620665
5.382045
6.106887
1.075269
2.462743
6.131760
1.920090
17.710498
1.895830
70.223270
0.277410
0.291061
1.133631
5.089721
2.989338
0.684262
0.823995
15.763230
2.621787
12.807980
3.595609
3.584008
0.920811
3.416778
7.663520
1.232103
1.920805
1.530101
23.307932
4.319007
0.912544
0.332443
10.592152
17.134546
5.706734
1.369016
1.214176
1.625036
15.873169
4.305430
0.107942
5.518859
3.209169
11.923380
19.946034
2.002862
1.233906
6.468493
1.505878
6.459814
0.411973
1.084884
1.306583
0.587664
4.576274
13.576302
0.132779
15.405542
4.366289
5.390851
1.907559
3.238698
19.076617
0.919524
3.321467
0.599671
1.794675
3.322386
6.274675
0.633157
0.668875
2.075975
3.853872
1.378302
8.760120
1.678714
4.314673
1.288273
1.392363
1.388684
6.365490
5.514967
0.778968
7.082016
6.810021
0.452410
2.457952
0.937393
1.200303
3.983391
0.092692
2.278426
37.830303
12.713024
0.126709
0.599171
0.847581
2.649006
7.778772
3.096470
1.163777
31.328171
3.064918
2.835868
1.895145
1.038689
1.244092
2.926886
1.697459
1.118095
3.185884
1.990579
3.107625
3.781152
5.936079
5.529563
2.420242
0.280020
1.400383
0.759809
0.832409
12.546415
1.307647
1.925746
1.713129
15.094358
2.783533
0.342435
0.792932
0.117640
0.195362
0.427630
2.208754
1.448883
1.577138
4.720460
1.967110
2.213595
2.869629
3.757165
1.149459
2.608681
3.361362
3.834325
0.281885
8.726696
3.897768
0.504795
0.317576
3.483147
4.550898
1.042878
1.402098
10.891247
1.275210
1.829830
3.387755
1.967260
2.007508
10.899399
2.109247
3.241459
0.311049
3.689757
2.238588
4.103748
1.755049
5.749903
6.109493
3.147653
1.662369
10.482126
0.459559
12.433139
4.622201
1.846657
1.722187
6.126295
0.109203
5.008470
35.270004
1.265380
0.898986
5.331460
5.553132
2.756075
13.278898
6.919536
5.484922
0.618128
0.898661
1.622964
1.929830
3.538374
12.868981
11.785754
11.885412
18.476053
0.619622
1.678211
5.439330
0.836803
1.482934
1.353140
0.438615
2.667779
0.682350
1.555031
4.824975
0.625026
15.490426
3.617707
1.527046
4.409534
1.251053
1.861916
0.361341
13.410818
1.305981
12.013754
6.421011
2.514487
4.532797
5.463096
2.987016
0.807741
1.528138
1.890569
1.909016
0.992928
2.972946
0.085861
1.279352
2.865484
0.620597
0.085956
0.557335
0.123136
3.014059
2.212927
2.868801
6.499996
6.935470
5.499866
1.102464
6.534969
1.990948
5.223401
1.000596
1.481059
0.373247
0.078129
7.191507
5.466554
1.301447
0.578033
5.240742
0.111954
0.809362
3.016636
1.925002
0.499888
1.088002
0.218626
30.988060
0.184092
13.845300
8.858478
2.992786
20.083879
5.394963
1.322350
0.159139
0.329095
5.254938
2.031893
8.573276
4.920200
0.684047
2.804704
3.013030
5.327189
0.659487
16.335565
11.718290
0.489059
11.690385
39.119328
3.605685
4.741621
3.547881
0.566069
0.287535
7.864188
2.852483
1.997454
6.915303
1.773039
0.096973
0.991267
0.998344
9.265764
0.740243
0.199578
2.239651
1.203205
17.482838
6.058104
1.789710
2.415198
3.775206
4.303873
5.358406
6.951998
27.527568
1.174656
1.752669
0.301549
0.908492
1.019977
5.269583
0.104135
0.144726
3.265300
0.441775
1.038299
2.159862
1.547587
3.148138
34.283005
4.622271
12.489990
2.463832
1.157855
1.401063
1.942756
7.069663
1.934280
1.543838
3.719677
0.136730
0.578940
0.439126
5.632827
0.229220
15.081366
3.865826
1.901894
2.890016
1.284066
6.264572
4.689701
3.036097
1.946344
3.185693
0.106573
2.992145
0.696724
0.082044
1.249770
7.624885
2.418509
3.324926
3.491881
5.128660
1.150995
5.428071
1.107392
5.866112
1.123209
4.350524
0.090221
0.485505
6.926385
2.803031
9.199667
5.249558
6.062869
2.437962
1.259142
15.097737
6.065439
0.254681
7.495268
2.009401
3.772457
10.247096
9.003443
1.593035
1.161656
9.734319
0.962839
0.082676
0.990665
8.781889
5.474253
5.171098
2.511296
0.938835
0.709672
0.337170
11.365551
5.642748
1.849085
1.181553
2.107423
5.217117
8.663648
0.475719
6.027583
2.220819
2.138648
9.368408
3.130681
2.002009
6.134822
7.075650
3.147828
3.000261
1.178791
1.340458
5.780591
2.707787
1.912216
1.544607
1.971876
0.151220
1.242669
0.781209
1.309455
1.450465
1.227879
0.800677
0.235004
1.402488
2.714439
6.168774
7.556076
3.838117
12.286307
5.572366
18.481146
0.129875
3.763748
0.094348
1.201716
1.196455
0.120087
5.307135
2.510252
7.174884
0.111510
3.676883
3.342133
0.139749
5.526996
13.603351
3.391976
3.964126
4.302058
5.161731
1.166393
3.065390
1.655947
15.756186
5.409670
9.034946
2.256563
6.313211
1.412542
2.717311
0.790250
3.081762
1.271333
5.509424
3.197100
3.107253
0.643829
2.104673
3.465511
0.341187
2.982458
4.057621
2.048498
25.880732
2.202130
0.089406
8.152992
23.419442
2.139144
0.337760
3.576856
4.501498
4.306517
3.295220
0.323694
1.592109
1.012285
3.590196
38.986017
1.830807
1.869678
2.306314
0.580023
0.078596
5.234546
0.666732
1.990604
2.786627
1.517262
4.192611
0.118167
0.676906
6.003182
7.406417
3.577691
3.169298
2.266293
0.714783
15.780487
0.537497
0.272976
0.934900
0.788292
12.469990
0.128414
5.230488
0.853854
3.559772
1.464307
22.583956
34.994167
13.762751
2.459385
0.474226
3.687865
3.736739
5.564910
11.354851
1.354809
0.091034
0.626301
4.773518
4.653690
0.936586
3.425358
5.994352
3.286782
5.383668
16.807106
1.053651
3.653499
6.662461
0.393250
0.089725
0.573860
3.364763
1.442646
1.496440
1.565237
1.615607
1.988835
3.681780
0.267625
0.923044
0.330411
0.274911
11.261517
6.826620
0.703794
2.542394
3.078549
4.177267
0.107803
5.072412
4.486230
0.697986
3.036404
5.767253
2.670928
1.564357
0.673575
38.565934
0.705621
10.500263
2.292703
0.914118
0.977405
3.633250
3.025551
2.589988
2.603694
1.616906
0.558984
2.639285
9.662024
1.512661
2.579232
36.401060
2.726636
3.786483
3.578873
4.905000
3.313460
10.647208
0.490961
19.696651
3.472180
7.800322
5.539199
7.054485
11.365821
0.492687
2.129763
0.592352
1.898555
5.405030
1.802074
6.446741
4.016041
5.722043
0.625448
6.359319
27.990681
2.789200
0.455107
1.665688
16.122528
2.185342
30.336704
1.091625
6.891365
1.677140
9.915738
3.521837
17.739515
0.135706
1.391423
0.798068
5.120799
4.364925
2.068865
0.395847
2.004238
10.006884
8.598478
1.169042
6.651663
3.292804
4.540799
2.384092
17.168866
1.567837
2.716495
5.561035
1.823035
3.401323
0.741972
29.249774
6.128712
0.924072
4.965251
13.738612
3.775280
0.269075
6.103836
35.553364
0.113496
1.041641
37.902473
6.878875
2.333010
2.540082
15.562456
0.450993
1.215259
6.357306
5.037984
4.050483
3.475913
0.616550
1.973570
2.604061
2.829520
2.679496
4.596631
2.772159
3.119269
3.381448
0.596671
4.711481
55.202117
0.807099
5.358611
6.244558
2.917993
2.289613
1.178938
1.955091
5.889755
1.501226
0.734103
1.342700
9.997715
7.978116
2.040272
1.713851
2.685231
2.041176
2.682240
2.341463
4.375355
6.160221
2.844044
2.150313
1.594934
8.204028
0.946124
3.919216
1.142259
4.185919
0.374691
11.586857
0.192344
1.095060
18.281344
0.210069
1.454370
4.834658
1.520921
4.805494
2.410382
16.260745
2.462237
1.533222
1.807150
2.268857
1.070423
2.276192
0.824313
0.615864
5.480265
1.674516
0.991535
2.494152
5.535169
4.573746
0.816150
9.702934
0.671483
1.257248
10.829525
1.260929
0.081965
1.928874
0.163663
0.473158
31.917886
2.263371
7.849095
10.362495
8.867193
8.780569
0.239051
3.547564
16.875534
0.147116
6.757815
5.497730
2.027267
0.100476
8.505959
2.080365
8.002696
8.164718
1.988733
0.508062
0.444734
3.015532
3.078334
0.101002
1.412750
15.753529
3.180945
0.819824
1.921487
2.156367
1.434443
5.390377
2.186569
6.945464
0.095790
0.798984
3.614155
5.766366
4.356980
1.339185
25.004784
4.078789
5.050695
35.323630
0.677529
0.368935
2.093244
80.926735
1.017319
0.678821
2.465010
0.818511
3.004104
1.506992
8.200592
1.748989
1.628907
4.051114
0.265529
0.142938
1.180984
9.102692
0.261535
2.448395
4.824032
6.115504
1.751295
4.981149
4.786528
0.477101
0.139019
3.595296
1.062072
3.260121
3.254165
0.730290
0.618209
0.379580
3.244868
2.596668
0.088016
2.503954
0.107648
2.692998
3.407929
0.399611
0.387024
12.780630
1.527146
1.426416
2.304467
1.173834
7.706327
2.419045
4.901021
5.131173
7.654927
9.899474
3.660741
41.434039
2.419277
7.613638
3.858138
10.661360
2.989563
2.274216
27.120250
2.379185
17.059652
1.700987
2.301958
0.603039
2.226164
6.553079
7.035335
3.533255
4.961273
5.818443
9.226958
5.630192
2.668229
4.544958
1.746300
5.727592
6.283225
10.379922
1.425778
1.996809
31.425349
15.414786
18.538518
0.274363
2.114425
2.234874
11.262645
0.451532
0.446560
10.490510
2.824212
2.016254
2.135001
1.160677
1.662446
5.288645
5.472650
5.405952
2.200186
0.798388
0.694458
1.406925
13.647758
0.887479
0.092430
6.422778
2.265039
1.580860
7.220910
4.951823
1.888707
6.072577
9.678728
2.790400
5.525866
6.365028
0.957714
5.713778
4.674712
4.025616
1.217778
18.340244
6.630325
12.016261
4.620488
0.118656
5.255175
0.247961
1.357570
0.559910
2.591255
1.028063
1.201276
38.673262
3.105558
0.563491
3.870858
6.990185
4.475816
8.603390
1.494026
1.914778
1.272708
1.043377
4.456989
6.281921
6.199592
4.440290
10.723676
34.506875
3.400915
3.722863
3.667823
12.270598
0.704902
3.093324
5.440572
3.737553
8.177699
6.338368
4.422425
3.393586
4.790582
7.365539
0.175045
0.605261
2.644068
5.581102
4.753698
3.128543
2.048220
2.782440
2.312485
35.505587
0.481035
1.734138
1.962205
0.085016
1.360715
0.433142
7.423750
1.198459
5.581417
6.487544
1.281900
7.748348
25.900201
2.269418
1.015685
11.487341
4.061269
4.764124
5.464571
2.110672
1.077121
2.937710
7.461888
1.514044
15.168673
13.477709
1.840925
0.271904
0.914015
3.008080
8.522437
3.584388
1.405143
2.460509
5.518479
8.214026
4.670946
1.487445
10.440593
1.577164
6.054393
1.690818
4.669241
3.687350
2.835051
10.712103
3.047618
1.983156
1.943488
2.181436
0.959936
12.069752
1.059402
34.555974
1.266852
0.595585
0.637008
1.905019
5.190354
5.641092
1.109762
2.490926
8.741036
1.760699
1.156643
0.934489
1.352935
0.829191
7.140875
0.978468
9.160075
18.452060
1.587044
1.377762
0.716164
2.513487
3.100335
0.654529
0.899204
121.802297
1.393604
3.118461
0.531481
3.492806
9.770334
0.641037
0.101785
12.374765
2.896612
6.156118
3.012167
2.195695
1.036936
3.598147
7.175161
3.048248
15.598667
1.570617
6.109260
5.484475
60.081821
0.597390
4.768577
2.080713
1.308914
5.061767
1.041543
0.091431
3.227188
6.310464
36.119547
5.065356
1.208674
2.479583
1.016603
35.205511
12.052644
7.000933
2.313506
0.184166
0.339293
2.413415
6.718298
4.553329
1.438667
0.814430
5.494532
0.595659
1.133952
0.620092
6.511663
13.621179
0.680466
1.676351
19.778926
0.597551
0.346107
5.572135
4.544477
3.516188
1.113963
2.953696
0.763268
62.488284
0.992888
2.014012
1.494341
0.630025
0.682134
15.838863
18.132826
0.690123
1.923559
0.949238
0.633924
1.337875
3.124379
1.378456
14.484328
5.324462
3.470218
2.959418
2.666144
3.377899
2.616144
0.827518
1.459464
0.970832
0.549447
10.163882
1.252370
3.613238
2.919493
1.811443
6.694992
20.625248
5.500174
2.248566
5.482970
2.831528
0.099491
3.908704
14.830876
5.627672
3.762177
0.145132
93.021941
9.814352
1.522776
1.591534
5.327005
1.190517
1.643575
0.674306
0.655451
1.845156
2.034278
1.832912
1.343052
3.623705
0.090502
0.912872
1.655769
0.730731
9.022702
5.050545
19.994058
1.808334
1.615354
5.025543
18.488476
1.325460
2.666600
1.250393
21.919147
1.261369
0.340076
26.340416
0.251837
1.057768
4.099333
11.093983
20.211968
1.118409
0.168242
1.626603
9.944834
1.583984
1.110368
2.473901
0.716812
3.481129
2.318515
3.148453
1.371329
2.352054
2.579810
1.035635
34.704013
2.570823
0.132021
2.475943
14.727147
0.578475
8.559410
0.810612
2.939792
0.876257
15.075749
1.198090
1.260645
35.405965
5.676680
10.354992
0.981709
1.403719
27.888540
0.937053
3.417815
1.910593
18.907792
0.670557
0.294476
6.039200
0.367622
5.514862
5.341249
0.107296
0.994559
3.297206
0.595085
1.973800
4.024804
0.675320
0.513536
3.835079
1.217719
2.677597
2.097633
1.171711
5.993357
1.126796
1.962116
1.134651
1.937232
0.593278
4.202677
1.075189
0.599560
0.995835
5.206968
0.378276
9.640475
3.875097
5.538071
0.792617
10.747847
32.281230
16.350622
5.495083
1.966124
3.535523
0.915414
1.550349
4.368654
8.894923
1.466241
16.206640
1.923459
4.040292
24.672905
0.174972
3.498615
1.383839
0.557873
16.055788
3.164161
4.791731
0.824873
0.813822
1.404896
1.380327
3.739657
2.815678
2.491174
3.882960
3.217329
1.992157
5.148682
0.992259
3.412757
0.798570
0.224982
0.539260
6.980101
10.303775
0.790086
0.920303
3.403336
2.133400
3.903161
3.168701
1.130186
1.048656
14.957172
1.938111
0.934048
24.405423
9.839945
1.733293
17.793528
7.163682
3.255941
1.242446
10.424224
10.085541
0.825762
8.179150
5.808793
1.639091
3.801661
1.686122
1.287306
0.707703
4.321445
0.558713
11.492353
2.233540
15.337208
6.318117
1.585690
0.823977
11.832189
0.264092
5.521531
67.421782
3.555813
2.333205
2.031630
4.031152
21.653255
4.525843
13.152813
0.817685
5.605480
1.356766
0.268764
1.107697
0.645073
9.389234
1.709321
4.713482
4.357284
1.313629
0.369106
5.627707
10.637292
3.003195
1.049741
4.179119
6.599201
1.176941
0.775083
2.898078
0.806380
0.616159
1.442647
10.360076
6.135424
1.739304
9.295917
0.243439
5.306274
0.630655
1.704547
1.372976
4.205767
0.854254
3.655723
7.642267
2.545524
16.349405
9.784425
1.589251
19.599583
18.401611
5.761866
0.404945
4.421691
2.202842
1.171024
0.511065
2.925995
0.973095
2.324680
2.438562
4.348925
5.770640
0.103577
0.622112
0.488501
1.230103
1.282423
6.211501
6.388974
0.189216
1.647374
13.884458
3.164687
3.157483
0.680637
4.256252
3.085917
2.192803
4.924693
3.199367
0.211385
0.075737
4.017520
3.852263
1.444630
0.086710
4.675894
1.162970
18.609703
0.751004
0.777541
1.723351
78.932014
0.457107
8.057451
3.288727
15.407917
2.168168
3.930370
1.081649
5.688987
7.451806
3.244245
5.727678
3.113123
1.831656
0.155530
2.519293
3.188479
14.394234
2.450136
1.593749
5.914018
3.711802
8.209037
1.332696
11.757735
2.242111
1.712475
8.454908
2.674670
0.430869
0.672301
33.200031
7.397922
1.229445
4.466078
1.777028
2.929815
1.773773
1.871518
1.281291
30.081323
58.010673
5.817326
0.266791
0.083939
0.795414
2.190863
4.393406
5.936583
1.032819
1.210938
0.939815
1.444995
13.993005
1.798702
4.446207
3.580483
1.947232
25.839140
6.776119
2.634068
0.120958
0.784009
2.072385
1.133394
4.211541
2.104051
1.680439
0.579606
14.993632
2.486327
10.908480
2.129713
0.218898
2.179044
3.535935
15.586613
16.277403
0.535367
5.725629
2.263575
4.655609
1.058056
5.600938
0.099862
2.460055
2.678358
32.302752
9.453429
5.702603
1.419708
3.462052
2.167228
1.045077
4.685285
2.741688
6.237404
1.196339
3.409035
0.092743
4.268928
3.838801
12.324909
1.766560
0.926846
0.677912
1.760143
3.812089
2.215198
13.916429
3.473119
1.206629
5.502052
0.927224
1.194693
0.913408
18.070236
0.444646
3.059986
0.257180
2.743466
18.968125
2.459303
0.750122
7.133092
8.036995
2.749634
1.950749
0.814247
1.336177
0.227607
14.862996
2.017708
5.231143
65.275569
20.527470
0.158876
95.134590
13.363217
1.516152
2.716815
14.078278
0.284178
2.668206
0.945887
1.163927
3.779489
6.178133
10.497181
3.524120
4.397670
4.453397
4.507710
5.712603
1.365733
2.617822
0.423850
1.402364
0.642800
1.052797
3.175557
4.170467
0.745503
21.326138
6.989903
3.414268
5.243105
15.601808
3.582069
2.174365
0.533183
3.627614
1.867592
2.329433
0.424646
4.758152
1.301973
0.104421
7.677328
3.053711
0.680593
1.384164
2.294362
13.388833
11.603667
1.308887
1.994224
2.196625
2.064241
92.909988
2.986421
2.727103
0.631698
4.160722
9.054550
7.266777
1.727667
0.409784
15.518180
4.170034
2.276544
10.819208
4.219347
2.928135
6.363651
2.577763
7.118950
3.614931
3.611778
0.791547
2.650598
6.711009
25.567391
0.698417
1.510586
0.637729
0.567313
0.824577
0.573231
2.630909
1.014890
1.661113
1.462491
0.104939
6.179044
0.694655
9.684091
1.499307
3.824343
5.577756
0.707436
1.284726
3.582465
4.158011
18.097741
1.445430
1.894753
1.731387
2.739827
6.285492
4.931532
1.569348
0.584680
1.243040
6.759159
1.081940
8.977199
4.672612
7.376182
3.381347
1.420155
4.810588
1.978307
1.247094
3.157329
8.665793
16.098757
6.777369
44.173750
21.567987
0.473021
5.672228
5.687554
6.990192
0.834683
11.209681
1.521391
0.121803
2.867926
5.008563
1.524289
2.576233
1.962071
2.968183
17.678760
3.376639
0.996895
2.441977
1.334536
1.229511
7.798765
2.853860
4.635970
0.491247
0.774368
5.707237
4.439580
0.560773
10.794701
12.459991
0.598015
1.510165
6.061261
2.904865
5.328647
11.342162
4.006991
1.293764
0.081228
5.583356
3.005165
6.991301
7.716568
0.700010
3.267318
0.798851
2.439086
5.872862
6.519348
1.058245
0.094044
15.407753
3.970328
1.694440
3.037525
5.600025
0.956529
0.468628
4.896832
6.278873
2.136695
1.755663
5.500916
1.605746
0.849432
3.433609
93.687060
3.119325
1.670387
1.738922
18.144833
3.638703
2.404857
3.160760
3.564898
3.083060
0.384688
4.542616
3.054152
1.480002
1.439527
2.802900
18.512285
1.003223
3.591289
3.758753
1.242016
13.775865
9.293600
0.717112
10.579543
4.225024
96.247139
1.577314
2.421942
13.844330
0.974127
1.190667
0.924464
1.359759
1.130847
11.081135
12.432787
7.338979
12.300941
4.045662
1.956669
1.450811
0.123479
5.505441
13.410661
0.938961
3.117932
6.198337
2.564466
3.353820
10.126590
7.340435
3.163740
0.228133
4.544429
0.107559
1.736250
4.382532
11.549900
0.275691
3.053834
3.507678
1.519530
0.091885
6.744451
27.237492
7.384285
1.259397
8.661274
0.878170
2.501693
0.786558
0.086952
2.523536
4.320251
1.414131
0.946824
0.811530
1.409084
1.871024
0.472998
0.696742
5.990755
0.838152
0.901680
12.349601
3.891696
6.969695
2.087378
2.767448
4.437010
1.391383
4.301400
14.366603
2.455578
0.999883
0.772968
0.077648
66.209454
1.303191
1.702576
16.413722
3.948218
0.398484
15.258590
2.693757
0.695107
1.756670
1.638586
1.645120
0.620860
38.177799
0.781864
4.577717
2.566523
1.305303
2.706162
14.899706
5.110720
1.459454
1.856137
0.375521
0.360500
1.997666
11.461089
4.036817
3.086824
3.226437
1.075167
11.155640
0.488972
1.989267
11.889892
1.433819
18.283586
4.980853
5.727156
0.443474
0.384962
0.632247
14.374598
8.890275
4.428074
3.865885
4.031780
24.957466
5.402433
0.523144
0.375782
1.187689
2.113266
14.142779
2.496109
0.548540
1.633136
2.928572
14.167285
2.209935
0.097062
1.622355
0.469664
0.209135
0.071112
5.168311
2.609500
17.435134
67.149105
0.268047
1.140654
0.663012
3.571815
2.707872
1.360385
0.099426
11.533205
5.514306
4.764985
3.690537
1.626529
1.226394
1.866231
6.269094
11.900233
2.170396
12.908422
9.838540
0.749288
0.725704
0.807696
91.038876
1.361101
0.621119
0.482441
6.988859
12.348953
1.719776
1.367247
23.680753
0.189456
0.862383
8.806892
2.104686
4.836338
0.399995
0.972557
19.373536
1.997333
3.559560
0.130592
13.719397
1.181912
0.432640
1.191261
1.326198
1.092802
12.083600
0.930414
9.942828
1.122971
33.046576
2.285362
1.459598
3.684227
0.236343
1.144108
3.348403
1.506001
2.706481
2.069708
10.304162
0.107045
1.312511
4.320313
2.959581
34.867703
9.458825
14.887890
1.187348
0.876387
10.457610
9.235486
1.141921
1.005294
3.189302
8.250793
11.355511
1.391877
0.081107
2.897380
35.275687
4.506188
0.111171
2.769437
10.555740
0.138886
0.576718
0.924532
0.578421
3.583267
0.632587
1.492836
10.465194
4.085002
2.570636
2.328743
104.165865
3.026350
0.226840
2.443487
5.843675
1.255688
2.548963
0.990698
4.337042
9.356278
5.752277
3.762357
0.711370
0.596052
1.910600
4.238721
8.418381
0.519739
3.810908
1.138355
4.799334
1.292273
1.386102
1.323198
8.600773
5.621858
5.449435
1.750900
6.491556
2.611327
2.882569
0.710712
2.385231
4.255578
24.549372
0.243200
0.272331
0.971702
55.816229
1.833898
0.172090
17.793649
8.243724
0.644171
4.170333
0.239276
2.779852
2.857144
0.595906
1.861722
18.229491
2.067101
1.678195
5.489471
1.391040
0.092019
1.470136
0.370957
10.861100
1.533479
2.195845
14.852192
6.438785
10.707509
0.112076
0.558687
0.516492
3.709118
5.878069
1.273470
0.890255
1.526417
2.330499
3.267783
11.484551
5.247903
5.814075
0.286286
2.285585
1.414974
11.617302
1.801867
1.212526
1.012312
0.074522
0.554720
11.022067
7.370884
1.562923
33.055676
0.256624
0.834608
2.688017
5.144060
1.541691
4.510853
10.570258
2.664361
13.398060
6.852107
0.535854
4.778667
1.604970
1.097598
4.286292
1.238713
0.917806
6.597793
5.425054
3.377770
9.514571
1.079359
4.311985
0.203609
3.920328
1.909557
3.007795
1.640749
11.050660
0.203205
3.780496
0.882395
1.528366
6.609861
0.465709
1.823780
0.912312
4.156022
2.334312
3.534769
0.160844
7.197790
13.748256
1.380190
5.490344
2.080525
1.016265
4.756490
4.401395
14.909730
1.532978
2.721774
1.210371
1.923573
4.470853
0.850662
3.061822
1.518844
10.065770
1.666624
18.480638
3.467906
3.174444
1.870206
2.594494
37.818687
1.513989
8.180532
2.688578
2.218722
1.855391
13.685620
5.814868
2.454656
1.357246
1.264319
1.136026
0.980981
1.706156
6.714235
1.990686
8.296408
1.031479
1.869835
1.848001
2.369569
2.786353
1.205143
0.700420
2.707146
0.212423
2.802596
2.502642
1.701334
5.001368
10.063507
5.860127
11.970580
6.679273
0.583361
1.452763
3.678958
1.809127
26.805758
1.749708
2.661709
1.036144
2.871404
1.837364
2.754027
4.330504
0.693299
6.354952
0.556599
1.336580
4.527189
3.053796
0.738908
1.175729
11.430422
15.587640
2.503499
6.799644
0.230848
0.428157
4.688400
14.124536
0.775323
18.205336
0.734183
3.444435
0.642525
0.780211
1.707632
5.315759
0.241038
41.105409
2.348395
3.750512
11.901414
3.376132
27.287191
2.028146
1.658250
2.024392
24.692427
0.470708
2.851798
3.043035
1.830712
5.581118
0.606268
3.919171
1.768577
1.278255
7.402358
5.411786
6.571348
4.570762
5.494887
2.376063
0.341994
5.112856
2.735772
0.410669
2.133556
3.159467
0.086992
2.000829
13.452690
4.039053
1.637050
6.734586
18.752556
0.958740
0.763034
7.584470
1.261513
0.949717
3.437871
4.106718
34.104581
3.953794
1.502922
5.684058
1.827141
0.342405
2.510159
5.465484
15.006339
1.494458
10.702284
1.446971
1.395859
5.613649
1.010416
13.276551
0.630130
12.574603
4.415583
0.789374
0.507888
5.263601
3.284741
11.580976
2.408680
0.968370
0.575816
4.640972
0.869747
1.370173
4.046912
0.820479
3.174015
6.042236
0.860231
1.124851
4.113600
2.479548
11.108084
1.631116
3.188863
2.150838
2.635376
0.800511
0.888064
0.090518
2.243098
0.354436
17.966180
5.092682
10.772200
10.842852
17.899285
3.428546
1.247836
1.990338
1.306619
1.394607
5.408995
0.825228
23.188087
5.508072
7.113437
2.234940
1.201441
1.313738
1.279707
1.299589
2.276809
1.500332
1.639133
2.783190
0.673264
2.020403
18.239417
7.349217
5.064813
1.242845
71.100808
6.892895
1.778648
15.235536
0.433208
0.756966
0.910557
5.035563
3.979277
3.850689
12.712783
3.392695
3.731600
10.613773
2.017185
6.231930
30.094196
3.888980
14.147284
3.949991
3.201091
2.734612
2.257044
1.592309
2.662185
2.712403
6.214488
4.561109
2.144462
4.583406
2.601429
1.851738
1.628617
0.859938
8.173968
3.798613
6.048924
0.646443
3.079886
1.269744
20.001704
1.451586
10.598386
0.198449
0.387683
1.700470
0.773834
0.934607
1.469954
4.867745
30.789257
0.396381
3.634554
0.617309
5.775903
1.978356
1.455727
16.360544
5.604279
1.024428
5.989912
3.436108
14.344993
3.616409
3.993770
1.431175
2.230122
0.834794
2.113027
4.860694
2.151897
1.038852
1.017199
18.309648
0.564132
1.403342
0.649253
3.682738
3.152232
1.933596
5.493157
1.473030
5.982623
3.397075
0.838248
3.407020
2.052883
1.561914
18.300080
35.627010
2.255979
0.678328
6.273194
35.087633
2.156927
3.980825
16.777647
0.458252
14.040702
6.876337
0.822732
4.433128
4.173657
3.433592
0.660534
0.574980
9.921442
0.586125
1.601628
0.940693
5.440233
3.504416
1.434962
1.982211
1.474945
14.850392
11.106489
0.730604
18.308052
1.271843
3.004767
2.952905
2.247432
0.743920
1.730476
2.634586
1.210857
1.443770
4.172542
7.431409
8.748571
2.967902
12.266551
8.478775
1.169655
4.361657
0.495551
2.285019
11.930619
0.112107
11.137902
5.960199
1.229699
0.908981
3.201329
1.268406
11.319614
0.976988
4.877985
0.855459
3.627541
4.491283
1.020792
0.079440
8.799214
1.181990
5.261778
0.093413
0.982643
1.765682
14.407693
1.812208
9.155353
1.473334
2.236045
1.286676
120.904098
3.671378
18.358806
1.275397
0.732116
2.957024
0.998421
25.060557
4.407165
0.951132
0.670370
0.347353
0.489347
3.322863
12.382129
1.030180
9.174039
6.047703
121.059149
1.260230
1.071191
3.080196
7.529494
21.527084
1.470373
0.371710
5.870690
3.081418
0.650066
1.335554
5.428178
1.617966
3.746532
12.988683
2.250316
4.772414
11.820003
20.757692
1.284316
1.308623
0.413899
6.040594
2.289796
2.845701
1.217294
4.948730
4.213500
1.391140
1.598323
2.288678
1.343411
5.294344
2.241028
0.522189
18.273763
1.138513
1.648449
40.995348
1.624164
1.161962
5.518118
2.193706
4.153088
0.639693
4.343637
20.496724
1.197423
2.285798
2.121734
12.377121
18.168649
4.430913
2.264804
1.650655
4.547462
12.427251
4.034131
6.009168
3.634843
1.940920
9.675196
14.117593
35.045459
10.009589
5.699963
1.537367
2.243317
1.434982
0.152603
0.954440
1.330964
1.325111
4.746120
1.056469
8.056209
0.582780
5.207215
8.723971
1.196699
11.432096
22.453965
1.267196
5.388483
1.786350
7.189747
3.697142
2.546441
3.152124
3.380040
0.842450
3.865497
4.252718
5.145251
1.108460
3.841623
2.504366
0.576853
0.479333
1.407677
2.850971
1.246632
2.574245
0.270541
24.358494
4.073123
0.733091
0.082686
4.372693
43.248074
4.197090
3.215765
5.484670
0.114488
0.231641
4.842456
3.099062
0.567363
0.095341
0.067048
1.001600
0.074881
2.080775
7.063230
1.451760
1.292108
2.980040
3.777638
6.325151
2.727722
0.957350
3.236229
6.314790
18.198847
0.727684
10.442015
0.114371
1.632757
6.792635
1.067693
1.285740
2.449580
1.312154
0.354152
1.562518
1.753820
4.288414
1.914060
0.576143
1.404649
0.082153
7.615463
5.552709
10.373404
1.842929
8.582046
1.007834
40.171155
0.278045
5.209389
2.520397
6.190872
15.315779
1.278901
5.850537
5.599799
0.891640
1.100300
8.247260
1.326515
3.105511
7.790772
1.596800
11.096997
5.551647
1.161548
2.280720
2.869199
2.471364
2.827904
0.391465
13.631907
13.546860
3.297712
0.619595
1.104304
3.055402
4.007915
2.709503
0.621323
5.530547
1.301199
9.337917
1.175236
4.226502
5.568769
4.777502
2.602879
11.472712
6.929774
1.390217
0.690089
2.131265
1.301818
2.605472
4.031087
0.741010
3.867660
0.359186
3.965522
5.409957
1.678825
0.988108
3.023053
0.092666
4.875220
0.491601
1.239137
9.883525
30.237501
7.932530
0.744988
2.177067
0.552650
18.141814
2.432732
5.394399
2.029070
0.620865
4.979773
0.132675
1.275444
32.997542
13.691832
2.782545
4.297588
5.898906
0.567324
0.652207
3.821365
1.963228
0.429893
2.057868
65.742749
0.482376
6.106113
0.864377
5.437247
0.589171
3.990215
3.597683
4.260190
4.415008
2.123096
35.158002
4.510638
0.856902
1.292890
0.456065
0.920195
4.199335
1.835652
5.347564
3.548309
9.500195
2.902374
2.500166
1.364690
0.265720
5.289208
1.785215
1.827919
1.856998
0.631548
3.007846
0.918983
0.086959
2.063565
3.950757
4.039804
3.482412
2.623040
5.996766
0.694148
6.462011
10.768572
5.505126
1.365827
1.205469
2.546089
0.090496
0.072799
0.104208
8.782140
18.481402
1.380789
1.252589
1.281973
0.241248
1.650887
1.966505
1.523631
0.833238
0.545657
4.553833
16.165555
2.334875
3.982124
12.793735
0.925944
18.672901
0.177132
1.327623
3.173552
1.466961
0.320689
0.261545
8.441222
2.333645
3.689864
11.233825
2.568112
5.135127
1.345880
7.931634
0.952734
1.838019
5.481159
0.163293
10.348178
7.135724
1.762704
0.375298
0.378657
4.184871
3.746879
3.131329
1.088304
7.179909
4.871037
3.606151
5.370330
3.651147
0.092312
1.449136
4.338329
0.271743
5.500074
1.853473
0.506078
15.691124
0.585523
4.509500
2.251813
1.887299
10.391749
2.175767
1.607645
1.014392
0.786807
1.760543
4.731940
1.805120
71.709438
4.742205
2.053484
1.002874
1.688061
3.455516
3.083697
11.885114
3.539544
1.587177
3.032213
3.141405
2.022245
0.154055
5.161870
21.055848
11.443223
3.683374
0.439364
5.376461
0.519952
0.080264
2.881302
5.126036
7.391827
0.124165
11.413795
0.182480
0.867786
1.155425
10.744535
14.127658
2.226320
4.347012
0.925044
2.566623
31.053956
5.996345
1.354266
4.084731
1.687585
4.756585
1.185706
0.295638
1.124377
2.904187
1.929553
3.462478
0.901843
10.107045
2.209580
3.539235
1.029872
1.327626
0.154631
1.702977
6.256302
7.127501
1.550929
1.812296
0.505609
0.088134
4.573036
3.886789
1.609811
5.369530
1.186816
5.819438
2.998188
5.606070
2.560525
1.003059
1.209153
3.667749
2.242873
8.546613
10.775278
5.681499
1.372976
11.505688
15.523792
2.278523
15.209873
15.217196
3.088992
1.610402
5.656129
3.623027
0.923889
15.023114
6.002374
3.646372
6.053157
1.091444
1.123168
3.362212
0.965678
3.197352
20.055058
20.691218
3.204038
1.837847
4.767254
7.677514
0.854321
34.699095
1.675857
1.286481
6.749647
23.849378
1.331791
1.331515
0.079626
1.956524
4.754115
5.472072
11.373234
1.613515
3.141625
5.916004
5.434264
3.121864
18.101018
1.326394
0.988180
21.013514
1.226056
9.165559
11.247218
10.330900
1.270065
5.408941
5.441548
22.315573
1.006895
0.751688
3.561031
4.308720
3.215502
0.641429
8.672693
2.969511
5.597832
1.027776
4.021187
1.514507
0.983049
3.462725
0.904222
7.865304
4.227304
1.271908
30.713583
3.754244
11.883718
2.002859
0.982729
10.150613
3.184965
3.448993
5.482402
1.895720
0.636137
0.673446
0.832916
5.460656
6.088696
1.403654
2.860537
16.993313
66.811547
1.177547
0.669024
15.278553
5.442975
3.715106
1.572941
1.745642
0.755172
8.749072
1.707763
6.051120
22.623663
0.211340
2.812675
4.833495
1.257423
0.780675
2.843230
13.804976
0.388484
4.020035
3.726734
3.634100
4.107443
2.395016
11.208452
3.285890
3.272312
8.344232
21.232872
0.098413
2.360419
4.480408
0.612815
2.589705
12.076848
0.907059
5.243463
3.202617
0.619086
65.439039
1.989810
7.827512
2.374745
2.113233
3.846777
2.231946
0.413385
0.907586
7.485007
18.336144
1.640402
3.510735
0.358390
0.108282
5.449040
1.075885
0.343718
2.358461
3.968968
1.001413
4.562839
7.271555
0.151272
1.685108
1.880682
1.278109
2.746868
5.120720
3.649316
2.719282
11.343230
0.748653
1.464131
0.666115
4.785642
4.196717
34.414909
2.420538
2.373717
0.760363
1.438400
0.573652
2.552644
4.802542
2.920119
1.680066
10.896457
1.946280
2.928657
2.317529
4.801480
3.711022
14.202346
18.236787
1.942289
1.964763
13.939457
2.710691
2.423119
0.152560
3.005370
1.810455
3.188514
0.934197
4.316292
0.931644
0.812406
0.761830
0.589345
6.184444
15.562610
2.685594
2.461973
42.735011
3.599328
1.594313
0.667527
1.385886
5.202578
7.226490
0.110248
2.420117
4.039119
1.295807
0.290370
5.226645
11.525442
0.803662
8.712348
5.336217
40.319554
9.222982
0.826147
5.491313
1.179947
1.180082
1.565105
10.493476
3.602926
0.823940
0.641492
7.833259
1.231930
0.461754
1.730192
1.795915
1.606078
1.899115
1.600466
2.812393
7.567254
4.854692
35.318994
1.851842
1.245606
2.003301
0.483431
1.326021
0.822648
3.039127
1.340195
1.622387
1.189496
6.625791
0.479183
2.357080
71.907138
9.568270
2.912768
5.010938
5.641922
1.038606
2.596490
0.532804
1.299987
1.700259
3.716753
0.572703
3.610228
2.592784
1.338875
2.728429
3.064233
70.847189
2.557476
5.498992
1.595988
5.828182
9.507666
1.399256
5.628178
6.341270
0.695615
5.480728
0.147735
1.826369
5.775113
3.548604
0.980432
5.167327
1.127877
0.524128
8.392491
0.735852
5.107433
1.478850
4.309015
1.644026
17.445128
17.844877
3.505175
2.808225
2.106448
0.614735
4.382905
0.970052
2.239099
0.289035
7.704171
3.362078
1.167392
1.354590
10.996055
2.764018
7.054401
18.717481
0.896886
1.857660
7.924147
16.652061
1.621170
5.826470
20.178434
2.807681
9.880342
1.546434
5.546373
14.196095
0.124760
12.204369
1.807828
0.541958
3.597755
3.273161
1.074508
1.301705
1.100526
1.070811
9.252333
2.208245
7.419571
5.141755
1.350839
23.364065
2.381008
3.022104
10.289045
19.899140
2.968850
2.275687
7.703485
9.267003
0.637965
4.566448
2.035955
0.378706
2.221101
0.160520
13.288901
0.330135
8.317298
2.688555
2.115987
11.227052
1.142339
2.119083
3.614633
5.326859
5.780167
0.458793
2.669993
5.336510
0.094314
2.178871
1.035257
2.855544
3.387534
2.538778
0.218894
1.781920
4.765949
11.453871
1.057032
3.132037
14.269725
2.965982
16.319443
3.518302
1.830207
4.015545
0.389935
3.431956
2.435888
0.511263
3.214367
1.503330
8.823936
7.328423
4.665311
3.079111
0.601622
2.607027
36.441541
1.038285
18.210211
9.893170
0.695434
0.505965
2.191945
0.432381
20.221244
1.210595
13.667014
1.338262
0.894371
2.109701
3.266358
0.174631
3.059482
2.276071
0.238783
5.548595
0.837727
3.468505
6.218736
3.587729
7.021056
0.217300
3.668641
2.610386
1.195270
12.231669
1.706296
2.686745
1.775954
2.520020
3.339623
15.231218
0.244026
2.592762
0.698382
5.932067
0.928092
2.049027
0.723916
0.375854
3.671080
4.024165
1.173636
3.928819
3.892433
0.705731
0.637469
5.744381
15.659643
4.641913
16.143202
9.570747
3.117618
7.620491
0.613460
8.764374
3.671588
6.133358
0.949628
5.037830
3.964534
1.346325
2.331773
8.559912
9.865074
0.691320
4.834095
1.191802
6.570764
2.215113
2.184467
3.462014
6.480190
1.770413
1.583667
16.623047
0.850829
2.978893
4.279871
0.785769
9.331543
3.831623
2.833701
2.053186
26.568289
1.776670
4.369868
0.118459
0.102404
8.317864
2.501913
0.446897
1.542784
0.747147
5.556912
0.830159
0.427677
1.366635
1.325410
34.835030
4.551664
4.346612
5.655361
1.695751
0.285754
0.543075
1.900764
1.349422
0.091465
3.225566
6.537426
1.574431
9.153401
3.690750
0.615933
0.449564
0.993661
10.676904
5.558934
1.961948
0.093175
2.934751
0.285524
7.079397
107.980380
6.444362
4.448378
1.712574
11.512027
0.992078
3.997854
6.116068
2.117638
1.270485
3.207803
8.121380
98.663811
5.459990
3.091922
2.398041
3.295726
1.980226
3.020816
1.982527
9.062071
2.585245
6.211391
0.866886
4.652791
0.088399
4.238200
1.203232
1.222772
33.745305
1.047954
16.383089
2.028440
2.536072
5.624237
1.556487
0.121989
1.121896
0.566424
1.586687
1.721781
6.095258
5.582224
19.937388
0.523460
0.578153
2.693060
0.909258
4.583930
0.788675
0.935678
1.221833
6.133836
0.699070
55.802316
10.260309
12.159675
0.520125
27.934920
5.667605
6.862386
0.936958
2.192370
3.896580
2.115244
0.980053
1.085537
7.065645
1.530409
0.184299
13.935409
0.345172
8.344944
2.636327
0.622384
2.981687
16.950541
1.878680
3.021572
15.810204
0.294482
2.633768
24.668305
0.750855
1.232225
1.027418
0.546667
2.996313
1.357330
1.674292
2.588814
1.079698
4.424161
2.182799
3.576355
2.689207
1.071702
5.785506
4.682447
10.685247
0.340810
0.928271
38.774713
3.224950
19.218024
0.237737
0.147545
7.872167
23.190629
2.558415
1.944546
3.221385
1.665948
8.071233
7.595051
2.339418
24.100047
3.723220
2.829910
4.478303
1.324522
0.375745
3.527662
2.184478
3.842371
0.653602
2.812169
0.860207
0.502797
7.996675
0.440905
0.614575
1.819054
0.220680
1.809065
1.495309
35.807412
8.019669
2.537146
1.120088
3.553178
5.496687
15.267411
0.380053
5.787897
10.096879
2.122005
5.226688
0.124002
1.521657
34.230727
5.411715
1.097720
24.812303
1.194177
3.047152
9.123370
12.023365
1.973838
2.554524
5.884266
7.885376
1.183151
18.979633
1.839765
2.449169
1.258098
0.713399
0.261078
40.807158
5.562317
1.606446
11.810449
1.187075
1.733683
3.383817
1.411095
0.788417
2.036260
5.021804
3.026144
2.096210
4.499365
0.863527
1.759505
52.036647
0.564062
1.665960
24.853615
7.695428
0.966106
0.863120
4.736917
27.274213
14.607895
37.935643
8.568179
2.105711
1.764408
1.882423
16.791381
1.037927
2.336786
1.132721
3.596248
2.472830
3.149876
55.728554
24.669801
0.323412
8.520736
0.604126
2.031711
1.691216
1.838079
10.737182
1.402280
0.808327
2.675309
8.026590
5.725238
38.423421
5.636141
3.385084
9.078963
4.472794
3.010844
0.094382
1.486447
0.990099
3.033859
37.546573
0.653612
0.516830
1.169408
7.409402
1.073104
4.337859
5.673321
13.026281
2.077947
0.686468
1.030070
1.203436
5.477077
3.159276
5.346686
6.867096
14.993407
0.132630
0.144131
1.202871
1.228517
4.837368
0.126047
0.239861
31.867905
0.703095
38.791273
1.576903
0.631009
1.796873
4.711883
1.141002
7.926569
1.046751
0.401295
14.946405
1.774980
2.738719
1.974390
13.358061
12.450771
0.145850
7.442101
1.408885
12.429130
1.486054
5.340631
1.697861
1.134069
5.948536
3.373229
4.015527
3.072478
10.247366
1.587066
1.612242
2.278603
2.696994
5.435283
15.292620
9.077095
5.515768
4.378355
2.910110
2.725262
39.599018
18.627559
57.475627
1.222660
2.371789
0.262951
2.796846
2.550347
0.622796
8.198803
15.006494
14.293965
0.213847
3.604875
1.193130
1.686872
12.125665
5.487308
2.983741
3.519514
0.846660
0.374313
3.591992
4.789957
0.706046
5.647491
1.796450
0.983938
5.390586
19.478247
2.326057
0.728718
2.159312
6.865331
4.942647
18.787766
2.567047
1.002492
1.803764
1.284470
8.714606
1.259545
6.957038
3.356578
1.563197
1.597754
1.089179
3.138147
1.429350
16.383662
6.276830
1.814869
27.883644
1.135248
1.897781
0.625397
18.429607
0.858679
19.817091
3.248807
0.633985
6.051966
4.439667
1.562309
0.624112
1.489555
2.058475
0.787142
0.103138
5.569976
6.017002
1.256122
1.589046
4.047553
120.868116
0.638377
0.738891
3.084148
1.674237
3.830845
1.388937
4.730113
34.244512
0.320384
15.580748
12.019160
7.531691
2.772139
31.088178
34.879497
4.990860
1.691595
4.943712
15.586541
6.120589
2.322594
6.097501
11.367221
2.272097
1.462218
0.380580
15.232609
1.902742
0.715657
2.851552
5.620146
2.855920
2.785489
10.327080
15.713549
2.660782
2.118640
0.675795
2.269798
1.053515
0.771594
1.828657
1.110190
2.406551
1.087475
6.151373
10.792106
1.352426
0.567823
1.849785
1.345351
17.527348
0.468616
0.124969
79.100069
1.509289
2.150700
0.948881
16.465883
3.368753
2.235382
6.917743
6.481928
14.802654
5.433479
5.173748
2.266694
15.334368
13.846307
9.885009
2.432581
4.733024
1.176355
2.057611
62.088717
0.635490
0.619328
7.185416
0.436085
8.759772
1.262175
1.563226
8.450205
3.251794
2.052778
87.551624
0.481676
0.953243
13.432138
5.383409
2.466683
1.219451
4.145863
0.570672
3.474291
4.487692
3.456411
3.423801
0.618675
5.181582
5.567757
2.057135
0.602414
3.579994
0.258808
0.760869
1.888846
10.898044
0.459139
1.187480
1.210101
3.342398
1.039658
1.313339
1.395249
0.878706
6.966298
4.625290
2.528807
2.696523
25.590785
1.147033
3.298550
3.055467
5.737419
2.839544
0.384036
2.881694
3.132472
3.016562
5.833487
12.201932
4.313444
6.381788
0.735016
1.010689
0.618638
2.855069
0.694742
4.852467
6.221998
1.216140
0.878673
3.683396
6.981813
2.323280
11.115898
4.485257
1.328427
3.215993
1.528131
3.575780
13.312380
2.999634
0.861769
0.076159
61.634814
1.864847
3.085291
3.251082
0.878869
1.806152
0.762125
1.188927
1.939839
0.576199
40.576685
0.944926
1.696684
2.547329
5.496121
6.296780
4.870578
1.171269
0.666318
0.758060
4.209667
0.891783
2.059523
4.251818
5.798084
5.346942
0.743333
2.834958
0.946560
1.792286
0.709518
3.496260
3.735428
1.002948
0.608249
2.464513
3.421135
5.600166
8.487161
1.707989
2.435229
0.803798
2.056462
1.094997
1.431693
2.692023
2.650919
2.667341
1.729350
0.893630
10.063866
1.407812
0.885900
11.203631
9.448319
1.536611
6.139075
1.020186
11.313246
1.903561
14.682626
1.786243
4.231429
6.050312
0.920934
1.809970
1.274626
1.427020
0.914776
16.078799
3.383636
2.414736
2.795527
2.651083
5.870994
3.498440
1.006029
8.906137
3.276259
4.670889
3.082103
1.560097
4.621005
0.990015
1.177034
0.617587
1.680267
3.422027
5.018919
0.085517
0.844054
1.643276
3.231088
5.901662
1.457170
0.122928
2.884780
1.940211
0.070581
0.560339
29.921031
3.136349
0.450470
1.223017
2.973420
2.647006
8.781778
1.791441
0.497004
1.762604
2.878577
4.803326
3.045502
1.769842
4.295253
2.386205
1.161167
1.373075
5.200417
2.365115
0.601958
6.237794
0.815848
2.291225
0.776902
3.834768
2.704709
6.174021
0.597861
11.015430
3.032361
0.249232
11.479551
1.182769
18.151106
9.760482
0.916770
0.830610
1.237679
0.407248
1.003951
4.212443
5.247591
6.188816
13.878485
1.681542
5.305402
3.086592
5.359461
1.579647
15.206376
9.842633
5.974795
11.395592
0.292250
3.490773
4.385341
13.216644
4.317404
61.522347
1.018817
12.320164
1.875769
5.781913
4.804854
2.601295
4.742743
2.018717
3.012858
0.482521
12.128804
10.901626
0.753852
2.928304
15.453581
0.615941
1.557264
1.424235
0.564703
0.795858
3.680834
3.922956
9.241739
1.353320
8.718931
5.449520
10.008908
40.836932
0.354828
2.411410
2.561496
15.019870
3.846425
1.200043
3.811651
1.549459
73.912846
11.995292
2.785506
3.220310
1.855818
1.722137
2.429439
1.136835
54.714818
4.207832
9.702662
5.359220
5.633181
0.963853
1.348615
4.022045
0.205898
1.290894
3.199281
11.629330
3.193855
2.530256
5.959219
5.951313
3.599908
0.087647
2.229884
0.704059
8.194137
11.222745
2.276560
9.461762
3.240794
1.998706
0.674600
4.248429
17.010384
3.492640
3.210228
2.923866
3.422947
1.571624
0.848338
1.760365
0.702848
5.234626
1.464691
8.679585
1.070157
0.551823
1.092852
3.945225
0.588108
52.157905
0.741740
0.664101
1.819245
12.063676
14.441387
0.324389
9.147332
8.292303
1.830576
3.669455
1.538314
0.529028
0.433724
3.480627
7.731345
0.088424
4.153528
0.906067
2.317389
4.196312
0.739045
1.164684
0.074011
9.016165
5.739937
14.707352
1.041207
54.023190
2.325160
17.512788
1.837215
3.531263
3.516985
4.539431
4.177304
6.090117
5.848312
6.175168
1.536053
5.032492
0.110055
13.882490
1.415183
5.104747
3.783056
3.117921
0.242974
20.616697
8.225928
2.165562
5.371519
11.277061
2.506972
3.931901
3.046513
6.341081
0.902872
3.095267
0.676167
4.087125
0.530501
8.558470
1.548445
1.969446
2.034618
2.083545
1.533456
0.690806
2.528953
1.454516
2.265510
0.719073
2.081309
3.730411
1.943957
3.662383
1.074355
1.966187
1.750880
2.798868
3.183452
1.958399
3.321613
2.450427
1.329105
2.301869
5.859915
0.506805
1.421046
0.752069
0.128770
5.489001
14.333564
3.185034
0.250316
84.361093
2.109727
0.618970
2.730637
2.608298
0.345474
3.871024
5.256571
4.810601
5.743022
0.109184
0.467393
5.885200
0.104582
0.604690
1.702594
2.008511
1.904475
0.084512
5.333111
0.444720
5.058580
1.916005
7.333695
0.636328
1.383766
0.740901
1.127988
3.541124
3.028629
2.345357
17.050664
6.927528
3.486082
10.598180
1.246099
1.047100
3.196876
6.759746
2.341686
13.566038
2.544524
0.098776
0.209497
0.879880
7.295455
2.045377
1.807869
2.170823
3.727611
8.126960
1.618675
1.651852
7.684121
1.549566
12.145936
3.793597
2.363488
5.230032
1.464794
3.069796
1.708749
4.491127
3.199113
1.298277
1.278173
3.617971
0.858515
3.508731
15.809118
1.439350
10.814446
2.440709
1.182817
2.072244
15.001572
0.805091
13.361449
5.097774
3.155667
0.857380
0.660700
1.753908
0.513908
2.323968
1.301210
1.621628
15.914901
78.949944
3.074664
14.464837
11.691033
3.424583
2.854901
0.847159
7.007828
1.079356
0.501654
16.258481
0.449312
0.130400
2.502188
3.308918
1.210972
0.913406
1.326944
3.505091
1.250340
3.535156
1.300033
10.830322
0.697984
2.582997
5.332681
0.662399
1.705577
0.843147
19.300961
0.133688
1.356293
1.016246
4.529639
0.158977
14.521971
1.628766
0.977816
6.287768
2.069466
0.100470
6.001346
10.268955
5.294552
1.462348
1.884970
2.018950
1.612176
6.171006
34.131624
7.484555
5.712215
5.551983
0.218609
0.377722
4.369924
2.773848
0.543892
0.969058
4.727614
0.213848
20.668822
1.371475
0.384073
6.827078
0.763945
1.407599
6.769135
12.281721
1.360920
3.495899
2.765099
11.505477
9.943356
2.158534
1.190259
8.060720
1.240858
1.117524
2.994760
0.658176
1.288943
5.084687
0.852730
9.615302
6.250750
35.118476
5.956950
1.698862
2.044770
1.391299
17.696401
5.528700
0.670307
1.525556
1.690499
12.918187
8.773011
3.005010
0.252529
2.113418
1.837971
4.048553
7.374120
0.989259
3.398261
4.416628
11.411620
2.463959
4.614387
5.730949
2.382345
5.428697
5.597953
6.975078
1.865384
1.029303
0.668305
0.898480
1.146676
0.613727
7.194624
7.099170
1.650193
5.585881
0.226116
8.194554
6.339514
1.477414
1.856923
1.248128
2.040202
2.413417
1.346122
9.219806
31.798710
0.901930
3.119686
1.437570
35.070273
0.831719
0.249143
23.358168
0.650462
11.508173
19.936560
0.834803
5.280856
3.697344
1.588985
18.860020
3.536374
3.037036
4.924272
5.452020
9.210458
3.016174
0.635626
1.134685
1.407619
4.700080
1.253822
2.593504
6.278201
0.100856
1.960753
9.483581
1.591886
5.388209
1.046900
2.135916
5.324303
2.062421
0.594696
3.039970
0.946670
14.509184
7.260784
1.134957
0.109794
2.012771
4.535419
2.170969
3.229994
1.211339
8.858709
9.953877
11.437271
10.647278
0.873544
0.333562
9.288456
1.489351
11.490292
3.058324
0.758311
5.097847
0.518054
1.219742
1.342373
20.545675
0.780803
2.098576
11.349214
0.894793
2.033167
13.075348
0.562279
1.299620
1.369163
3.265015
1.406412
0.781486
1.857429
4.570005
8.959306
0.179465
5.215052
1.715506
5.072680
2.829515
0.630290
5.117823
35.366655
16.434469
0.387769
6.409290
0.712244
5.436330
1.471003
6.430781
9.470996
5.520395
6.271040
3.934461
1.389433
4.298426
15.111903
0.591882
2.227576
0.717851
4.714264
5.643849
9.896171
6.806563
1.083135
5.022227
2.680260
5.762658
5.430480
0.697127
23.949069
4.429482
2.968243
8.852205
4.321599
8.624053
1.157553
3.943490
2.744432
2.917905
18.027391
89.061632
11.889847
3.764361
0.624599
7.180538
23.514171
3.337572
13.455875
2.228614
11.091444
0.398858
4.473953
11.149919
3.388773
3.510300
0.657729
9.646945
6.300242
1.585193
69.576453
0.876381
1.081096
2.897685
6.341704
0.813403
5.090870
11.673439
1.987629
20.776300
1.867809
2.250721
5.292676
0.188874
2.264743
2.912889
7.041056
7.510326
11.574734
1.241895
0.360763
0.956446
1.397841
3.669589
0.905433
1.530437
3.105156
4.359479
0.337337
2.592462
13.188620
1.276400
1.057791
3.965075
2.476331
3.248630
3.075264
2.497099
9.560125
3.039676
6.004507
11.725326
2.403827
1.521145
6.164908
1.881346
3.722100
2.562458
40.596527
2.979142
2.883977
1.763267
1.432921
5.286759
1.646471
0.086301
1.400318
1.313763
1.571932
3.263712
33.907664
1.351078
5.798111
1.176107
2.657486
2.236273
0.423274
0.146635
14.587865
2.116570
2.534970
0.529139
1.924270
0.220266
6.919326
0.262036
1.650441
3.515209
10.226079
4.607407
3.144276
7.990724
14.899371
5.602982
0.946174
4.745372
2.863475
3.524008
3.045880
5.386127
5.491162
0.751994
6.719299
0.613126
0.251122
75.941455
2.112506
2.136402
1.264204
0.217076
3.601609
8.719236
0.632508
3.010698
2.518098
4.093776
0.389374
0.274169
4.732994
0.958081
0.283442
1.989760
2.661973
2.879276
0.979486
3.800193
1.558565
1.277808
2.097740
7.578642
0.414687
3.266800
7.433754
1.568204
1.957457
6.216688
5.487546
0.853173
1.873082
7.889510
2.725812
1.204565
5.385595
1.366966
2.177654
0.347121
1.897742
6.125229
0.979608
5.338138
5.526546
0.095601
27.091501
2.216201
0.272538
1.744908
1.277976
1.420062
9.401455
5.738834
4.288711
0.928264
0.964029
2.091914
2.054626
1.554724
1.794224
0.243470
1.030945
2.451877
5.430627
13.652001
0.996488
0.876437
1.847197
0.909072
10.100475
0.113972
62.154441
3.430232
6.288816
5.440653
7.714840
10.021140
1.686566
15.516527
1.786124
0.836459
8.862637
2.482564
0.443184
0.955743
1.354890
1.810862
0.253117
4.716702
0.109642
6.141329
4.988079
0.995215
0.275293
0.959049
1.778148
0.717339
21.172018
0.660806
5.265969
6.804801
2.298447
4.564171
1.664584
15.477843
7.057784
0.748909
15.139410
10.530226
2.080937
2.239628
1.683182
0.506385
0.075435
4.522189
29.312931
2.156524
0.462403
3.047847
0.589540
12.597573
3.123078
7.079332
14.305783
0.402307
3.782432
0.997379
3.028688
9.696193
1.979844
4.349439
0.513776
4.299661
2.308719
26.605516
9.124679
3.711469
1.571982
2.817782
0.564648
0.603186
0.905216
6.466947
6.708455
2.334723
6.246891
1.420086
1.704167
3.003200
0.471275
1.009684
1.590708
3.354813
23.355366
2.390250
0.829782
1.394362
14.416347
6.142809
1.796029
3.553097
5.393039
0.918893
2.497965
0.654340
0.438710
3.381633
1.009651
1.027395
0.979622
92.878716
3.728139
1.502084
12.699851
3.419652
2.173602
8.143831
15.633239
0.903651
1.887399
2.822511
0.575737
0.581741
0.597419
10.113231
23.819559
23.941520
0.862518
3.353383
1.556474
10.482754
3.838175
10.493086
12.011959
2.067784
3.435092
2.796398
1.841281
12.470371
4.994221
3.296058
1.409319
1.395607
2.261437
0.086152
3.160259
5.988379
3.039405
1.498808
1.024463
3.877403
0.741868
2.573211
42.706465
4.663138
4.689146
0.949804
16.653452
7.348646
0.221111
2.467441
5.395946
3.671684
0.173330
4.192424
1.840828
1.428269
2.426271
0.911233
3.259368
5.098659
4.673603
6.510511
0.170239
4.769573
19.362135
4.500494
8.100585
3.248545
1.069837
2.869103
18.114111
25.520293
3.103740
5.699402
1.548863
0.816219
7.020833
4.851122
7.072453
37.096301
0.336275
3.535154
10.495393
0.173939
3.227300
0.086833
3.116402
56.538882
1.343588
0.218794
6.261187
5.201330
1.033898
0.421982
1.477567
1.401601
0.907208
2.840158
8.981755
2.687006
1.502938
1.755486
0.795815
3.608054
2.972968
9.336432
1.348792
6.709745
0.869292
3.684142
1.929365
1.606984
1.477235
3.433106
1.672700
6.742672
3.116676
3.109820
1.852145
0.778470
3.836020
1.543809
0.358730
0.495176
3.319684
4.650885
15.098771
3.671780
5.396573
3.605970
146.957890
5.695490
15.554842
10.156205
1.352605
0.094138
0.546952
2.365111
0.123611
1.006229
10.445007
1.148657
2.105360
4.896688
1.103616
3.448833
4.484615
0.694363
0.497416
0.483233
11.856220
2.830677
10.284711
20.214949
4.545860
6.343748
0.172174
0.791714
2.932040
3.818954
0.110953
6.235562
8.176087
2.858150
1.145187
17.859582
2.768302
12.845613
0.299680
3.293010
2.366304
1.949397
5.521462
4.680164
6.282957
3.101033
2.090061
116.839068
2.051829
4.593685
1.034634
5.111496
4.884411
1.984142
20.142560
4.872390
2.304805
1.539739
2.650431
5.426111
0.160349
0.075199
0.897581
0.595265
0.245659
1.916544
3.752083
0.726635
3.142430
4.606352
1.330728
0.606129
0.428650
5.425502
14.638304
6.062637
2.418154
19.587689
1.997242
0.662278
1.745424
1.365973
10.329856
3.678249
5.216350
1.302342
4.991818
1.239558
5.520361
6.293497
1.584498
1.662394
3.635835
8.402661
1.570828
0.617521
0.726913
0.399430
1.384307
11.794696
1.624826
0.595419
5.561993
2.531472
13.650312
4.682870
6.429391
1.501719
1.956221
0.800901
0.268650
7.118977
1.554056
0.570152
0.418230
3.462246
81.011878
0.533261
0.174969
4.644628
0.592833
9.595654
2.383311
0.090838
0.625781
2.587205
1.933312
0.346146
0.144994
1.598198
5.416654
1.210857
16.828466
0.210749
1.014668
38.684206
0.982832
2.618489
1.140959
0.080365
0.960089
0.771799
2.237650
5.219517
3.188594
0.925585
0.224974
6.833016
1.393550
2.051978
2.327273
0.729306
3.734528
0.998751
2.492612
4.600396
1.142121
0.627528
0.167927
2.069250
5.556366
20.088435
5.818972
19.796393
3.707771
1.783629
6.323311
0.095637
1.245241
0.665748
0.942423
1.393555
11.278787
5.058981
1.149360
3.480798
2.409163
5.430754
2.415822
1.613067
0.971958
0.076416
27.285131
30.488913
2.632822
4.635243
3.027886
0.122383
4.543422
1.840199
8.556860
0.940213
0.818066
2.190672
4.384230
1.837777
0.706623
0.722057
2.726210
14.697698
4.052333
1.880148
1.734136
16.936968
0.560194
23.222015
15.873925
1.986164
3.077480
0.907506
0.808028
6.088540
1.410932
5.543589
0.678087
1.143449
2.752722
3.376531
1.079339
3.415857
7.428615
3.185152
2.452679
3.643235
8.389593
1.084417
1.544246
1.691295
5.497688
4.118068
8.819728
2.898255
1.195567
4.883276
92.314478
4.463449
1.080829
1.192709
3.723581
2.340034
2.525679
1.887638
1.923156
1.527734
0.728064
9.372432
0.178140
0.635168
10.917266
9.155395
8.821507
7.286391
4.419110
91.872453
2.601560
2.104431
0.628189
2.431971
14.359131
14.503307
2.666921
2.440203
0.568528
1.435324
3.191490
16.884717
3.611297
1.361777
1.027773
0.632163
2.109356
15.853753
3.264681
0.452482
4.596608
0.128668
12.618197
1.100935
1.815084
12.705736
1.306578
1.946176
25.527380
12.494024
14.308057
2.413293
1.809364
3.260538
0.106346
0.905352
2.753257
5.850972
3.766465
4.799094
3.960039
6.502887
9.651554
0.786755
3.128074
1.367848
3.058639
3.021707
7.071521
2.468900
0.258060
0.223807
0.966295
1.372746
19.991329
2.079441
1.109760
0.149009
1.583533
2.350375
0.805554
1.695334
9.422881
2.564010
0.604307
2.789376
3.085650
3.863982
1.066203
11.714037
6.977629
1.164177
13.929920
0.199521
1.142924
0.591779
0.576021
61.230836
0.796464
4.249827
1.862158
1.580313
1.391778
2.915449
22.898483
2.744169
4.237352
1.361748
6.011742
4.080758
2.021945
3.791515
0.490786
7.800042
1.932396
0.977445
0.567779
1.331430
24.677941
0.707528
12.377985
8.941702
0.773298
4.766536
5.991855
3.430652
29.210329
36.159081
1.305506
4.552417
2.004003
12.561495
4.715937
4.372648
2.920381
1.444930
4.310772
2.899598
3.685135
7.856331
2.530171
14.907527
12.750270
13.051893
1.030838
2.818819
8.571344
17.206679
6.365997
7.039958
5.540914
2.451326
0.749202
11.221439
0.889531
5.443423
0.090414
3.974157
7.205647
0.461075
1.065844
37.851944
0.992433
2.450545
5.742591
2.813951
1.083723
3.119077
1.767565
2.947040
1.219475
18.021480
2.595612
53.288658
1.414000
2.409225
3.529615
2.434097
3.034073
0.981480
0.176828
1.395110
1.914272
0.620538
0.915829
2.241210
3.003463
1.066004
3.115089
0.818957
2.301084
0.238271
0.263872
0.109055
7.168973
1.651833
3.328070
38.346631
4.390208
4.949996
1.048579
1.149427
80.151806
6.343248
2.055918
0.655800
9.845455
1.294626
4.259886
1.883342
4.399060
0.883011
3.061680
14.227334
0.156852
0.884600
4.010087
8.776190
2.514444
3.280841
2.399244
17.292926
29.014561
6.683574
16.937809
2.226873
10.468949
0.513176
3.513807
1.830430
8.365486
1.212025
0.615750
0.905423
0.670506
4.780053
3.520974
2.819958
25.628709
0.824111
2.195911
8.761503
5.532763
0.104292
2.715248
2.757532
0.515621
16.014978
10.065844
4.205672
5.745689
4.143240
4.886470
1.045344
3.076939
4.292660
3.243900
2.580087
2.044755
0.909774
0.332986
1.084088
1.563636
4.468663
2.906671
4.129826
0.931344
0.308815
1.291587
0.629647
1.803218
1.594730
1.118318
2.086291
6.811206
5.787620
0.367063
1.947599
1.896079
1.125000
0.129990
8.234203
3.285345
0.963403
0.847373
0.369781
2.794497
0.513062
1.337111
0.294652
5.353835
29.149995
0.423280
1.298067
4.348734
0.966456
0.624714
8.082850
18.177833
14.508423
6.907998
1.841232
3.753353
16.098787
1.461972
7.431966
5.823993
0.401164
4.899358
1.802770
0.878877
82.006505
1.928852
1.388417
0.217377
4.879587
9.696821
2.356147
5.157718
1.390844
2.708590
2.394861
0.318652
4.679515
8.076399
0.530383
0.897598
0.870789
2.898959
13.080202
0.687604
2.834760
0.760024
0.537447
1.490851
2.257196
2.624659
6.226655
12.838064
7.854896
3.471146
2.870428
1.063785
1.004520
2.013477
0.882154
1.907102
0.846739
1.300145
0.931612
1.023575
15.549332
1.062034
0.690675
1.097367
0.747044
0.486496
74.880055
5.361700
0.826808
6.150293
2.130282
10.356092
31.729422
1.100515
2.000336
3.182149
1.700301
14.925788
2.275780
1.984203
0.155318
1.567428
2.643337
0.178081
34.555950
5.912674
1.817350
4.106019
0.809704
0.940718
4.083772
0.135347
2.858534
11.863662
1.077115
0.314548
3.043668
0.136022
0.362829
2.577853
87.403159
3.369664
1.570166
3.154585
0.268934
0.847816
1.319126
3.874446
3.584539
0.107299
0.883019
1.423290
0.336275
1.177536
1.580625
5.978924
0.782740
2.513291
2.676032
17.974788
2.245851
1.928610
0.239774
10.515792
3.368138
0.426147
14.872903
0.112647
5.235500
0.565203
3.635345
0.251080
17.456816
5.783572
0.099253
5.621733
0.089389
31.498255
6.145672
2.278570
2.232058
3.518451
6.598288
0.383879
8.531194
1.361240
1.144130
0.104061
4.819001
4.144374
0.716474
8.638544
2.781643
1.453188
3.481886
7.987188
0.912010
6.819266
9.931303
8.446562
3.001718
115.229191
9.807345
1.990070
5.344802
2.255067
2.825464
32.630902
0.391758
1.481266
4.938755
9.984604
2.752966
10.769518
0.986052
2.789275
8.133381
28.144113
0.721103
1.100723
3.610071
1.217569
1.059530
0.212942
0.071736
1.222142
8.759072
0.929674
3.430065
5.512487
5.620078
0.118070
2.542998
2.454760
1.824194
2.656255
10.400381
1.586517
1.807558
3.023884
116.821925
4.460171
4.132834
0.872764
2.080692
2.258560
2.044808
1.319402
0.710586
16.305720
3.575824
1.314840
4.239606
5.271820
1.309887
0.728742
1.164735
2.457672
4.269390
1.426724
86.275785
1.645468
6.327623
4.424207
9.208964
5.015517
6.127627
2.017113
6.171735
0.329171
14.876516
4.088695
0.913363
1.190969
1.749584
1.030992
2.511762
1.180328
0.271838
9.846689
2.748018
1.433151
0.311668
0.078138
8.712444
7.874383
1.134072
2.486736
5.805342
1.353639
30.081452
18.214808
6.673715
6.458878
6.176136
6.420760
0.889297
2.507947
1.160384
0.704714
6.223289
6.324772
1.050974
14.321327
5.097678
5.828206
2.244760
3.252097
23.884500
6.124247
36.560996
0.686638
2.253372
4.524259
3.407498
1.437417
6.291001
1.330191
2.009798
0.275128
1.168293
6.216442
0.713148
3.629019
1.187408
1.367986
5.654140
2.725375
0.672383
3.954494
0.445800
1.803027
0.690891
3.557228
0.090834
1.102640
3.698433
1.403935
1.993163
1.061116
1.418115
8.634395
1.673669
13.398949
1.037997
8.392117
2.827080
1.010053
1.478053
0.923378
2.593252
9.773116
1.635753
8.252926
0.189011
0.877298
6.597353
0.087609
62.941246
2.481534
0.491082
25.897019
1.058744
3.086104
1.616730
2.481474
2.378131
0.988336
14.684603
9.251089
3.844130
0.757440
1.683677
4.395611
1.381705
0.086313
0.621451
4.080565
0.468704
1.465992
6.073999
0.655108
3.484424
3.843353
1.900101
2.649989
0.539448
5.631850
1.785313
1.861398
12.547509
9.505851
4.549013
0.950351
28.602215
4.232636
6.562622
0.372269
13.771740
1.367356
3.805436
0.769860
1.439212
56.797112
3.163125
3.333997
9.194435
4.646567
3.780365
3.577497
8.635798
6.320336
4.526651
4.446523
0.996235
34.439815
6.487847
1.875884
0.435997
1.129611
0.082225
3.857264
1.206942
0.540200
2.644979
8.395668
0.597515
1.091505
2.118513
5.025605
8.090285
2.340674
1.425931
15.349815
11.552114
5.562630
8.663053
0.750117
5.301276
7.306051
3.432028
31.128585
2.797085
4.628981
2.725487
3.066043
0.656519
3.079561
5.235062
6.602419
5.514287
27.250732
3.668113
11.055440
16.023635
12.768765
54.346295
15.775360
7.170328
11.255076
3.351949
1.375260
3.261173
1.425617
2.237312
3.898852
1.773754
2.501110
2.497850
3.469847
1.268909
0.978578
2.264621
1.577522
0.668556
1.975311
0.420553
1.587196
42.869339
3.517104
0.951035
4.216112
0.524847
1.546130
2.276660
5.836464
0.489323
4.513042
0.787083
2.179344
3.148728
0.536526
1.513325
2.791917
0.399614
0.445226
0.524100
1.466603
2.585593
0.107688
1.984758
0.848018
2.701223
0.117880
5.902135
1.758232
0.544326
5.112437
5.152861
0.834032
1.259142
16.924270
0.586715
6.408745
1.759640
7.617927
2.417028
0.524249
5.237852
0.119498
2.901475
0.883200
1.027158
0.565698
2.259557
1.099042
4.825624
2.533669
1.171537
1.954382
0.871742
0.559387
0.998587
2.070457
3.362595
1.844170
1.221900
8.877188
12.645098
1.589216
14.422909
1.805686
2.478955
6.342229
0.940730
4.475648
0.153064
29.054645
0.390981
5.166355
4.896541
7.570350
5.386755
1.073757
2.929821
0.948351
30.121814
8.127460
4.090836
18.621978
0.307634
24.553801
1.888797
0.761834
0.078412
2.995419
3.038210
4.906281
6.651700
2.513755
0.929127
1.394396
14.887023
0.913159
10.293010
0.457431
0.859672
1.226575
1.482926
5.004026
8.982756
4.076786
2.126814
4.844197
4.244342
2.406826
3.166857
3.142365
0.307278
5.160527
4.825623
0.148350
3.879518
1.008080
0.974934
8.146720
1.157881
0.202508
2.867815
0.988425
0.877904
2.442189
9.803213
11.236254
0.723135
3.470207
0.091627
2.247410
4.820460
0.921818
4.689119
1.078860
3.660402
2.510277
0.546487
5.463918
3.568705
3.193243
0.455714
0.601775
0.259354
5.393876
3.117379
16.018188
6.678203
1.603469
1.545519
0.776147
1.205561
3.653494
0.832099
2.671776
3.435728
0.243240
12.161198
2.172986
4.985518
4.001695
14.669179
3.242226
0.282692
1.585300
3.516214
5.736098
0.316626
12.548140
32.368115
4.040175
0.830714
5.258992
3.303312
8.595793
2.333154
2.560290
0.399317
5.413862
5.737848
4.886864
6.516555
8.782304
3.224426
2.902330
0.445900
1.422210
1.823144
4.065388
0.605452
0.478276
5.552515
28.454882
1.026266
4.944664
1.792020
16.127700
0.154798
6.592463
5.688182
5.126158
3.560784
3.180881
5.706421
0.868094
6.803347
4.860037
0.107593
4.602351
0.586261
1.391260
8.531615
18.994671
3.594569
1.049278
1.919434
18.852458
3.025811
3.815620
1.723376
0.737043
1.496046
4.374126
4.470914
1.649103
1.062823
3.105233
3.522734
17.553549
4.739187
7.413610
1.129336
4.395828
5.033485
1.376191
0.079968
3.163784
0.660379
0.230264
0.273144
5.771034
2.983761
1.720955
1.525018
2.900741
6.544344
17.433562
1.703239
1.849692
0.112255
4.281138
1.539873
4.235971
0.929431
6.105481
0.847029
0.071611
5.383259
4.141820
0.106814
6.308868
0.773229
4.492290
5.810635
4.736974
0.602466
0.581836
16.627976
0.750924
2.661169
5.253394
1.301461
11.704516
1.060211
1.147556
0.697794
0.565035
0.648967
0.146121
5.066963
0.118709
0.064778
31.732358
59.156315
2.912278
1.341069
1.710203
63.377142
29.921306
0.538087
1.047043
0.088105
1.958165
4.804588
1.573210
5.635610
2.303919
0.893622
5.695911
4.052813
8.286089
2.756779
3.844197
10.466869
1.177865
31.173230
1.309222
0.137338
1.727724
4.019851
2.578889
0.075754
69.565250
11.919228
5.169169
13.764464
3.991931
0.417098
15.964187
1.687444
0.829091
1.235650
1.547817
0.319129
9.120454
3.335376
2.875231
13.166563
0.773267
9.286471
5.082850
5.305006
9.231258
0.687393
1.108356
0.890369
5.905172
5.060095
6.605944
0.615270
10.294648
9.519114
0.248872
2.625855
1.835160
4.012894
2.460542
0.193671
9.167256
4.856255
1.486897
0.908611
0.746048
1.239238
2.327060
3.199873
8.529329
0.229708
2.461355
0.620743
0.736409
0.479490
0.980065
1.282246
1.529930
1.559715
5.304228
2.624837
2.741154
0.425883
2.085033
5.016436
1.307808
0.425239
1.500949
2.035432
0.611534
4.560110
1.273726
0.507929
1.304444
0.196935
2.727647
1.402722
1.431389
18.946659
10.418549
11.461890
0.119868
4.602817
1.016302
0.964233
7.235466
8.677243
0.933955
0.341105
2.406513
4.369395
0.085794
3.695651
2.717075
0.955654
5.548294
0.730298
10.662599
6.456653
2.555792
2.138700
1.916919
5.279575
2.809330
0.684793
1.594931
3.480603
1.912606
1.991722
3.907289
6.398907
2.998394
13.955645
12.850209
1.344140
1.585391
2.961170
0.178908
1.365218
0.739921
0.599305
0.585004
4.498466
14.040411
0.288426
11.282781
1.541651
0.176692
8.725232
8.338176
7.065208
0.167816
6.691102
3.433132
12.613283
0.975454
0.191357
4.678405
1.905764
6.116155
5.504872
2.601089
3.324360
6.340445
11.843200
7.560648
5.773732
1.917314
3.370341
0.751276
1.566434
0.657338
1.779454
5.147983
0.975691
7.337804
2.488822
8.839367
2.243615
1.699219
1.558180
1.949685
1.990300
1.889783
3.489499
0.137700
1.124644
3.234346
11.349431
3.916459
1.380282
0.686636
0.898804
2.586291
0.553847
0.740101
13.329892
114.315815
9.708210
1.234080
3.865242
5.906348
2.053421
1.009037
0.536050
7.877591
1.140340
11.467744
1.314449
7.841861
0.906376
0.552798
6.736696
1.493392
0.591689
53.637253
0.873842
3.501432
7.270458
0.916820
0.571981
37.015146
4.187036
18.609392
1.402084
4.408574
1.403286
0.562364
19.011984
1.124698
36.137827
5.584677
6.093311
0.387160
1.620827
10.206119
15.299028
1.502162
1.678027
4.044990
2.752425
1.126382
3.997948
3.305866
5.490740
3.611451
2.995770
3.196845
0.592993
5.248325
1.549193
0.118297
5.340425
0.247446
0.675395
9.260666
5.198937
4.966866
4.726569
4.172425
7.605458
2.046054
3.384590
3.605346
6.463782
1.936593
5.844157
1.473033
2.578176
14.698587
2.747033
1.629603
1.347882
6.947666
0.390484
3.695249
0.634720
0.586783
0.898191
1.748178
3.361125
11.812328
3.024407
1.654056
1.372083
1.508629
9.125019
7.492644
15.551419
1.032059
0.230318
6.260829
1.207313
1.393360
4.437067
1.814975
8.051916
0.433828
1.532738
5.873971
10.272402
2.233113
1.462559
1.243413
0.477786
8.141015
5.814474
1.842994
7.788648
2.495849
14.869142
2.738172
5.653362
10.383634
9.308499
2.276611
6.748265
2.515599
1.215248
4.578090
5.475493
4.503785
0.097604
3.512606
0.637292
7.603082
7.835566
7.415285
1.193892
0.632179
2.594550
0.916905
0.935566
4.784202
2.173617
4.430142
2.551610
4.770708
1.202292
1.529479
3.692436
5.521663
13.331622
4.859942
8.220479
3.524395
23.276315
10.671031
7.382731
2.015640
0.087699
15.568457
80.665435
1.184883
12.804642
2.026834
4.416775
2.093643
1.634086
1.136373
1.523027
4.941054
37.333584
3.568393
2.929643
0.987347
10.868216
0.987520
1.376210
0.664216
0.896485
1.202418
2.002267
0.127310
0.843383
0.725686
0.925747
26.588413
0.697175
11.788064
6.814774
4.519534
6.530989
0.367511
3.858003
0.933207
1.316030
1.062283
3.452513
0.909596
2.106464
13.029120
5.530250
1.047527
2.147548
1.634904
2.841999
17.608466
0.149872
3.523730
1.928057
1.261451
23.597694
0.898372
0.556310
3.082000
9.990351
22.594907
5.533781
4.870162
2.973160
1.362857
4.928663
3.495553
1.955135
5.494135
1.459998
1.847047
0.205424
5.483715
1.770526
1.633591
0.156296
6.327731
3.644804
2.597548
1.597370
5.380037
2.893642
0.639834
0.661595
2.598382
1.165105
2.560819
2.940837
0.334480
5.401402
0.901609
6.199771
13.254083
0.122586
3.855493
9.871337
1.689810
1.326892
2.946629
66.916421
1.045262
0.584524
0.372774
0.869109
0.568262
1.675567
3.633042
11.358601
1.262036
3.965177
6.266518
1.535311
3.194932
4.003809
2.510914
1.401001
0.081271
0.623998
6.852288
55.130295
5.811890
1.035655
6.787770
6.364357
1.002156
11.291493
1.278544
10.523623
13.830141
11.189259
0.702366
1.554999
4.028496
16.108126
5.830138
5.610288
23.641701
3.687535
1.018668
0.575291
19.695816
4.391424
0.386442
0.097605
3.705090
1.262372
1.175070
0.827698
0.895505
3.605600
5.253848
7.163106
8.843033
6.560693
1.898028
0.290997
0.095537
1.731772
16.896157
3.159790
0.781705
1.909175
0.995745
0.528807
91.820581
1.479077
7.170090
11.913934
5.450545
3.306193
15.615177
1.298761
2.114766
28.298254
0.176657
2.452686
6.963050
1.575329
1.142402
0.707350
2.613735
14.439277
3.007895
0.235404
1.509019
1.257525
2.891331
2.849753
1.268019
4.823998
3.030380
4.328008
0.627910
5.487038
2.644484
4.604105
0.683807
2.335855
4.510204
0.090454
11.819010
75.032631
5.565815
0.892546
3.329349
8.994004
8.331803
2.540466
1.906727
3.810626
4.650565
0.819111
0.200086
1.456642
5.117034
12.718297
1.187514
1.577573
2.892971
3.732801
0.391597
0.815546
0.319745
0.089662
25.493548
6.271500
3.762505
5.368426
0.906194
6.290147
1.181595
7.230294
5.187563
5.437510
0.860995
10.315084
6.077435
3.443420
1.569304
6.070591
3.594116
19.734945
4.709948
0.804728
3.708985
2.127269
2.396512
12.959093
5.529936
2.047840
1.020591
2.794355
6.117737
2.965609
5.081540
0.598329
1.537742
5.264404
7.611292
2.692990
3.323790
0.922005
0.595766
11.957913
6.285577
4.331469
1.987668
3.201003
14.350842
6.192049
16.072912
3.585911
0.093044
2.773281
76.150097
11.581673
2.220623
0.111654
0.768436
11.941914
6.867587
0.917623
9.295809
4.071649
11.404898
4.923574
5.878044
2.661374
5.861415
1.496590
40.241715
4.986758
1.961383
9.664301
0.714800
5.526394
0.407869
7.940920
40.625943
1.546693
17.515869
4.590027
2.677168
3.710005
14.846177
10.597093
38.120893
2.698646
1.248479
11.609510
3.339666
1.193658
0.939169
0.952125
0.407298
3.806864
0.157189
1.490241
2.716787
0.687108
1.344165
2.218163
1.131704
9.082543
0.944316
1.951660
2.869085
6.369164
26.671815
10.380367
0.638819
9.184541
3.248163
2.402413
2.223092
1.833640
22.810449
4.337069
5.761916
28.464919
1.571642
1.902858
1.104112
3.457101
38.526361
1.533050
3.498682
5.548893
0.445213
60.817088
3.364544
39.298213
2.092654
2.493702
9.578198
13.736149
1.594704
2.730519
1.037947
0.837749
34.126231
56.916671
11.699749
4.586401
9.148895
3.152668
2.166911
0.853860
2.341230
3.634079
1.416783
0.758203
0.316951
4.826189
5.514691
11.600366
1.433661
0.124855
1.334693
6.323543
2.918740
2.389487
5.029671
4.494377
3.284739
1.109557
3.236751
0.913649
5.480189
1.756922
0.996466
2.885735
2.729541
20.838538
4.505086
2.569762
3.732949
5.477620
6.554339
1.186652
7.362639
1.242145
6.705974
3.263103
0.622879
3.108540
13.781242
3.307623
1.655103
19.786940
5.543113
1.722598
4.285001
0.854871
142.302236
3.489997
1.912046
0.683355
3.938042
14.899518
0.783694
0.353385
0.853331
3.362892
6.772595
6.415584
1.007359
3.090408
4.011350
7.141361
1.837362
5.144657
62.342665
10.776247
1.041292
10.403028
6.469193
9.930618
2.132282
0.263037
1.388463
14.692232
10.651489
0.742474
11.480274
1.507321
0.531623
2.929648
0.232813
2.231075
1.226312
1.509002
15.344041
7.968986
1.787439
0.483529
2.300691
1.492662
1.254356
2.472424
11.161990
0.118792
7.775079
1.158581
35.099964
2.172848
17.767286
3.884442
0.828140
2.468191
3.842602
4.334111
0.656657
1.266245
5.503079
2.426698
0.265225
6.299303
10.785185
0.840577
3.836340
0.690841
3.608968
0.834982
5.453578
16.146877
3.945829
3.232046
0.996136
3.753239
0.668717
4.267271
3.609054
6.145679
2.538269
1.263746
0.897866
1.095920
1.649830
5.374501
12.503329
1.731064
2.186316
1.919579
8.139147
0.905527
13.772866
0.932836
0.748723
0.524202
20.053579
3.056815
1.360049
1.017628
3.293601
5.710370
1.820924
2.355227
1.945714
18.405463
3.936663
1.911104
4.431580
30.574325
1.982448
2.380066
1.455603
1.479480
13.602928
0.976695
3.429145
7.835987
5.555233
5.651561
1.384980
2.953886
4.464403
0.137089
0.256226
2.546228
6.627008
3.111409
1.002179
4.836162
0.973268
13.756412
2.281680
1.112505
7.897732
0.487982
10.326559
1.185348
1.674056
0.787009
15.743180
2.108790
3.727383
1.663159
0.387203
6.603980
24.137676
0.311992
1.567850
1.812897
1.279920
1.074716
1.492359
1.136072
4.984227
0.632149
6.586441
3.603277
0.947945
2.224467
4.449152
6.289968
1.246136
12.330173
4.339969
5.700559
0.933731
0.523763
1.460054
0.986839
0.271845
11.977081
18.944568
15.155144
2.349608
1.079183
3.365138
1.160972
5.483281
0.795791
0.967944
1.228850
5.966845
6.154490
1.556585
11.097830
0.111720
5.398641
12.020064
1.511962
9.953193
1.317262
3.657156
4.232578
0.975294
0.488505
1.701148
1.572760
4.486466
3.169723
1.793658
1.282285
9.009710
1.629780
21.196576
0.622107
4.804093
0.301609
1.600700
4.589622
0.623078
1.138976
2.522495
16.704156
1.798162
3.263256
5.906031
1.155251
0.395967
1.686028
1.180995
15.470401
1.601277
3.088803
6.094322
3.450233
1.565003
0.928773
0.086113
18.466636
1.011639
1.054351
2.776516
4.551707
5.769976
2.689350
2.974480
4.420203
4.075357
1.359137
0.373806
5.756155
0.118575
0.107240
1.717553
3.251059
2.141749
1.156592
2.325860
20.898208
18.641047
42.340912
7.681272
1.914331
3.549122
0.567376
7.176386
0.935726
1.596572
4.832276
4.797996
7.188407
0.239363
1.451572
0.276687
7.624085
1.753115
2.999320
4.635293
1.383509
4.426375
0.261753
11.941170
3.917236
2.941585
1.513857
4.883347
13.239279
1.440752
4.926295
2.309645
1.529045
4.269090
6.162972
4.268554
2.146621
0.346882
7.094927
9.036820
33.863004
0.709048
5.718078
21.800925
2.451197
7.777890
18.284677
16.142068
2.142349
4.010955
6.298067
1.176426
3.482492
4.976921
1.915517
0.631234
1.419817
4.027197
6.448117
3.795661
12.207761
3.793801
9.841110
0.184087
1.446151
0.084501
0.480045
1.945671
2.739539
0.928978
12.391281
0.491079
32.604549
5.255880
5.430153
2.142053
3.599083
6.216931
0.383755
10.401649
1.031171
16.701917
6.304596
2.159502
9.887252
8.783623
5.982728
1.131594
0.093762
1.241299
0.146347
2.802394
1.501453
9.058834
0.830429
4.730840
6.120118
3.016748
4.748344
2.876650
3.903467
0.389381
2.436282
1.190819
4.380173
7.738223
1.397958
0.999469
6.342123
3.071213
1.211249
0.692366
2.248752
0.137939
4.800123
2.135673
2.056539
19.915671
3.574793
2.994394
8.138965
15.931738
3.236113
4.143535
5.660522
8.087177
7.532656
0.149133
13.214140
5.667884
0.972326
5.690997
3.742353
1.539893
2.310842
0.538200
2.934716
0.953071
1.835539
1.944990
5.447300
2.007994
1.017475
2.598572
2.927705
0.234026
5.591968
4.799394
6.361053
3.107971
3.622225
1.871765
3.789427
5.178519
1.114216
7.329302
2.684383
0.310350
3.819449
0.271994
1.601398
0.517998
0.523148
1.222650
1.085815
0.257113
1.166262
0.296536
63.500860
4.347063
5.782474
8.995438
2.069179
8.207134
9.523314
16.466528
0.153257
16.156326
0.147693
7.771417
3.352337
33.513913
1.594571
12.749404
0.652033
1.281531
0.206656
4.596299
0.647912
3.609187
3.106964
1.859163
1.415521
11.398175
6.319921
1.031505
5.430862
5.198892
0.945228
1.218510
0.594022
5.578762
0.758443
3.209665
2.139243
3.177288
3.825040
0.187405
3.019124
21.094700
0.503366
0.965304
4.406144
1.913255
2.132557
3.718676
35.093602
0.194236
2.230859
0.821844
8.348280
1.173850
1.415519
3.858633
1.942518
1.865337
1.057397
1.013658
0.455336
1.657497
0.621080
0.789758
0.391621
7.921236
6.389227
2.005367
1.649654
3.759421
2.329008
7.582974
4.417207
3.084780
8.413926
5.179494
6.277547
2.440875
4.586320
0.665191
1.097128
4.300493
2.211063
6.186424
0.599513
7.470067
3.784087
10.442321
0.625233
1.411030
3.862743
0.629011
5.413387
7.110631
0.751677
1.879754
2.318168
0.663091
5.092529
8.211836
10.685976
11.494897
0.718205
0.620105
3.307751
1.009744
0.092407
13.379610
12.129389
2.680586
2.017276
3.181348
0.394723
2.981379
10.733074
6.054979
8.404078
34.733065
1.906258
0.102761
1.605103
2.137040
4.050564
1.908176
2.871015
10.441344
1.680942
32.323573
3.278230
12.384955
2.447956
7.612805
5.569406
9.137571
0.842158
3.645195
0.634224
0.821920
0.899178
3.484694
59.824923
1.612744
0.106292
3.180863
7.115675
6.077521
4.731576
2.209110
55.761570
4.304986
0.590231
6.661138
0.389438
1.829609
0.802132
1.564715
8.634930
6.735969
3.460764
4.702308
10.446251
1.347966
5.703330
1.210339
16.025702
2.145411
2.242762
4.240945
4.733104
6.628845
1.933128
18.212655
2.269294
18.439365
1.241145
31.011312
11.635052
7.965964
1.708750
0.228350
1.001032
1.856220
3.608123
1.187074
3.517840
3.296132
1.580700
0.101955
3.614303
5.054956
4.427217
3.604658
5.146254
5.589357
0.815981
6.157476
0.907437
7.893857
3.127098
1.310789
1.232535
2.155058
1.534363
1.878194
1.771554
6.010972
0.283324
4.699589
0.877016
2.538403
2.318141
2.674141
11.272981
0.922662
0.219843
2.643941
5.750378
1.881285
3.072559
1.231540
4.915111
1.653418
3.373700
6.523314
10.997836
2.677249
0.612288
1.376673
0.435093
0.981114
6.387739
0.451694
1.334515
0.633133
6.413678
1.502020
2.763288
2.197523
14.516088
3.256940
0.522132
0.630999
6.109090
2.359839
7.226755
0.307838
1.037758
15.856806
9.062587
1.022358
1.378159
5.473554
2.730406
10.426402
11.563475
6.248879
9.335292
1.523491
4.357816
9.956416
6.856692
2.740478
0.985316
7.300857
11.342241
5.684985
5.321809
3.396743
4.348585
19.990566
27.782431
0.856605
6.381432
0.930578
0.699483
3.356446
16.462446
2.540989
3.276991
2.552430
0.550751
1.654985
5.638301
3.840001
9.557506
4.834891
4.437245
3.660142
28.407446
0.334776
2.405666
13.112729
8.751140
1.516761
0.744617
0.904357
0.580764
3.549797
0.600357
0.401475
1.173270
7.658337
4.977520
26.150247
2.470932
6.148262
4.181651
1.267547
0.936660
3.147137
5.619329
0.456140
0.750918
2.386378
0.273128
2.007103
0.780390
10.221179
15.894459
0.473970
0.248113
0.984031
10.704562
2.093451
5.495439
3.570945
3.310194
1.489196
1.986572
7.346300
1.309765
0.763071
7.717428
3.265774
4.570928
2.218392
4.268884
0.093651
8.044928
4.447939
4.803086
1.723502
0.810542
4.788023
2.073522
0.452794
2.896323
6.168596
9.266478
4.601405
1.666748
4.619075
9.823957
1.812029
5.868354
2.413007
7.993457
5.472947
0.098945
0.410218
4.508465
4.005197
1.249417
3.856985
6.229975
0.963894
18.709993
11.440683
0.121300
1.806652
2.865947
11.489285
4.862711
7.062568
9.954420
2.113345
18.868930
0.382375
14.912173
10.102917
7.198170
2.083217
6.216510
2.922074
38.006200
2.715379
3.452636
0.635398
3.634622
3.466567
22.720108
1.056444
0.609718
0.694954
1.244015
0.606200
3.487780
18.629794
21.467935
1.894646
3.186353
19.848923
0.307134
6.775039
0.156172
5.603195
2.898196
5.687678
5.096843
5.970249
0.332137
2.847641
0.613334
14.087044
7.712424
1.646964
0.599966
0.838050
7.984215
10.636199
12.914932
1.964670
3.639140
34.798081
1.752613
2.365788
1.963101
8.215025
7.261321
3.665295
9.934270
0.388991
3.533997
2.250481
1.012045
1.155431
2.706580
0.950818
4.404820
0.212843
0.867231
3.684978
3.110654
5.341549
1.951612
20.793340
1.176608
13.758403
1.337243
1.097399
14.955530
7.457189
20.735302
3.876008
9.205762
2.417885
6.923879
1.474159
0.852951
0.973589
5.167202
2.823490
25.200799
0.506236
0.943766
1.320385
3.705683
3.618539
6.533742
0.233998
1.803916
0.428655
1.389776
2.751239
0.409394
6.073757
10.835450
4.091691
2.240122
11.784214
16.281062
2.033173
1.029625
18.441869
1.326870
3.872610
5.483744
4.565245
3.886193
10.485694
6.517454
3.084403
0.256947
3.767624
9.201109
9.198546
0.870173
15.676189
0.888715
3.148789
1.163445
14.942889
0.664283
2.073718
7.373305
3.168842
0.811658
1.443774
0.155421
0.704575
21.008052
0.804068
5.565489
0.444728
1.963397
1.302802
3.643148
3.179492
5.525526
7.927243
6.263819
3.336855
2.741807
6.482708
10.487908
2.889104
1.233261
3.131765
2.761767
2.700931
13.869580
1.366441
1.719297
4.274671
15.127900
1.323774
2.834523
1.401221
5.542634
2.543228
2.449496
4.314197
0.365723
1.082203
3.894833
3.320155
1.311582
0.894076
2.255890
6.983113
0.263599
31.190528
1.229430
4.646281
28.262965
1.834623
0.396453
4.044610
1.483916
3.602961
2.369136
1.024801
4.551511
7.099060
1.476838
1.372934
3.569059
8.415068
1.501764
3.431105
3.741845
0.942753
0.080513
15.794188
1.219665
0.358312
0.149879
1.103190
1.886666
1.692876
5.456105
0.657515
0.114329
10.192616
0.175481
4.385379
7.325761
9.870433
6.244888
4.484999
18.983801
2.457993
6.415911
6.080040
0.984310
6.809530
1.519430
0.095644
0.801708
3.388235
3.126285
3.050936
1.510905
1.057970
2.520927
2.775911
7.162160
42.045514
2.828224
6.121775
6.284305
2.737045
0.576446
0.672678
0.226381
0.183587
1.287100
32.215078
1.176416
0.809227
3.739971
5.083252
0.121995
0.628609
0.668244
5.355512
1.003375
2.357136
14.457019
13.908889
5.549954
3.568243
0.685176
1.699323
1.196059
0.080014
2.243791
2.055274
6.990849
2.275130
1.940858
5.218611
0.239073
1.127291
1.791869
0.380151
4.829496
2.003504
3.132805
2.242802
10.735909
7.892603
7.397315
1.055566
6.387810
0.702492
15.292927
41.431600
1.285557
3.674033
3.236102
1.279736
0.087424
3.642837
10.544140
8.790284
3.696920
11.154323
1.877748
2.396991
11.662441
3.478734
2.031026
5.238786
3.739243
0.143586
5.601286
5.174837
3.911565
2.435691
1.078704
1.858196
5.543252
0.411305
1.311175
2.357592
9.182349
2.476807
1.186440
16.139503
1.089810
10.931574
3.471334
1.577907
4.291264
1.528368
5.718447
4.314688
6.256757
6.291253
2.086023
9.368637
1.465611
1.555226
2.133137
4.581742
4.859969
2.350452
0.675449
1.600128
1.030230
6.135023
2.083203
1.480681
9.293496
4.855830
0.331141
4.314906
9.253740
0.714805
1.590556
0.975769
5.805268
5.649628
3.068677
1.732065
0.449295
3.808400
0.476462
3.291440
6.788909
55.408399
2.506671
3.678664
67.679478
2.459070
4.727440
2.661954
1.691165
6.542203
11.604358
3.226313
2.829849
0.157174
1.841048
5.780140
2.561472
1.265390
33.627377
38.889414
1.729791
3.659894
25.770017
0.820405
0.632985
0.283612
14.744599
0.834855
1.233375
7.986673
2.724339
8.851777
5.508194
25.505814
4.683135
5.510702
1.097782
2.857456
1.399573
4.765521
20.039346
16.598298
3.968763
1.784588
1.024946
0.578107
2.472173
10.523752
8.270320
12.309581
1.269691
9.275040
0.242964
9.820450
0.440940
54.378835
2.675387
1.924594
1.117945
2.552489
27.279498
2.027642
2.970837
0.373715
38.277726
3.671079
13.352556
3.962035
4.002392
2.530631
0.520176
15.199655
4.176955
0.305930
3.129687
12.641092
31.020579
11.897761
0.466288
0.792979
5.448421
2.412943
2.242968
35.711394
4.246778
11.355379
4.825373
15.502239
23.623090
20.569672
2.188486
0.237804
0.532643
1.971046
2.142864
2.041562
0.121746
0.519425
0.453578
0.309803
3.066740
3.669964
14.301109
1.328722
1.124439
6.075661
2.204285
8.380621
0.432094
5.591788
10.804023
0.439027
0.665258
4.603195
3.728827
7.599738
5.461153
3.099139
7.598281
1.520910
4.050163
1.555012
6.430238
0.963846
14.921411
5.692340
3.315194
3.946103
1.063306
3.379085
28.542097
3.485560
1.306189
0.650884
5.626598
0.589593
1.621265
0.385940
2.856737
0.640954
3.013312
2.144079
5.701042
2.627451
9.078174
1.109134
6.846053
18.581824
11.869797
0.699135
3.705331
4.105627
0.593370
0.236787
22.205236
3.036981
23.731867
18.034096
1.808391
0.827693
92.410801
4.430457
8.720271
1.195364
18.168399
2.189736
10.529401
5.272767
0.706755
1.381619
6.104878
9.730672
6.831482
24.744179
5.562833
5.417569
4.835649
5.618343
14.392112
6.489930
0.113928
1.679920
3.558509
8.879403
0.758604
2.649409
2.144412
2.159461
5.348614
3.343854
3.800121
1.850188
0.780580
6.289354
4.623877
13.061149
1.421607
1.925349
1.781840
5.557999
0.134652
2.677553
11.708327
0.546490
3.249570
0.710359
6.141523
5.744382
41.444357
6.710718
3.797685
0.828363
10.114151
6.160088
5.875488
0.903149
3.665411
15.466402
1.380611
3.729202
2.428194
0.648164
1.456040
0.698760
12.356994
2.821006
5.860691
5.662758
0.094692
0.077017
2.985786
2.696498
3.578837
10.197372
3.684440
11.384040
4.557173
0.830171
1.581120
3.513639
1.791170
1.808529
5.299961
2.946257
0.557312
1.149033
1.688151
4.794234
11.452822
1.264510
3.101309
10.504458
2.344912
4.509255
57.191298
2.118773
8.798176
3.943965
2.405419
20.824725
1.598459
4.100934
6.923422
2.113980
1.950982
0.115860
1.531682
1.820982
2.266014
3.066636
2.785540
0.550794
1.761924
0.097223
0.490995
20.457286
1.078003
1.167129
99.506936
12.030329
3.343186
5.883383
1.021297
5.899864
3.694342
8.536222
2.037981
39.337919
4.890803
3.209951
1.035362
0.822701
6.394700
0.709751
0.132127
0.915237
2.445998
0.192443
32.960900
1.595417
1.123087
0.818149
0.630582
2.877070
4.182966
2.277636
1.223766
0.299897
4.913630
1.346974
7.534175
4.404192
0.110587
3.224516
10.161770
2.964091
5.751497
5.927661
0.778379
5.927548
1.322895
3.185878
0.487880
5.367464
10.311125
3.847622
6.613522
3.951203
5.908340
4.507745
4.157962
0.443457
0.397567
7.175219
7.526608
26.955416
14.742368
3.380391
2.950936
0.149676
2.649677
7.047310
3.376656
3.365347
29.908384
1.381729
36.340472
2.292060
21.390615
17.632454
0.299129
24.303726
1.153583
2.464928
2.997688
0.349924
0.733109
3.300587
2.027244
9.404190
0.518091
18.731177
0.760560
6.087320
0.671424
4.919245
0.511106
0.984223
7.298594
3.202977
1.908244
5.584733
5.929679
0.856036
5.965778
2.167226
1.150094
1.712023
2.626152
2.232717
1.987259
37.502523
0.363768
4.125747
0.760278
0.873783
0.950947
6.478943
2.277075
1.233441
0.224292
4.878260
2.053682
4.690079
3.347432
0.249900
1.047884
6.367333
0.762659
1.105817
0.086716
0.100681
2.725110
3.248033
9.270162
1.578504
5.384447
1.339328
0.595520
1.472730
2.860573
1.385651
0.101070
1.309490
5.183962
0.463586
11.845622
9.307358
3.109114
4.330892
3.721634
0.894974
4.582528
4.658739
6.348343
1.376875
0.095144
5.144267
0.745993
2.453825
3.263485
3.367126
76.947314
1.636272
0.103759
3.190294
12.012340
2.191412
7.528750
0.177227
4.255028
1.792374
12.164211
1.529032
1.350701
3.155864
3.830055
3.018862
2.664032
10.048471
1.317496
2.709160
0.632139
2.833491
3.305621
0.392362
10.834910
7.554094
0.845718
1.452110
9.201466
0.477418
0.075443
0.430227
7.116695
2.818965
9.740677
1.196393
1.290845
0.464402
0.841577
1.277816
5.341470
19.752555
0.912917
0.750368
5.934892
2.644243
1.905534
0.920435
23.784786
21.456291
2.426526
0.714044
0.725934
4.460551
1.373307
1.665911
0.647622
2.535373
6.306692
0.828124
2.405859
10.206197
0.762365
2.626834
9.828317
12.928095
3.408831
1.975638
1.739028
9.128005
2.324439
5.979483
0.996696
0.638659
2.765014
6.338127
1.241058
0.957059
5.186346
5.993635
6.069381
11.446163
2.964158
0.567053
22.434887
23.557609
5.320184
0.379339
2.246688
0.420646
8.068221
18.153087
3.135997
9.529930
4.531996
6.092006
2.286483
5.558515
7.729150
1.408969
18.513285
2.624460
1.756225
2.303562
2.695067
1.818893
1.883629
11.054760
2.163652
0.710118
0.274954
0.816384
5.987497
1.470830
3.438488
2.273476
0.401411
2.812851
8.840703
18.192080
1.637634
0.917440
1.446965
6.382760
10.512883
2.605385
10.202012
5.481490
3.121743
1.603996
11.299878
2.311472
3.761064
77.615120
36.020346
1.615097
14.107534
14.080332
5.135671
17.543664
1.825958
2.908215
16.724711
1.476480
0.875340
8.261759
1.440000
0.157536
5.807246
3.252515
3.601358
37.544862
4.150232
5.495474
0.686229
2.417349
5.309999
1.682329
2.436300
14.814854
1.044194
21.157021
1.883650
9.770831
0.252656
5.466098
2.383669
8.206155
6.112620
0.975326
5.441635
0.105492
3.198818
7.490250
4.401520
10.059332
18.733461
6.840308
9.343498
2.686556
32.009504
0.502266
4.240281
14.364922
1.568672
1.132536
1.810744
2.661939
0.921456
0.905268
1.255960
0.898460
8.621331
36.487435
1.228905
0.865189
6.010409
2.593015
3.151128
10.375335
7.002708
0.768264
0.642816
143.574529
3.952027
3.134398
7.930922
1.465737
3.085792
0.951484
3.340890
16.317800
1.007925
0.739589
15.112409
6.406439
4.684369
0.252684
6.952552
6.748112
5.795988
0.639483
0.494894
19.651138
3.572544
1.363431
6.352970
2.839659
7.979132
4.269435
10.073348
3.096378
5.780545
0.593803
5.070652
4.767887
3.155111
1.506160
1.395410
2.646842
2.146307
0.641686
2.220039
0.858619
1.123767
2.212969
2.446912
3.890562
1.309973
5.787693
1.556267
4.753867
1.351984
0.169633
3.304486
2.714679
0.295147
0.075540
4.047800
2.537509
3.989837
0.090466
6.005834
12.080473
10.533719
0.922360
0.648682
58.497090
6.361337
1.252758
13.436244
5.520040
1.808633
3.048497
0.925378
0.081962
2.066990
2.653094
0.281854
3.315890
5.986360
5.005488
2.240374
4.366391
8.001703
0.113103
18.167502
1.552878
12.227447
14.290325
8.687920
4.296201
0.995924
1.971374
6.141554
1.401415
0.834719
0.651034
0.836064
40.445464
5.354350
0.233260
2.624687
5.443480
2.535195
31.469600
1.829786
5.699200
0.178599
0.807804
3.511610
9.530145
26.229128
5.737971
0.364784
8.647758
16.576403
3.971307
4.523383
1.443513
0.661737
2.071144
1.538734
5.258999
4.122003
3.286462
1.362563
2.465147
0.719345
11.901262
1.535258
0.371007
2.169274
3.935804
17.602486
0.735791
7.741779
1.779345
7.446661
68.107835
3.932155
0.800321
2.746004
0.104124
0.645758
97.291591
4.066199
18.715540
7.940327
0.739181
3.125021
0.604034
1.337981
21.945189
7.475648
1.489086
4.387160
0.090061
0.066619
0.063670
2.389943
4.824933
0.671429
0.201939
1.549426
16.481470
4.612196
4.039759
22.027729
0.687155
22.086491
3.852080
5.144418
1.249469
1.381571
5.972936
8.362945
1.358031
3.879511
18.921527
3.461769
1.201728
6.704474
0.844707
3.670469
4.251495
1.811832
18.445670
2.578967
8.133964
6.226834
3.429720
0.101895
2.687238
3.043864
0.179272
2.776377
2.163973
1.531275
1.553862
0.405542
8.334997
9.202824
5.824929
3.553626
0.890757
5.475987
3.719263
1.945641
13.309552
2.700039
1.268723
0.798019
57.040964
5.924502
1.029555
1.075023
9.887802
1.133830
9.857559
2.239217
3.203083
1.355034
1.645767
2.690654
0.989989
11.462818
0.371662
6.068962
0.446959
3.512303
3.626093
0.291238
0.197020
1.621845
7.111807
4.354947
3.843295
70.975101
2.531732
31.997330
5.860578
1.098698
70.883815
0.916599
1.135697
0.850165
1.076229
0.148279
1.899328
0.084725
14.284608
1.744075
2.428130
1.802969
6.528277
6.372326
0.113514
12.496548
0.669325
0.579503
0.535354
1.151198
1.493230
12.776853
1.026540
2.274349
1.429660
3.009515
3.300678
3.854196
6.317737
1.076991
2.834025
1.382971
2.055268
1.920014
1.714127
1.752294
0.140696
2.206914
2.455657
1.697789
11.309682
1.866393
8.060977
1.346627
1.326105
1.073210
1.508139
1.209386
10.736025
1.337595
0.292548
0.500782
1.061068
3.023703
3.153134
1.326268
15.846950
1.287152
3.349294
3.082646
1.515898
6.943795
1.989283
0.451291
0.636982
5.851749
1.071357
10.133283
5.778277
6.012044
0.234583
4.116375
0.939948
2.244581
3.586570
6.867775
26.472566
4.579285
13.462771
0.826363
3.931335
1.068073
0.783639
3.369634
11.366670
0.628601
3.348017
5.023088
1.594362
1.069713
2.804590
2.132605
0.104883
6.301756
5.205147
0.110113
3.277212
5.489323
1.130453
3.022926
3.878271
1.615248
1.065858
0.691421
2.181435
2.724331
3.003590
4.055993
5.279418
1.423195
9.241270
3.134134
5.403704
8.572415
1.526898
68.667411
0.480843
2.037017
2.296471
11.654458
0.896234
0.088568
4.650296
5.364474
6.563570
1.632216
1.334053
0.650552
7.799410
4.391454
1.942592
0.163791
1.124131
4.185434
1.796379
1.258154
2.615742
98.603971
1.597006
1.179109
2.669834
2.422231
0.480883
2.686925
5.667117
2.193963
1.775717
0.993030
93.349830
1.465415
4.527469
2.123505
3.180128
2.587429
3.054522
1.166778
3.838601
9.550260
5.957568
1.188109
5.903995
6.718173
1.140525
0.970978
5.508511
0.748242
1.001809
18.343279
3.606232
0.127848
7.068874
6.554920
2.767674
2.915487
7.642690
4.219989
7.616522
2.266051
3.673201
0.748475
0.447712
4.793984
1.325768
0.878664
1.807928
10.276103
13.291758
1.390584
0.686631
1.022655
62.382796
17.981623
1.612758
1.862138
11.392877
0.415383
0.075000
10.849580
9.696634
25.330667
4.164723
0.537227
8.818043
2.773320
19.365990
1.357355
1.614012
1.237936
0.740075
16.091313
0.408844
1.408481
0.350199
2.172320
11.348283
21.354468
8.574808
33.058551
2.665787
1.878412
0.102751
2.490875
1.786330
11.707828
1.185204
5.669308
2.044853
6.621885
7.208922
2.027053
1.432476
3.808935
2.049581
5.869698
0.908981
10.186013
5.847352
1.817542
4.827837
0.550468
0.639186
16.317760
12.319037
0.602350
1.430162
1.368314
1.167214
2.264650
1.323897
3.539131
0.090618
0.287104
9.048966
1.511750
3.872264
0.482036
4.095043
0.354310
3.974929
7.406631
16.293807
1.287827
4.232094
1.702547
3.354602
1.976421
0.579673
4.896940
5.605669
3.570907
7.042253
35.491767
9.464970
1.220726
0.799199
1.054106
7.264703
3.002497
80.360518
14.371783
15.206765
3.702275
0.162469
2.227097
3.487768
0.219255
1.070495
0.835615
4.551585
0.095428
24.165074
1.516457
2.048733
35.247610
7.444413
6.688456
1.058537
4.821818
18.538110
5.532008
10.710120
0.803091
0.271957
14.065550
13.879956
10.122612
12.016207
12.119850
5.209595
0.840080
1.034854
2.133980
1.856778
6.480342
1.486299
10.175697
17.960733
6.054974
14.303319
3.271022
1.170170
0.756864
3.646024
0.216453
3.223739
0.821320
3.784585
5.365400
3.492824
1.433096
4.567840
0.498335
0.553784
5.405701
10.658801
4.566281
1.676644
2.254257
1.555853
10.333534
0.361792
0.913564
7.425298
92.890770
1.296101
1.569926
0.411443
35.377202
6.161982
0.824995
0.573776
3.242802
3.033113
35.861874
1.097812
0.850054
0.379194
0.133660
0.551648
4.232058
4.125626
2.465592
3.549587
0.236653
2.990273
111.441309
4.311879
0.998042
1.217076
6.161507
5.082033
6.858717
9.800032
7.035530
0.721042
0.380749
3.482331
34.263683
12.611508
9.461109
11.848708
4.835417
0.099066
3.454099
3.117240
4.063793
9.942330
0.614464
8.122523
4.133846
3.207539
4.385114
4.382579
1.411673
3.233819
1.427571
0.079536
42.898876
2.008566
3.118157
6.086231
0.096214
27.647597
0.543405
5.637990
5.548647
4.342308
0.771536
0.129978
7.741738
0.548782
0.077969
0.808413
0.669789
0.739746
1.461175
2.427572
5.761860
15.554103
0.908703
5.574638
5.356711
8.107294
7.546676
1.362028
5.576972
10.871294
4.696157
0.098941
4.414232
1.405838
5.417811
5.480510
15.499876
0.471215
6.763929
0.633479
0.347601
0.496637
3.455260
1.156382
0.082240
3.483938
39.573370
3.345353
1.508212
1.111883
1.303302
6.044177
1.336203
2.896775
3.988844
1.504669
2.837485
5.084495
0.761547
0.640392
1.276148
3.101873
8.723429
0.463123
0.208930
0.232028
1.644032
5.313485
0.111882
26.696627
1.561160
3.081677
0.720377
0.700746
6.284557
6.764377
1.334400
1.271296
20.203005
0.692914
3.326841
4.656838
1.095315
0.466588
1.879897
1.150576
2.450394
6.185719
5.403743
0.282968
3.442009
8.541399
3.598735
2.750294
0.167331
10.583752
1.125052
4.055310
3.029615
20.189981
1.164522
1.350911
3.084264
2.534582
7.687207
1.163048
5.564505
2.549385
1.079514
3.995207
0.156706
1.762210
1.690605
17.966101
24.382718
1.471385
4.639025
6.919799
20.335672
2.916864
0.095441
3.731305
2.833434
1.136517
3.613515
1.839303
0.642039
3.486448
4.045538
4.030883
1.475871
4.516127
1.853531
3.307594
6.183425
5.012908
5.205647
1.507100
2.778457
0.108297
4.582050
22.593113
7.814538
0.954195
2.717149
4.841877
1.275116
1.078862
4.000564
3.873921
4.407239
7.208081
4.621100
0.812573
30.183987
3.218710
6.024962
8.623284
16.977079
0.468659
0.408337
7.408967
1.378583
0.104401
13.345830
1.890158
4.484352
6.566118
1.028891
1.687773
5.431348
1.371821
9.404642
5.840670
9.320270
0.905857
42.976469
7.638054
7.495464
8.324747
5.806760
0.195866
83.430236
5.578788
0.687711
16.781486
3.197899
0.166586
0.132066
6.354288
14.158951
0.416077
2.026444
9.987628
102.754419
4.867181
1.949462
5.551937
8.796641
2.991595
7.630349
11.077800
9.684656
4.695967
2.647392
2.518595
4.219166
9.119831
2.574541
3.432509
1.503169
2.398696
2.287138
17.720364
1.056829
6.407139
2.437757
3.426058
4.128277
7.643909
4.354359
5.965993
2.314586
10.892229
2.472967
3.761485
3.978418
0.413080
5.417987
41.998122
1.655805
3.510978
5.535943
3.431977
11.447597
2.087501
5.495044
5.484178
1.762683
4.794115
1.116612
0.884324
2.266850
0.094014
1.826913
3.124066
2.002636
2.856437
0.519809
2.803112
0.821650
3.230336
8.655863
0.134598
3.108792
3.885372
66.910366
3.242779
0.370576
79.644161
1.377044
1.789048
0.607905
11.504146
5.218387
5.457670
4.303202
6.051791
1.144364
1.758801
2.108766
2.061834
3.694185
0.912145
1.789705
4.724165
3.368017
1.764500
5.170267
0.610341
2.464847
3.182246
0.535886
1.477063
2.054684
4.945906
2.184896
1.938350
9.569964
6.850867
2.305197
5.458711
4.034494
0.773007
5.608994
0.213684
38.854930
0.546351
0.103151
5.458223
3.302095
1.386089
38.566661
10.099858
6.978286
38.361336
16.449593
1.386321
5.865565
5.539749
1.549815
3.414692
0.095861
3.500251
2.002597
3.908331
3.780836
4.524990
55.313122
1.212220
0.140405
5.041618
2.972236
8.143217
2.824144
1.925912
2.870209
1.553163
2.194409
8.787850
15.093163
8.078434
1.343083
7.342785
0.857833
0.803095
13.519938
11.004003
0.690620
4.607147
5.898092
1.963651
0.087475
7.110554
1.940125
1.150106
7.066085
1.186621
1.325878
3.207577
34.893386
63.415985
5.836006
3.278109
1.662411
3.381717
5.555776
0.895173
2.575832
89.552810
3.440177
25.012360
61.003657
2.142042
1.319362
2.994257
5.510395
0.097154
10.104629
1.256417
5.323068
9.200934
16.912237
1.579316
1.052701
3.468491
2.828750
1.876989
1.631993
8.736015
7.389929
1.793433
1.325790
6.841162
14.497439
4.651440
0.451267
30.643677
10.512761
2.260422
2.116279
0.436198
1.835323
0.426370
6.282653
0.940898
5.983557
0.834074
7.131540
0.772063
9.412277
0.817449
4.742617
1.836585
1.301382
0.337429
0.519993
5.243886
1.872403
4.000308
2.131476
1.336266
2.260958
0.483516
4.494620
5.517055
7.981830
4.872410
7.052715
1.575459
4.641692
35.187102
2.761871
7.036660
1.173230
10.418878
5.745341
1.174042
4.356622
10.193983
0.444532
37.115933
6.342356
2.240715
13.298861
4.566184
7.008548
1.055842
9.585124
1.899129
0.392939
3.470973
2.468526
2.237156
4.385180
0.114154
2.836977
3.717692
0.631105
35.175989
4.126098
1.523602
1.775972
5.838337
0.627632
0.741908
5.373731
0.445508
0.718050
1.811861
0.629067
0.518103
3.789511
0.089614
3.452534
4.153530
0.224949
8.913549
3.350336
6.049185
0.891598
2.773941
0.645095
12.248403
0.495203
3.624862
0.894542
2.918107
0.814441
0.086766
8.089970
21.555529
1.481806
3.466244
0.665472
3.381645
4.343767
1.929201
5.644454
2.915971
6.194698
19.781687
0.494178
5.511652
10.734859
5.577329
3.884445
1.886512
12.305297
0.156216
4.498242
2.458291
0.279339
2.112953
1.136159
5.801042
5.543912
0.724068
2.462168
0.628752
1.982725
0.810379
11.516843
5.596547
3.161226
2.537220
1.864404
96.286771
3.565685
1.157129
2.060634
1.220497
7.084595
6.085978
0.100362
1.900521
15.135324
0.471453
0.629281
15.558271
1.119656
9.012025
3.763610
0.260041
1.115964
5.175548
3.851330
4.314398
3.147959
0.919840
1.137484
7.033313
0.166625
8.927146
0.782037
1.801168
4.193734
3.267449
5.774103
2.258042
0.096910
1.961737
2.708723
0.106450
0.531860
6.320015
0.391306
0.158263
9.690213
0.418861
9.286248
6.039340
2.626621
5.437179
1.713992
0.691968
6.531202
2.268645
0.392013
4.799875
2.841574
5.300350
8.897152
4.553190
0.732133
1.872053
1.438638
4.393346
1.172813
21.171940
1.372507
3.060153
5.932042
5.605976
14.024620
13.415058
6.400053
1.038892
3.251010
0.955040
10.835817
24.979116
0.155664
4.961614
10.116835
3.076924
0.694579
3.628761
0.377180
4.550870
18.325072
6.320613
56.243719
2.650152
0.359332
6.332811
7.043529
7.796703
0.794797
4.431232
7.979445
7.679820
0.508264
15.572027
2.126778
1.810408
21.707274
2.431719
9.438410
0.624263
0.086386
1.611876
0.766930
1.969081
7.158685
19.294604
0.196422
4.769788
6.400937
1.825052
5.405082
5.519236
2.758050
15.279331
3.528764
8.093414
2.769251
11.801474
17.975797
2.896733
1.458695
1.197623
4.075767
2.989979
2.519985
1.826712
5.489338
1.226540
4.870113
1.417575
0.415603
5.880677
0.717228
0.745534
0.549109
0.509058
5.049808
1.534510
3.396106
2.799073
9.150328
17.788356
11.712966
2.332674
5.119310
3.238342
8.205282
2.539939
70.563319
1.022842
1.161663
11.406721
2.583598
1.167340
0.132432
3.160575
26.543018
9.652255
4.755812
2.703624
1.823218
3.070918
5.778666
14.774181
3.504888
2.445491
1.352915
1.778223
4.026443
1.529145
2.077852
3.033350
0.558043
0.206417
0.219912
16.171953
6.140136
1.539677
26.121581
1.912311
5.840285
5.573375
1.736544
10.959589
1.672732
15.503448
12.100368
10.102374
2.600584
5.720143
4.324025
15.407213
0.197667
0.937740
21.782844
95.471892
5.865968
2.491214
0.112018
3.983960
1.815868
0.930131
5.566835
5.399646
6.242258
5.610294
5.607184
3.453395
2.079423
9.195261
0.963904
1.499935
4.548934
0.403170
10.771237
17.568907
6.379676
1.048544
19.776783
3.260211
0.793563
2.857798
6.554342
0.409294
0.787242
3.449970
4.045310
1.617115
1.596608
1.975781
0.334801
14.875985
28.525963
0.250880
7.967316
1.207642
0.082665
0.177934
2.253182
1.869148
5.123714
0.650992
2.910485
0.901469
0.956903
6.257088
11.014403
0.467149
1.208648
2.388683
8.719716
5.549574
0.523594
18.122360
1.727419
16.614307
15.288151
4.687425
12.140933
1.115945
0.734971
0.816336
40.281667
2.001397
0.289172
6.278526
0.168858
9.977924
1.574399
0.122892
0.444465
5.481319
3.464478
33.342101
21.489295
1.835531
2.922647
3.870882
2.940731
2.041327
18.088971
15.546598
3.851771
4.424065
5.851134
2.729526
0.950944
2.950900
6.612766
5.868986
3.650462
2.008238
1.907524
6.818979
1.386925
5.592027
0.508819
1.556244
6.331627
74.687924
1.164660
0.543851
9.687931
1.315645
3.308946
18.356573
5.246345
3.021439
1.139176
2.680574
2.616789
0.837627
1.161727
5.159120
4.426724
2.289564
5.494632
0.121471
0.614754
1.117655
3.079089
5.800341
1.835446
9.032180
5.327106
6.242416
1.291024
3.130013
3.099668
18.519316
3.131674
1.120121
3.434533
13.186272
1.807940
3.792476
3.263055
5.441225
7.876911
5.647524
1.140876
2.237940
0.655042
1.808535
2.257801
0.156623
2.256694
4.041093
2.257074
5.946762
1.009646
2.862762
2.925704
7.448979
16.962782
3.502391
0.124984
39.204594
2.080453
10.513681
2.666229
30.298190
16.571623
0.176580
1.277909
3.805330
6.419181
0.951907
19.766531
1.615317
0.277781
1.248444
0.521797
1.929983
3.595052
21.848010
97.987068
19.825882
7.318615
10.658216
1.025430
18.497033
4.769905
3.263519
9.984296
1.054858
1.382400
6.379731
38.895639
4.764149
1.507806
0.581987
12.094526
4.728325
11.953260
0.131583
7.031425
7.287237
1.011657
0.133418
7.054812
2.301491
0.648113
32.629837
12.033801
1.658826
9.554458
3.563536
1.187226
0.892644
1.542521
0.414284
2.407179
0.673442
2.012354
0.087764
6.258241
1.409537
1.129276
1.279632
6.380404
0.548172
68.651258
8.246087
1.546267
6.776098
13.484813
2.224636
2.016830
3.623854
3.912650
0.745421
1.092094
2.249571
11.914502
2.115258
3.381545
20.247251
0.770801
1.369143
2.411337
0.638539
2.022648
3.485965
8.645681
3.615768
18.307886
0.868051
2.723530
20.099968
3.994990
2.108532
2.009939
2.475951
1.243919
8.431362
14.981108
7.288736
2.374730
1.578507
1.501409
8.685492
0.420315
5.468245
2.224295
2.788906
3.735212
3.188115
10.222564
4.432426
5.530133
5.881166
3.467932
15.894420
2.209767
2.922576
1.155083
7.501459
1.501151
4.628263
4.645948
12.228850
7.750104
4.467843
9.318989
4.958076
4.906720
0.222947
40.173714
2.300429
0.786421
3.500924
0.772842
0.216527
2.193424
2.258982
3.878697
2.983578
0.903771
3.889457
10.316541
9.607891
0.478731
0.731315
2.022139
5.122849
1.877367
4.486724
5.559705
0.247550
1.562670
1.749270
7.141301
1.881068
10.396988
3.376837
0.641554
6.843119
13.858627
4.483043
39.499606
12.893427
0.449773
0.968521
0.077841
0.683145
1.504873
13.574360
81.376920
0.699901
9.051154
1.009271
1.343497
3.911769
8.055247
1.492993
8.012772
3.521234
2.844340
0.112993
0.957513
1.113296
2.587289
3.102673
6.265769
3.053101
5.497865
21.068478
4.185355
0.241752
20.006136
9.550510
0.622907
2.147679
3.031129
1.006569
3.425994
0.804739
15.680829
2.640754
0.927655
1.651705
0.176342
40.190107
15.328364
1.397430
1.596025
1.447300
8.698869
1.289078
5.084764
5.348593
1.944054
0.653697
7.166900
1.157050
3.061925
2.656523
0.813495
0.911503
3.048524
1.232893
3.466267
5.131034
15.274611
3.710839
0.983031
5.889532
2.275405
6.980301
2.190070
4.748954
2.595861
0.413906
3.987462
5.012226
7.794588
5.415156
14.231026
19.425193
7.932492
2.170699
2.174336
0.096876
1.942649
3.712554
0.096934
1.742002
1.368963
0.914079
1.062652
6.800049
1.366506
0.163086
3.723350
4.610729
5.773737
1.855083
18.146218
3.611190
4.431870
4.348062
0.480389
2.635742
2.932365
0.109149
1.495537
3.609237
1.561547
3.123946
1.167463
13.715834
1.883603
2.414445
4.335185
0.929379
7.028926
10.326608
1.093285
6.166607
0.241696
32.589163
3.165314
1.325939
2.323966
10.183828
1.039515
9.927557
0.897429
13.750908
0.412770
5.580038
2.423148
10.165505
2.009876
15.025104
0.917043
15.383335
1.477574
15.012972
3.435185
0.792555
16.343698
14.084991
1.305114
0.720780
2.001897
0.271197
3.426608
4.726407
3.676344
2.528480
1.458328
0.705483
2.354467
1.530051
1.146230
1.873872
0.835772
1.132458
35.844444
2.763625
4.996204
0.652264
6.413284
2.551099
0.966492
3.174050
30.827319
0.938374
0.556735
6.118705
2.844933
0.149212
3.541728
41.588819
5.543122
1.243806
2.175168
1.438943
9.785032
3.184556
12.086657
2.533906
7.965810
0.822266
0.989048
6.311637
1.153360
10.272611
0.202818
36.409433
12.040947
1.479144
32.756334
0.197405
20.763706
1.669367
0.410766
0.636153
3.728158
0.147722
1.016197
38.449993
6.685906
3.879012
7.734653
2.609387
4.336825
0.459129
3.658472
3.247060
0.715306
0.147108
4.724918
3.749370
6.125101
1.839801
1.640426
4.041166
1.556909
1.433470
5.085978
0.498984
2.039414
0.798923
5.070737
3.793921
1.464555
3.305590
5.722738
6.213351
1.073052
5.433899
0.804246
1.094950
0.748079
1.757847
0.203668
35.149875
6.373053
5.108197
2.893082
4.938310
2.538579
1.417172
0.910387
11.836116
5.906209
0.862752
15.870210
4.177634
9.222073
11.580049
9.108568
1.374977
0.773342
6.231203
2.095233
0.252622
1.602943
14.097814
77.814464
31.600579
9.018278
6.708970
4.426392
1.673655
0.352738
19.640789
1.474143
10.296726
5.745979
0.768919
1.619018
0.978592
3.242153
0.932632
71.733573
5.877245
5.344298
0.676861
4.485722
0.093882
1.186795
1.138846
2.922024
4.630790
1.056070
8.333841
2.652871
5.756107
6.148230
6.077311
1.050699
2.119866
0.372712
1.986273
0.949409
0.638224
0.944234
3.813503
1.707827
11.632078
2.481598
1.669715
6.933605
3.826254
5.138834
1.616786
7.403398
3.944900
57.106800
37.800417
0.644599
0.874792
4.872807
1.184877
1.252102
0.963950
4.263744
5.758982
11.340688
1.326649
3.152452
2.966799
18.215792
1.805259
1.698373
0.439038
2.493499
0.357944
1.445350
3.489410
1.261366
0.586533
1.819351
7.883512
1.955192
0.094845
0.853568
5.294679
1.222418
0.791200
2.150635
2.730247
2.732394
1.779581
1.436903
2.300110
2.930801
18.115488
0.561076
0.440944
0.780361
1.205061
7.357912
3.437626
2.011889
1.501666
2.189898
1.496662
25.155965
2.673026
2.921353
2.907602
13.440714
0.233744
0.819971
3.076300
4.811263
2.527729
5.554198
3.802084
15.326355
5.390905
1.991167
2.748993
1.849905
1.247268
14.297204
4.747006
1.138720
2.639553
1.935636
2.347535
0.588611
0.860388
0.622950
1.724961
2.585098
4.303338
1.128800
2.265826
1.305304
0.116563
0.075386
5.994301
1.510888
9.300168
2.162250
1.530675
1.241375
40.587662
11.595828
2.380317
5.860440
17.173562
1.162805
7.862215
2.331202
13.547791
2.565963
0.954833
0.223292
5.238697
0.156715
6.061184
3.906695
0.612487
0.530296
15.004589
0.151013
6.959713
2.147763
6.158856
0.743013
0.951037
40.882934
0.193681
1.329312
0.333175
1.767894
1.433565
2.273635
5.243783
4.060797
2.569468
3.366334
3.532767
0.423827
4.264804
5.227198
0.879993
1.230891
7.846352
3.099676
3.859611
2.037652
23.307159
21.816433
2.870659
5.360250
0.961860
1.355932
9.877249
1.216418
3.001302
2.014379
2.166269
0.486677
1.271703
0.950340
0.615307
1.367209
1.329641
2.712437
0.139228
62.334525
13.064290
4.016409
37.160340
11.216947
1.599468
1.846933
1.053391
0.154479
6.130445
0.646592
2.960223
72.782507
0.379137
0.597893
2.659571
25.795877
0.675049
0.401954
2.785912
2.994646
3.135377
0.166049
6.010815
1.328347
2.945706
3.182125
3.404260
1.615092
3.591293
0.393029
1.480694
1.269567
15.479507
0.221646
2.022429
0.125989
7.410725
1.292191
2.584311
3.598013
1.190702
4.381252
14.444205
4.023078
14.145486
15.245333
57.983593
1.239369
2.846123
5.960606
0.490937
3.189244
0.868582
0.112036
0.848609
9.434007
19.439687
5.905400
5.329624
38.814683
5.963016
0.606621
10.493299
1.901204
13.394810
5.571443
10.306817
0.212832
1.632709
2.191002
7.020210
9.656269
0.364228
0.988346
0.078630
10.381744
6.957032
1.167033
2.188194
0.222872
0.998859
15.275838
1.336448
2.839497
11.916368
0.765708
10.704992
14.974083
2.378740
6.711818
24.564188
1.037374
0.085686
5.611728
11.934091
3.315123
1.858051
0.950623
7.508866
13.041259
0.801135
32.047946
0.682733
0.472092
8.679372
6.815015
2.748118
7.245240
0.930013
8.365175
1.165912
1.938108
0.564805
2.972087
0.852618
13.011645
5.997752
0.934073
4.017342
5.576846
3.116925
36.137487
9.098314
0.224784
1.949225
1.143046
5.668525
2.289988
55.963989
1.586113
3.204786
13.229130
1.904262
7.610260
3.433736
1.498787
7.226349
11.445079
36.730710
8.333422
3.417880
0.641821
3.297238
13.228960
5.495790
4.334002
8.187208
9.674755
8.585757
3.784347
4.584851
2.232191
3.335442
2.923765
5.916007
0.281673
39.560997
2.860077
1.266850
2.968011
1.791642
1.418869
1.673186
2.969885
14.254961
0.575311
0.357410
3.319700
2.537361
0.365267
4.449344
1.727973
7.326256
0.109748
0.992403
2.066594
12.974054
1.426624
8.820385
1.791668
0.662506
3.921275
0.398189
0.514239
0.755125
0.637478
5.226942
5.552040
14.415822
6.408578
3.388560
18.256679
6.568795
1.343646
15.594173
5.826138
9.732336
1.261861
1.803197
2.139599
0.082897
1.950089
3.152526
7.621444
0.656848
5.523082
17.530657
5.898414
1.357548
2.870868
5.917751
0.966914
9.089318
3.038132
0.225135
0.812545
5.953309
0.375685
1.313898
23.525091
1.037932
0.917378
1.757893
8.676246
0.514748
5.270858
0.132505
0.815596
0.139901
0.240020
2.813175
2.804069
13.571722
1.923628
3.697354
3.105278
0.678258
12.422821
1.103285
2.129517
0.896165
72.215595
1.605894
2.173447
0.561073
1.086066
4.774712
8.459075
11.246224
4.081870
0.712525
1.202100
13.001212
0.731469
1.843038
7.740822
34.945197
1.545758
5.154713
1.827405
4.034979
5.510622
1.759588
1.122634
0.292405
9.603737
0.115202
5.725085
0.806426
0.077541
1.056328
4.301452
0.963771
1.568190
5.389498
23.062681
1.828036
0.085161
2.334319
0.088818
3.130168
17.642395
1.233716
1.929920
0.666278
3.016239
1.195844
3.694123
5.526757
3.164303
7.225726
10.155444
4.242976
3.444126
3.637595
1.534997
3.204214
3.498390
2.059028
2.120842
1.793329
1.724039
0.809835
0.199283
1.435765
2.987349
2.141628
4.359640
0.367725
2.336793
5.003679
92.591651
1.483936
10.296963
2.034748
0.890180
13.893045
11.772612
15.396905
18.274688
14.316380
5.555375
5.880337
5.335210
4.421194
4.819240
8.823881
5.540519
4.188041
5.598400
6.124327
39.649176
1.882749
3.951692
0.601945
35.510626
5.749981
0.632641
8.888753
2.981716
1.899980
5.984814
1.305551
20.455666
3.813731
6.186871
9.116337
3.394259
16.439376
1.004222
8.500522
14.398704
5.379789
5.748931
0.200159
1.077412
66.597314
1.299143
13.593443
5.699379
3.009400
0.991479
4.042313
3.239108
5.555665
1.807611
0.658521
1.440607
4.951398
9.870972
9.359321
1.621439
2.300485
0.491808
7.916058
1.303274
4.262871
17.328185
4.010333
0.502165
0.762370
2.834833
1.284908
2.113386
1.973035
2.089090
26.094479
3.371029
9.205139
4.900986
1.072222
4.905661
3.269373
4.340228
0.548693
0.226868
3.467467
0.948864
3.386462
5.349637
2.558207
3.675521
3.504487
1.516099
5.641127
1.022599
0.961548
6.401520
10.336952
1.934610
1.912244
2.959464
1.236582
0.139987
28.854580
0.525966
2.340220
2.340476
3.773405
56.909795
5.780031
3.499412
2.540572
5.502760
5.607243
1.172441
6.149730
0.918665
7.781246
1.195069
1.360405
1.528716
0.961295
2.984844
9.726836
6.203699
7.342194
1.050713
1.848661
1.470615
0.595296
0.418815
1.191666
0.725884
9.015519
0.886808
12.877062
32.870730
1.123198
13.887228
2.219826
0.088702
14.243012
5.602063
4.428964
1.779225
6.116090
30.626384
2.717170
3.730527
5.592952
5.152533
7.710762
1.710142
3.298755
1.715940
0.658687
5.025180
5.088190
9.039009
2.479030
0.585108
2.935957
5.059281
0.849917
0.785210
9.732473
5.517245
2.624691
3.581754
11.978329
6.804420
3.372136
13.096645
1.303531
0.125029
11.570258
1.216430
1.289237
2.400808
7.353866
2.297965
5.672564
1.674029
6.237283
2.176311
0.519482
1.092354
1.618500
18.600024
66.358109
5.655483
3.510377
2.951840
3.870741
35.457838
2.849328
0.223882
1.193794
4.608977
0.572086
2.695783
1.378554
0.146610
3.640540
3.396535
1.944719
2.405400
0.814918
1.414296
0.752055
2.357651
4.630181
4.548797
1.265102
1.779932
4.080331
0.620832
0.108565
0.298314
1.686835
14.863965
0.947938
5.171808
3.399849
5.238991
22.279050
14.278052
3.190517
3.723676
5.579892
0.691224
1.105580
4.612849
4.362125
6.692399
14.045597
6.647990
4.658646
2.148435
5.331574
4.787032
3.601318
14.351404
1.927626
38.471290
4.373944
3.243852
66.384349
1.821654
2.812028
3.138060
0.957526
34.040670
3.781900
5.939296
8.365213
1.355880
2.565153
1.759488
7.010302
6.721913
6.072547
0.101813
2.376635
4.533056
25.412245
1.631082
90.274454
7.897126
3.132260
1.727418
1.344702
0.732051
1.707368
1.234256
0.323200
2.123683
1.350118
20.010014
1.712547
1.861874
0.834749
5.809038
1.587391
1.738602
0.597276
5.875176
3.155432
3.191525
0.435115
3.788229
3.493424
7.856902
2.556751
0.840710
4.972501
2.475107
5.153787
7.744367
10.228362
5.544200
1.869505
1.843771
6.191790
1.905856
9.952918
2.215712
12.452041
43.024612
13.099307
4.698996
1.208241
1.730728
0.977164
2.339683
1.234077
5.794909
1.521157
9.450627
2.858414
1.163433
2.500999
1.495240
1.531055
4.887881
6.750511
10.662744
86.231312
64.179936
5.243416
0.253236
12.152156
0.102349
2.075687
1.536833
3.431505
0.617847
4.167441
0.751902
0.606486
1.258527
9.796186
1.854695
1.169168
1.298063
0.558701
0.097150
0.787888
30.432416
2.333318
7.698139
3.624760
1.092982
4.070036
2.818940
1.359844
1.484412
0.930809
0.789308
0.918021
3.593271
3.261412
1.705002
18.197222
18.145084
25.835508
1.016043
2.802434
2.947342
12.095727
18.078221
8.379594
1.132132
0.525678
0.595089
1.276527
1.241463
0.657251
10.932517
1.031569
6.822948
0.161322
7.249868
1.595919
5.989646
3.462246
0.662442
6.036658
8.686479
3.132801
8.934015
0.878477
2.615486
6.509591
0.554412
4.201080
1.002420
0.500204
1.760268
6.801288
1.167398
5.663897
7.643047
16.892961
1.977590
4.761021
4.737515
1.895655
0.090115
5.442568
0.689421
12.271114
1.863415
5.862163
1.113113
8.077874
3.106251
2.979415
5.471034
1.330006
0.332500
3.652653
1.124042
33.472496
3.137959
65.110083
5.976245
1.171905
4.709765
0.911931
34.888876
0.983779
0.216878
4.051329
4.874812
1.937133
3.203462
0.609694
2.995657
2.806840
2.454613
3.956746
8.001100
0.504125
8.036073
4.768495
1.472009
1.604311
3.727280
10.369632
5.539644
1.352074
2.982917
1.349328
6.670690
1.418463
10.069325
27.061071
55.232879
0.627580
0.893847
5.632753
1.366078
3.442963
11.528562
4.281296
6.727317
9.459942
9.013573
1.471547
2.202619
1.209490
3.294732
1.942212
10.072428
4.473555
5.403462
3.968041
4.628142
1.258541
35.303319
1.150230
0.862281
5.853628
11.357970
2.194160
2.560379
1.503411
38.932872
0.241598
2.178778
6.139982
0.758518
11.827336
4.970133
5.450293
1.560650
1.150567
7.106091
0.118315
6.356320
0.937194
7.473511
0.361894
1.133828
2.121726
1.151142
1.871070
1.470821
0.145916
3.072755
5.459942
7.914859
2.903273
3.419534
0.122056
10.920871
17.380178
3.122308
3.138657
1.731470
0.124195
6.634254
1.036454
4.325815
0.634078
3.236640
1.854874
13.373125
2.935908
0.491575
1.531983
3.599146
4.153472
2.161014
1.576421
0.228657
4.847207
5.192073
6.340344
1.596383
0.260557
1.022737
5.085791
17.366168
2.167365
0.096545
1.352340
0.610482
68.422147
8.005108
4.600974
2.993107
22.294082
8.078127
1.363441
1.611634
4.074689
0.866504
21.759992
3.476571
1.264824
40.712943
1.171671
10.023726
5.513270
1.958931
3.106734
9.718799
0.924119
1.572093
2.856851
58.062575
0.923225
0.655540
5.500392
4.588728
2.080844
3.216555
3.641234
8.528022
4.798796
2.837449
0.951039
77.500654
5.678877
3.317630
0.643014
0.567835
0.329897
19.612736
1.126035
1.442276
7.238357
0.982368
3.709144
1.412866
1.317360
9.737248
1.061064
2.077220
7.461319
1.516376
0.392008
0.534578
1.408828
3.661717
4.195792
5.821131
35.438568
5.825286
2.012536
1.318250
2.398547
14.899373
4.254021
3.760097
10.162263
1.700390
8.223064
3.808278
4.363701
10.137564
2.565811
1.886658
4.891094
0.102890
20.652742
1.263203
11.041220
0.118655
0.996312
17.108418
1.891409
0.627133
18.803044
15.948231
3.551159
16.301973
1.145604
1.105643
6.983373
16.361127
2.285360
1.414311
4.787356
3.561985
5.397156
2.925658
2.494433
4.306508
0.471095
3.640350
1.085320
1.543329
2.242353
0.078573
1.616289
2.653439
0.574070
0.092767
1.381269
2.916606
2.579653
0.782066
2.152318
1.997566
0.088868
1.729172
3.897168
0.170507
1.394765
3.498871
2.593239
1.091016
3.224060
7.999847
3.143016
1.817640
1.507842
0.955486
38.020355
8.497876
1.702853
3.083418
3.774692
5.385651
3.551042
2.709196
13.066049
4.947075
4.342933
0.640289
1.727550
6.989425
0.795058
6.227923
1.146772
5.503737
0.568374
9.637334
2.083955
2.512802
2.205274
2.961027
2.120958
13.964520
3.705414
2.086367
1.572394
0.390782
7.893974
4.520864
6.246547
1.612670
0.650049
2.098315
4.380078
7.141125
104.510432
5.239060
14.136416
0.838393
0.590618
2.062261
5.559871
2.701358
1.658623
39.165654
0.308208
37.325192
2.151449
0.621797
0.936688
1.908557
14.786684
0.756417
0.990819
3.947226
1.204132
8.206882
3.749737
1.997608
0.768227
1.406649
2.964561
0.479512
4.773374
0.875395
3.752125
35.156417
0.990835
1.056066
8.438561
5.254213
2.085638
2.406358
1.990327
4.374707
0.188213
0.657796
1.375642
2.567423
0.169214
2.287716
8.371282
1.814688
15.062058
8.715409
5.778997
0.686981
0.224136
0.699252
4.622570
0.088885
1.128499
4.768619
0.714794
1.811886
2.546889
0.882509
2.728609
5.883727
1.138093
2.805775
0.609757
0.537717
0.528478
0.076770
1.967141
7.851944
4.078168
1.472611
4.923285
5.819541
10.825475
0.845057
2.304223
1.962040
0.852710
0.699697
1.884792
3.373949
1.441429
0.486274
1.115904
0.861706
1.487719
3.600783
3.964334
0.559218
1.282270
1.343604
0.224358
3.880334
35.917228
0.289946
7.323110
1.221440
2.753943
3.671718
0.889605
8.701469
70.254043
3.828003
3.621278
4.552196
0.765932
3.721452
3.124924
0.461634
6.493917
1.630964
5.361082
0.873460
3.362409
0.806359
0.204631
2.890972
7.757992
0.173039
0.535788
66.647683
11.652847
0.696661
3.556629
5.742185
5.496757
1.123182
2.085288
6.084722
12.172212
3.612258
6.393403
1.309008
2.589217
6.471660
3.451331
20.368047
18.441284
2.581774
6.282507
1.001723
2.175859
8.055198
3.380145
41.112335
1.064794
0.759420
3.220951
1.009723
8.428673
0.787064
4.010608
5.287837
1.556594
0.170066
1.360932
2.731989
15.155881
32.646758
1.229656
2.391225
2.930551
1.529113
3.880488
1.447415
4.234309
1.900058
5.375633
2.393058
0.884874
2.678778
0.378423
1.457724
0.233559
104.188057
1.891731
3.532595
5.551572
2.491367
2.559648
1.329230
2.352281
90.765371
2.634849
3.687737
1.955210
0.994589
3.030814
1.044937
1.251210
6.377342
15.138326
4.086687
2.828611
0.600511
10.190244
1.908300
10.936342
3.126678
2.663566
15.627155
1.882864
3.395415
0.632840
1.609146
0.613213
4.492592
17.942520
0.689735
3.361693
4.496822
0.173931
6.479310
0.870245
0.376391
3.301778
4.270823
0.686298
0.925964
2.502737
0.273724
0.799469
1.665795
6.156242
1.816917
1.203422
2.448801
1.127736
3.045357
5.298994
5.633042
8.524125
3.940752
3.428066
63.550092
0.885313
1.436670
0.492640
2.223544
0.942785
4.241128
33.171029
3.335477
0.954205
0.271976
11.213946
1.435949
2.199506
3.115815
0.603382
10.899214
2.204360
1.944850
35.314362
6.402238
5.964206
2.146991
24.400134
2.937442
0.384157
9.486596
11.806255
10.836254
20.383247
8.302608
31.335824
1.013125
1.261007
7.134700
2.381538
9.433927
0.737233
11.261567
4.236809
0.604097
4.346872
3.025444
0.923988
13.895271
4.053305
31.161329
4.833320
1.159558
2.088350
2.610896
13.471622
1.083340
3.054752
3.854995
35.164122
3.840980
5.626017
0.576843
0.759046
0.731623
0.266039
3.759343
2.454539
0.806844
0.834682
5.967361
0.617510
3.228929
1.616810
6.705397
3.418795
7.704873
0.740313
27.648203
3.054717
0.225700
5.535775
1.845929
4.254493
10.585647
0.939364
0.952251
10.479424
0.815077
1.272318
1.645847
0.089234
5.813427
0.816548
2.623465
7.180998
0.962879
1.958243
6.913068
1.899975
2.687911
3.422625
9.401965
2.168355
1.875531
5.628288
6.545601
0.820971
6.220666
7.708649
0.791368
21.460930
5.981514
1.064728
1.770799
5.060525
3.950300
1.700576
3.247577
2.888894
0.356102
1.395253
2.329222
8.706355
8.398875
0.501501
3.346861
0.176516
5.441389
0.107166
9.236588
22.492625
3.762092
0.830654
2.276084
1.419169
0.924498
4.204798
3.534447
5.505782
5.028884
3.842494
1.264801
1.053598
5.137574
20.751513
0.927899
24.202825
0.734343
5.932772
1.735933
0.566721
0.322979
5.170422
0.167765
0.847348
3.005201
1.430009
3.034547
1.278501
2.399091
2.353616
5.568121
1.683286
6.579100
1.858019
1.350709
1.614900
32.769819
9.442337
0.176658
5.920826
0.458871
0.666388
23.810560
1.584998
2.442790
0.867366
1.709693
7.285394
1.222320
2.180324
4.985578
5.999795
1.258081
1.388070
1.360167
0.901180
2.991091
5.465891
0.246075
1.230226
13.138216
5.244565
0.952429
1.450727
0.097549
8.373850
4.638804
43.533622
5.898545
4.888860
35.842922
2.096874
5.372406
5.124845
5.219556
1.678162
1.236445
5.304880
0.865916
0.958803
0.269307
7.371356
3.832327
0.790699
1.865644
11.323588
3.807193
1.476125
0.618529
0.720076
17.508849
18.320447
1.495843
6.722895
4.344446
0.297953
0.861119
5.020441
68.742541
12.461288
3.672923
2.714418
3.360647
0.266968
0.957493
6.825948
3.788694
1.156160
22.612678
17.939088
0.782736
0.746420
0.634755
4.877258
4.717856
0.698947
1.128743
0.111855
12.548145
9.426535
1.145272
7.608423
0.522065
6.037934
17.313150
3.564475
4.601350
5.903043
1.250870
12.448387
0.187695
0.263571
6.081838
11.311909
0.761013
0.525817
12.832380
2.758764
3.817779
8.584678
131.844944
0.982635
4.485492
5.007277
2.169602
1.175742
1.888979
5.183700
3.464787
13.594738
6.256964
3.867144
2.967870
0.765725
1.754224
4.395009
2.058289
2.840422
1.582668
0.932292
0.247564
1.880813
4.228079
1.001051
9.756696
1.053634
1.353743
9.590115
5.483145
8.308559
1.492538
20.494972
1.191917
2.433914
0.347230
0.663045
0.151585
10.530126
5.626532
4.907614
1.810222
2.866424
1.182036
0.893595
2.755749
2.068154
1.499505
1.137246
30.132765
13.951389
9.313678
1.068271
3.458616
4.704593
5.745225
0.407128
1.345634
3.783367
0.603986
0.821860
2.315570
1.525502
3.079706
4.577395
3.203376
1.899856
0.793742
14.681890
5.254717
0.702461
2.878268
0.969463
0.529632
3.780671
1.747924
1.908917
0.133196
5.851716
8.224691
1.812191
2.905905
6.532520
0.549996
0.068481
2.826670
10.797359
3.175499
0.161052
2.439741
33.206676
3.195868
3.772705
8.057332
4.228438
